Compound	Ratio 	pValue	vip
18.32_346.8113m/z	-0.0000193	0.029385841	0.0000218
7.14_170.1165m/z	-0.001737355	0.019363611	0.0000857
10.27_327.1358n	0.0000732	0.019667962	0.0000892
0.10_61.0283m/z	-0.000822283	0.005813111	0.000242057
11.17_247.1774m/z	-0.000574383	0	0.000242151
10.05_211.0749m/z	0.26030675	0.043023784	0.000339753
8.08_406.1634m/z	0.296826948	0.12736481	0.000421251
12.10_291.1195m/z	-0.0022552	0.402546156	0.00048525
10.14_193.0856m/z	0.01301952	0.060461779	0.000498682
7.88_413.2653m/z	0.000821436	0.020244998	0.000509685
12.14_226.1218m/z	0.000634168	0.00923594	0.000681901
7.41_185.1277m/z	0.005225673	0.056789996	0.000810244
8.57_345.0910m/z	-0.180851107	0.042867009	0.000859943
10.16_599.2506m/z	0.001831146	0.109043849	0.000881486
12.27_428.2782m/z	0.009284257	0.144310673	0.000923157
9.05_382.0672m/z	0.104127262	0.479471927	0.00112245
9.85_193.0302m/z	0.006919567	0.238298384	0.00123763
11.33_363.1076n	0.167937686	0.256559226	0.00132043
13.40_778.5342m/z	0.002489233	0.057841583	0.00132759
11.81_348.1932n	0.014532154	2.132978231	0.00132891
9.15_373.1637m/z	0.517798445	0.051467229	0.00133279
9.27_187.1338m/z	0.003928289	0.057695239	0.00143677
8.39_465.0521m/z	-0.079293943	0.034968192	0.00144636
9.84_493.1334n	0.1455143	0.011125469	0.00144743
11.23_517.2391m/z	-0.058996273	0.115796178	0.0014547
12.99_472.3413m/z	-0.001944014	0.188208571	0.00148531
8.64_424.1195m/z	-1.22539473	0.1563817	0.00161578
10.31_354.0288m/z	0.138238086	0.529094337	0.00161999
11.35_294.1134m/z	0.104224973	0.7061559	0.00165652
9.61_343.1392m/z	0.01643919	0.213020137	0.00170931
1.85_161.0953m/z	-0.008947942	0.012569265	0.00176145
9.73_513.2016n	-0.031617056	0.588781107	0.00177752
11.34_379.0903m/z	1.1868683	0	0.00181828
8.74_449.1080m/z	0.025541661	0.011147303	0.00183414
9.04_153.0774m/z	0.034666261	0.056043735	0.00183974
8.60_422.1056m/z	0.047860927	0.570895609	0.00185127
8.98_269.0099m/z	0.011244219	0.106803799	0.00197595
10.27_383.1037m/z	-0.008107027	0.073262032	0.00203226
1.13_919.3067m/z	-0.003836674	0.116081471	0.00206938
1.73_334.1127m/z	0.007837841	0.009563018	0.00215716
13.00_660.4512m/z	0.003653781	0	0.0022938
6.59_407.0440m/z	0.002025297	0.170530905	0.00232003
12.07_447.3096m/z	-0.013596583	0.141053964	0.00245861
9.40_415.1675m/z	-0.13321919	0.232595507	0.00249533
10.64_391.2120m/z	-0.008312018	0.183314687	0.00252215
1.15_1215.2183m/z	0.003295517	0.11579391	0.00258281
8.50_408.0289m/z	-0.013527959	0.170217802	0.00260711
8.71_475.0300m/z	0.236688832	0.50483601	0.00264634
1.15_1003.2691m/z	-0.002804718	0.173499538	0.00265091
1.15_1207.2312m/z	-0.004724965	0.010357996	0.00267784
1.44_84.0802m/z	0.034131722	0.306480577	0.00272293
7.62_395.0961m/z	-0.021043998	0.064376367	0.00279759
18.01_337.2731m/z	0.006131798	0.023214111	0.00297749
8.67_384.0466m/z	-0.520547875	0.109584012	0.00301698
7.80_109.0291m/z	-0.010929173	0.256944365	0.0030828
1.39_138.0540m/z	0.012300545	0.305026465	0.0031567
12.02_359.0146m/z	-0.00439243	0.001576306	0.00321057
1.85_341.0169m/z	0.003864484	0.016759021	0.00339205
12.47_421.2191m/z	0.040665744	0.205813903	0.00341819
6.56_105.0691m/z	-0.00990276	0.007883647	0.00342527
10.11_209.0827m/z	0.054953247	0.056328933	0.00346458
9.75_348.2315m/z	-0.034985527	0.355675662	0.00349878
8.96_329.2104m/z	0.026380754	0.054576718	0.00352199
9.93_127.0381m/z	-0.023342301	0.994810905	0.00366348
8.21_474.0260m/z	-0.01504371	0.074994395	0.00373923
1.15_935.2814m/z	0.004139375	0.049542162	0.00374231
1.26_208.0319m/z	-0.022129049	0	0.00386881
8.36_250.0331m/z	0.01547255	0.00109232	0.00388476
1.19_290.8469m/z	-0.005807508	0.096887756	0.00395193
1.79_201.0381m/z	-0.000862587	0.019929784	0.00396132
8.73_346.0802n	-0.099033202	0.10007832	0.0039948
9.81_436.1381m/z	0.791860166	0.216006428	0.00399621
18.30_228.8620m/z	0.004587851	0.027480585	0.00406212
10.10_247.0590m/z	0.223053676	0.064553701	0.00406258
8.76_460.1789m/z	-0.321000462	0.29988237	0.0040694
7.92_209.0452m/z	0.005387151	0.078543996	0.00420618
7.94_371.1070m/z	-0.039680356	0.141525365	0.00434399
9.29_368.0872m/z	-0.085970729	0.05216648	0.00434645
10.11_179.0695m/z	-0.069757483	0.018685721	0.00437832
18.39_554.7192m/z	-0.008093301	0.062391347	0.00440366
10.55_385.0700n	3.400190022	0.067711966	0.00468092
9.57_343.1893m/z	0.294976606	0.449321682	0.00468675
11.35_250.1238m/z	-0.048368638	0.109189018	0.00486905
9.13_123.0909m/z	0.013362173	0.09937947	0.00488148
7.76_431.0973m/z	-0.065203749	0.066152468	0.00492005
1.18_396.8718m/z	-0.003552633	0.17742202	0.00499108
10.27_333.1524n	0.004009988	0.0386221	0.00502638
9.93_151.0375m/z	-0.047376381	0.774323791	0.00518058
10.29_191.1421m/z	0.037001292	0	0.00526924
9.84_88.0749m/z	-0.010393024	0.016851564	0.00531761
12.10_209.1166m/z	-0.009602717	0.361254236	0.00534326
11.08_166.0160m/z	0.01241001	0.1022987	0.00536077
10.29_288.1539m/z	-0.012896698	0.06610139	0.00536985
8.99_366.0715m/z	-0.71747779	0.569499248	0.00552791
10.55_179.1422m/z	0.014118351	0.020986401	0.00554611
12.10_251.1272m/z	0.012554736	0.316645821	0.00559987
10.05_163.0746m/z	-0.146190284	0.260492528	0.00562546
9.90_252.0125m/z	0.024157458	0.24856153	0.00572658
9.73_194.1172m/z	-0.013380527	0.06098872	0.00573268
9.84_281.9763m/z	-0.031539168	0.004328835	0.00577786
10.02_382.2578m/z	-0.050418465	0.116510046	0.00582349
12.46_366.2443m/z	-0.017461832	0.060337005	0.00585737
1.44_382.0541m/z	-0.022981962	0.404425524	0.00587153
3.77_73.0642m/z	-0.031420571	0.096311642	0.00601993
8.70_346.0800n	0.091704444	0.107491901	0.0060878
9.46_432.2172m/z	-0.120533653	0.24714674	0.00611322
8.35_391.0128m/z	-0.10434824	1.017575434	0.00613631
18.44_179.0093m/z	0.005591953	0.065631352	0.00614896
8.43_266.1509m/z	-0.013181587	0.092908028	0.00616257
18.90_195.9111m/z	0.001568435	0.005523151	0.00637764
9.81_183.1371m/z	-0.026118848	0.050918012	0.00638108
7.60_490.2846m/z	-0.020993225	0.096505764	0.00641169
7.89_345.1551m/z	-0.095200999	0.118803712	0.00646439
8.75_194.0618m/z	-0.043941231	0.23250203	0.00648339
9.86_141.0200m/z	0.011505852	0.108720743	0.00652415
9.34_270.2787m/z	-0.010035097	0	0.00655018
7.97_335.2223m/z	0.060900013	0.191789702	0.00660247
9.86_296.1276m/z	-1.10767095	0.247449905	0.00660677
1.16_1049.2436m/z	0.013810411	0.096924671	0.00661994
9.45_253.1931m/z	0.088673603	0.122916167	0.00672078
9.92_437.1503m/z	0.030272149	1.917038794	0.00681514
1.41_132.1000m/z	0.083544593	0.104748774	0.00681883
9.32_187.0969m/z	-0.019767499	0.038727968	0.00693514
8.67_371.1506n	1.265326004	0.295668422	0.00699031
11.56_197.0096m/z	0.008573472	0.096471597	0.00699743
11.32_430.0873m/z	3.648058232	0	0.0070243
9.58_356.2435m/z	0.047162549	0.002794536	0.00705998
10.16_239.1285m/z	-0.033226902	0.132558441	0.00714512
8.70_344.1420m/z	0.950075585	0.62890257	0.00722133
10.14_211.0969m/z	0.274271586	0.117712881	0.00725629
1.44_182.1015m/z	-0.031095442	0.101458555	0.00726373
9.05_200.0370m/z	-1.532434981	0	0.00734002
12.28_165.0903m/z	-0.011463937	0.032731035	0.00734879
0.85_146.8977m/z	0.004553534	0.04528967	0.00738633
11.30_133.1004m/z	-0.016480757	0.078199115	0.00750265
10.67_386.0370m/z	9.058778457	0	0.00752447
7.08_133.1002m/z	-0.087438014	0.268756229	0.00760449
9.55_123.0908m/z	-0.0145003	0.070633704	0.00768051
9.27_564.1652m/z	0.813234297	0.483842898	0.00768261
18.72_136.9088m/z	0.020725295	0.115742883	0.00772366
9.43_252.0298m/z	-0.703275783	0.512410589	0.0077903
12.20_327.0058m/z	0.036871233	0.189954417	0.00781736
8.46_170.1164m/z	-0.127469481	0.315156433	0.00788043
1.18_192.9094m/z	0.013647553	0.060532666	0.00813352
1.15_969.2750m/z	-0.008989727	0.066418575	0.00817451
9.90_283.1072m/z	-1.726086657	0.013246623	0.00817688
1.14_317.1148m/z	0.004661995	0.006343812	0.00824151
11.51_213.1160m/z	-0.014975676	0.060447802	0.00824402
6.49_122.9631m/z	0.030573891	0.177786139	0.00830621
6.86_171.1122m/z	0.091930287	0.298858748	0.00834185
9.77_308.1940m/z	-0.029661758	0.176957019	0.0083936
1.11_301.1408m/z	0.003314039	0.04505113	0.00842603
11.93_476.1820m/z	0.048882425	0.537640941	0.00858462
9.99_277.1405m/z	-0.033527705	0.092715506	0.00869173
9.54_160.9562m/z	0.12397238	0.048171627	0.00888396
1.27_120.0646m/z	-0.036243669	0.0362523	0.00889521
1.12_911.3197m/z	0.029638264	0.291030417	0.00889891
9.39_341.1232m/z	0.092814766	0.055368805	0.00897433
7.42_338.1494m/z	-1.447901261	0.560428904	0.00898289
9.81_200.1290m/z	-0.024984169	0.249049051	0.0090902
8.04_322.9817m/z	0.0150946	0.105588115	0.00914711
12.09_290.1128n	-0.009975801	0.4341392	0.00918233
9.61_480.1614m/z	-1.234243344	0.365266864	0.00920759
1.01_352.8537m/z	-0.017525797	0.025930656	0.00930629
12.92_283.1523m/z	0.039785853	0.091348801	0.00932147
6.81_284.9307m/z	-0.016147635	0.040659477	0.0093531
11.35_341.1851m/z	-2.201750844	0.301580161	0.00939203
8.41_308.1536m/z	0.00992898	0.056566824	0.00944811
8.83_369.1396m/z	-0.062672798	0.123666671	0.00949202
12.08_351.0754m/z	0.0529112	0.069338727	0.00952437
11.24_513.3051m/z	-0.064271834	0.045183154	0.00989875
10.36_151.0393m/z	0.024281007	0.072367907	0.00991108
9.48_413.2534m/z	-0.098730689	0.050631953	0.00996739
18.08_86.9754m/z	-0.018924511	0.026916964	0.0100605
7.76_929.2397m/z	-0.073077488	0	0.0101238
11.14_207.1736m/z	0.065544497	0.020280035	0.0101472
11.74_346.1157n	1.012948032	0.021792084	0.0101483
8.01_452.9377m/z	0.027471236	0.099654723	0.0101948
11.89_207.0909m/z	0.442445597	0.021109027	0.0102945
6.77_242.9426m/z	-0.023234441	0.056105998	0.0104114
1.25_74.0596m/z	0.047401111	0.130834016	0.0105456
14.94_299.1608m/z	-0.013318237	0.05225072	0.0106681
9.53_283.1659m/z	-0.082408744	0.156536117	0.0107984
0.07_133.9029m/z	-0.036260632	0.119300711	0.0108331
1.15_1181.2249m/z	0.012467903	0.032745084	0.0108549
9.96_237.1105m/z	-0.055428787	0.066141342	0.0108669
11.26_326.0151m/z	-0.039298632	0.096058545	0.0108679
10.75_483.0316m/z	0.130766284	0.11068653	0.0109117
1.16_90.9759m/z	0.012305196	0.052976257	0.0110292
10.46_414.2033n	-0.150836605	0.067715519	0.0110779
10.74_203.0001m/z	-0.094380907	0.127928263	0.0112167
11.18_264.1574m/z	-0.059980816	0.018567403	0.0112228
10.17_398.3410m/z	-0.034267663	0.039634836	0.0112798
10.05_121.0640m/z	-0.044487264	0.229124434	0.0113561
1.44_259.0139m/z	-0.068589442	0.494021581	0.0114346
10.05_305.1758m/z	-0.61154816	0.039610571	0.0114401
0.10_128.1061m/z	-0.118205775	0.187452941	0.0116651
8.98_121.0655m/z	-0.061670721	0.017089558	0.0117066
8.23_229.0077m/z	-0.105503019	0.202837755	0.0117314
11.37_223.1700m/z	0.025705562	0.020942191	0.0118214
8.22_167.0332m/z	-0.106854135	0.187580684	0.0118846
10.56_161.1314m/z	-0.031208925	0.152482865	0.0119196
11.63_431.2754m/z	0.077552243	0.910950196	0.0119876
10.42_347.2294m/z	-0.127610126	0.211129827	0.0120534
7.57_114.0907m/z	0.028037594	0.130687885	0.0121191
1.28_163.0960m/z	-0.055538226	0.170916969	0.0121619
15.47_815.5780n	0.002398496	0.067987157	0.0121826
19.12_396.0854m/z	-0.021002853	0.104573034	0.0122057
10.84_303.1955m/z	-0.118208474	0.13760383	0.01225
10.08_183.1024m/z	-0.131305204	0.080824595	0.0122999
9.00_135.1159m/z	-0.041254358	0.229910513	0.0123265
0.07_81.0694m/z	0.033957175	0.113996861	0.0125749
7.09_209.1141m/z	0.098172204	0.302023059	0.0126023
8.48_308.1752m/z	-0.15368067	0.405977808	0.0126162
12.43_349.2214m/z	-0.058980983	0.102061867	0.0128633
12.38_391.2848m/z	0.007107574	0.009460919	0.0129085
9.52_114.0906m/z	-0.026912317	0.09563073	0.0130719
7.78_175.0334m/z	-0.025931016	0.014507511	0.0131165
6.94_436.1437m/z	-0.016168565	0.099396395	0.0131787
7.83_277.0024m/z	0.168909572	0.191486545	0.0131822
8.36_147.0447m/z	-0.044098217	0.057712599	0.0133201
7.98_135.0432m/z	0.122732155	0.465264618	0.0133603
1.74_205.9864m/z	0.018708962	0	0.0133799
9.28_474.3091m/z	-0.050131728	0.170439587	0.0133905
8.07_252.0169m/z	0.17895148	0.248326822	0.0135011
7.97_446.2947m/z	-0.035524533	0.031168822	0.0135472
8.35_195.0665m/z	0.265610045	0.147474871	0.0135648
10.29_173.1314m/z	-0.056709208	0.160578521	0.0136135
8.54_213.1589m/z	-0.15590704	0.203118439	0.0136671
12.47_252.9966m/z	0.012764448	0.042640815	0.0136886
7.91_123.0447m/z	0.057435374	0.019920236	0.013764
11.39_342.1800n	-0.016954234	0.073064663	0.0138401
10.13_269.1280m/z	0.098053764	0.083305545	0.0139598
11.94_478.1958m/z	-0.09047498	0	0.0140012
1.33_158.8456m/z	0.005106557	0.029473212	0.0140602
7.28_402.2325m/z	-0.047754078	0.020866087	0.0141182
8.99_455.2021m/z	1.111577687	0.010821701	0.0141819
10.26_462.1035m/z	-0.038991453	0.012151923	0.0142283
7.94_456.0838m/z	1.202380813	0.19287443	0.0142438
9.72_529.1614m/z	-0.964864803	0.206608484	0.0143844
1.71_303.0030m/z	0.060391562	0.29804538	0.0144255
8.73_251.0577m/z	-0.072157078	0.301907287	0.0144843
11.51_270.2074m/z	0.004631096	0.050759338	0.0145901
10.03_513.2293m/z	-1.167099264	0.007592744	0.0145913
18.97_180.9088m/z	0.017775279	0.132833735	0.0145936
9.72_397.1512m/z	-0.074380957	0.480446315	0.0145965
9.69_408.2733m/z	0.031043208	0.120382936	0.0146571
9.89_462.2854m/z	0.070564404	1.735647404	0.0146736
10.31_356.0268m/z	0.582690771	0.243914144	0.0147268
7.40_243.0356m/z	0.037146797	0.099551483	0.0147636
1.73_186.1116m/z	0.076738877	0.123217713	0.0148249
11.15_397.0708n	-3.033654261	0	0.0148277
10.34_449.2124m/z	0.100102245	0.134537125	0.0148428
9.27_376.2338m/z	-0.072332759	0.723065096	0.0149571
9.92_211.1338m/z	0.138000113	0.002364645	0.0150762
9.50_336.2167m/z	-0.114447217	0.57702462	0.0151304
9.56_399.1769m/z	0.224821244	0.56985074	0.0152035
9.66_452.3008m/z	-0.059485971	0.322019131	0.0153059
7.18_361.1581m/z	0.146453235	0.188419633	0.0153469
9.15_310.0305m/z	-0.092238958	0.063799022	0.015414
8.27_407.1173n	-0.165696206	0.308400494	0.0155214
6.65_117.0564m/z	-0.047984722	0	0.0155265
10.55_151.0745m/z	-0.07812136	0.56898542	0.0155817
8.40_369.1433m/z	-0.179273498	0.522302963	0.0156331
8.87_431.2277m/z	0.026331796	0.038492056	0.0158427
12.28_225.1833m/z	-0.068652384	0.143219167	0.0158466
9.53_248.1678m/z	-0.187474008	0.204720767	0.015863
12.21_395.3025n	-0.015996015	0.107708896	0.0160047
8.54_372.1105n	-0.2042084	0.750588829	0.0160344
0.73_155.0694m/z	0.055816618	0.096766719	0.0160793
10.56_339.2672m/z	0.305273097	0.206287823	0.0161172
1.56_60.0440m/z	-0.048953431	0.23395393	0.0162185
10.27_394.1155m/z	0.023873192	0.103434103	0.0162214
7.75_411.0576m/z	0.026224043	0.202543406	0.0164318
9.57_285.1798m/z	-0.218679056	0.651691242	0.0164571
10.56_197.1530m/z	-0.025417728	0.099460826	0.0164982
14.72_355.2234m/z	0.029404403	0.066989787	0.0165095
8.09_267.9945m/z	0.083842414	0.041752995	0.016609
11.30_95.0849m/z	-0.03138231	0.123543709	0.0167747
10.78_377.1929m/z	0.10076779	0.323889193	0.0167941
10.27_327.1530m/z	-0.016634416	0.035638056	0.0168043
8.96_321.0434m/z	0.094928062	0.015987845	0.0168823
8.42_294.1100n	0.28772267	1.442382133	0.0169674
11.21_561.2306m/z	-0.154796731	0.150732339	0.0170891
10.72_368.1878m/z	-0.361335047	0.284181271	0.0171569
13.06_239.1653m/z	-0.012890611	0.116122323	0.0171827
9.32_143.1074m/z	-0.043460635	0.148695166	0.0172576
1.45_263.9920m/z	-0.094918469	0.380055618	0.0172956
9.55_162.9534m/z	-0.105705607	0.080997262	0.0173186
8.47_417.1186m/z	-0.090453555	0.186463044	0.0174562
12.62_390.2384m/z	-0.04040872	0.040484483	0.0175847
12.43_401.1841m/z	0.03299293	0.187693074	0.0176948
1.80_170.0954m/z	-0.060347586	0.17032643	0.0178062
3.59_262.1639m/z	-0.081592081	0.188417622	0.0178596
9.15_342.1265m/z	-0.826070294	0.689610481	0.0179057
10.10_179.0715m/z	0.674833383	0.363662578	0.0179485
9.03_315.1333m/z	0.083265073	0.206242433	0.018154
11.32_526.4298m/z	0.057141114	0.137811355	0.0181768
11.31_317.1010n	-2.622817641	0.057646634	0.0182294
10.22_467.2640m/z	0.05092083	0.402652608	0.0183336
11.35_243.1960m/z	-0.07505417	0.003163604	0.0185362
10.56_194.0085m/z	-0.235435199	0.022279138	0.0185566
11.76_426.9663m/z	0.027259837	0.121343801	0.0185628
6.91_342.2110m/z	-0.112292059	0.070559105	0.018607
9.02_483.2589m/z	-0.083717535	0.022336743	0.0186141
11.36_299.1154n	-2.652210213	0.50840161	0.0186499
0.46_155.0695m/z	-0.063086167	0.243131215	0.0188313
10.28_497.2751m/z	0.032596203	0.121228385	0.0188521
9.05_229.9965m/z	-0.148074083	0.299783624	0.0188727
9.33_229.1425m/z	0.161510227	0.211073337	0.0189691
18.09_59.9999n	-0.009698608	0.016702602	0.0190162
7.43_527.0475m/z	-0.158376562	0.061900763	0.0190648
11.24_453.2736m/z	2.966252897	0.123355005	0.0190654
6.08_131.0482m/z	0.086956058	0.155632188	0.0191516
0.13_208.9429m/z	-0.087428856	0.193662623	0.0191653
7.25_185.1276m/z	-0.077864417	0.307653733	0.0191854
16.29_429.3175m/z	0.010144226	0.026916502	0.0192267
15.55_638.2971m/z	-0.032862352	0.058980782	0.0192466
18.06_799.5436m/z	-0.031444514	0.087560585	0.0192734
9.93_409.2222m/z	-0.056339822	0.182956494	0.0193872
8.13_198.1271m/z	-0.05072617	0.276098769	0.0193962
1.24_180.0026m/z	-0.145724879	0.244332436	0.0195625
1.73_158.1168m/z	0.178042391	0.182705075	0.0195727
8.48_208.1550m/z	-0.037129953	0.164348105	0.0196311
8.93_562.2379n	0.021655284	0	0.0196568
10.54_247.1323m/z	-0.11172154	0.651251332	0.0197149
8.39_330.0848n	-2.852995373	0.430688137	0.0197247
10.83_649.3955m/z	0.120860133	0.065917357	0.0197731
6.61_304.0135n	-0.008729134	0.066417562	0.0199145
10.18_223.1321m/z	-0.241760417	0.439249534	0.0200363
1.15_1037.2627m/z	0.023121226	0.130084512	0.0201138
11.09_305.0813m/z	-0.033630977	0.11221509	0.020163
9.44_361.1091n	-0.147454596	0.393264034	0.0202719
8.70_422.0483n	4.667627071	0	0.0202766
9.01_153.1265m/z	-0.06360429	0.449699474	0.0203061
10.03_282.1332m/z	0.251803974	0.106936554	0.0203673
8.39_398.0720n	1.935729323	0.11612289	0.0205797
8.95_558.2897m/z	0.085013748	0.155272509	0.0206027
8.70_430.0499m/z	2.662498157	0.07400348	0.0206145
8.30_309.2030m/z	-0.036510811	0.144395448	0.0206269
10.31_137.1321m/z	-0.105982621	0.315333238	0.0206474
7.38_381.0271n	-0.067902344	0.098877474	0.0206662
8.71_298.0719m/z	0.874859971	1.163710072	0.0206762
7.41_291.9879m/z	-0.039496093	0.139162692	0.0207488
9.21_246.0753m/z	-0.062825845	0.176097556	0.0208006
9.28_461.1070m/z	1.419165874	0.028274314	0.0208332
11.34_639.4114m/z	-0.123053594	0.254888498	0.021031
11.50_285.1229m/z	0.176820779	0.205749033	0.0211104
8.95_366.2038n	-0.100584312	0.6171602	0.0211195
7.30_413.2651m/z	-0.060186808	0.183221303	0.0211687
9.87_250.1446m/z	-0.019330237	0.025341418	0.0211827
9.90_199.0247m/z	-0.183914093	0.78293476	0.0211921
10.27_256.1555m/z	-0.053208309	0.278849156	0.021418
2.83_124.9659m/z	-0.089045094	0.298487277	0.0214834
10.17_293.1384m/z	-0.123238595	0.142891947	0.0215427
8.38_348.0035m/z	0.094837933	0.454057373	0.0215627
7.39_401.0051m/z	0.029893027	0.492948723	0.0217035
11.37_388.3049m/z	-0.043677794	0	0.0217182
9.35_251.1251m/z	-0.093542077	0.286674134	0.0217948
1.44_130.0855m/z	-0.155552183	0.369911964	0.0220058
8.66_140.1064m/z	0.631337361	0.204363951	0.0221387
11.29_255.1212m/z	0.040359374	0.107273347	0.0222525
8.73_423.0747m/z	-0.225761397	0.228527905	0.0223019
11.75_289.2154m/z	0.154756971	0.744606874	0.022305
12.09_223.1337m/z	-0.029817471	0.473677526	0.0223277
13.05_307.1524m/z	-0.069491846	0.099219532	0.0223733
8.71_302.0898n	-1.812903619	0.565744156	0.0224364
13.18_576.2015m/z	-0.037360325	0.003841336	0.0224553
9.04_467.0443m/z	1.759225755	0.055431958	0.0224992
10.41_171.1389m/z	0.044629576	0.192058603	0.0229882
9.87_249.1129m/z	-0.063329755	0.429574989	0.0231827
11.32_498.0741m/z	-4.974104975	0	0.0232379
12.23_277.2156m/z	-0.155443723	0.568967713	0.0232528
12.08_425.0797m/z	-0.11114831	1.002624102	0.023284
10.30_227.1632m/z	-0.082207531	0.3815586	0.0233612
11.30_412.0569m/z	1.275616712	0.279536383	0.0233779
12.15_265.1811m/z	-0.111201939	0.800009096	0.0234154
7.38_432.0335m/z	-0.077724339	0.221892181	0.0235304
8.22_312.9874m/z	-0.158213912	0.25842456	0.0235718
6.96_171.1002m/z	-0.16387418	0.789042417	0.0235735
1.16_879.2749m/z	-0.039834653	0	0.023579
8.71_549.0340m/z	1.243641281	0.621918395	0.0241638
6.70_310.9297m/z	-0.082102277	0.108929981	0.024175
8.99_443.1744m/z	-0.060622026	0.14131726	0.0241974
9.76_478.2047m/z	-0.392979923	0.020078948	0.0242656
10.02_133.0640m/z	-0.374793035	0.149917059	0.0243923
1.13_987.2942m/z	0.052439506	0.08565843	0.0245933
10.27_264.1582m/z	-0.014504778	0.019851585	0.0247964
13.18_219.1736m/z	-0.056394271	0.342548297	0.0248427
9.25_169.1209m/z	-0.128473099	0.785996424	0.0248486
19.80_128.9496m/z	-0.090477622	0.295026306	0.0248498
7.51_375.9954m/z	-0.193000653	0.041901238	0.024861
10.25_155.1058m/z	-0.044800835	0.361545688	0.0248632
13.41_337.2731m/z	0.058046465	0.116029843	0.0248645
10.08_428.2759m/z	-0.321185193	0.006606099	0.024963
4.30_170.0949m/z	-0.153620807	0.538345431	0.0250261
8.74_271.1647m/z	-0.15670421	0.952834207	0.0250805
1.18_1050.6914m/z	0.015179135	0.017431648	0.0250895
1.15_1044.2739n	0.053762412	0.163109013	0.0253676
6.56_250.1450m/z	0.022819694	0.156749153	0.0253693
6.07_149.0580m/z	0.101677892	0.31636679	0.0254515
9.61_203.0615m/z	0.117580243	0.79324966	0.0254724
8.96_347.2210m/z	0.054534113	0.10936105	0.0255912
12.27_237.1494m/z	0.072596762	0.040594621	0.0256588
10.55_167.9927m/z	-0.23282887	0.011083588	0.0256831
1.73_363.0236m/z	-0.119999523	0	0.0257208
18.93_128.9499m/z	-0.009822301	0.041820415	0.02582
12.75_498.2616m/z	-0.017133537	0.066256159	0.0258267
11.84_175.1474m/z	-0.093182988	0.118401387	0.0259131
9.30_299.1381m/z	-0.15029009	0.12017899	0.0259718
9.96_169.1231m/z	-0.068581826	0.158968565	0.0260678
1.39_90.0542m/z	0.124115439	0.188131542	0.0261255
10.26_627.3750m/z	-0.026819477	0.066053858	0.0261755
8.17_345.1549m/z	-1.340428972	0.049120335	0.0263238
8.51_160.0749m/z	0.122093068	0.339143056	0.0263847
1.68_133.9033m/z	0.06763575	0.284370143	0.0264301
12.44_413.2124m/z	0.097471733	0.01781473	0.0264657
10.11_161.0592m/z	-1.060907446	0.601070927	0.0264717
10.00_236.1289m/z	0.201133529	0.108485958	0.0265153
0.08_161.9253m/z	0.046682251	0.103777013	0.0267564
1.36_87.0433m/z	-0.351241371	0.30450519	0.0267578
1.15_1113.2371m/z	-0.026962321	0.017215156	0.0267717
12.03_348.2009m/z	-0.029702956	0.069466624	0.0267999
9.63_261.0152m/z	-1.500960781	0.095262281	0.0268551
11.74_303.1445m/z	-0.947719215	0.035599872	0.0268939
9.03_259.0959m/z	-2.034696587	0.01880906	0.0269902
10.81_410.2869m/z	-0.10288698	0.205970191	0.0270576
12.38_527.2591m/z	0.110205105	0.058394663	0.0270621
9.89_167.0345m/z	0.135338901	0.60895192	0.0270623
11.45_464.3358m/z	0.153372642	0.31505774	0.0271267
13.40_368.1475m/z	-0.044566029	0.011195874	0.0271517
1.19_632.7842m/z	-0.034703371	0.123652814	0.0272029
9.33_518.3340m/z	-0.071426445	0.184059163	0.0272618
8.65_327.2351m/z	3.285204719	0.186341633	0.0273739
7.70_319.1646m/z	0.1527228	0.170429299	0.0273981
7.61_139.0745m/z	0.761535854	0.069994407	0.0274636
9.47_281.0098m/z	-0.166075549	0.085487602	0.0275213
1.27_105.0695m/z	-0.213523439	1.224436879	0.027529
10.62_399.3449m/z	-0.057587869	0.18821393	0.0275721
11.12_679.3680m/z	-0.08535724	0.1592887	0.027578
11.62_627.5351m/z	0.125315155	0.36884958	0.0275873
18.08_69.9939m/z	0.022484077	0.096695633	0.0280397
10.47_460.2678m/z	-4.338890999	0.300663606	0.0281784
9.12_161.0238m/z	0.332199913	0.380088962	0.0282295
11.30_389.2686m/z	0.080448068	0.429067304	0.0283405
2.77_259.1898m/z	-0.132288813	0.43193328	0.0285336
8.40_376.1406m/z	0.047621539	0.161431088	0.0285766
10.40_188.0924m/z	0.187245511	0.622216724	0.0288119
1.12_787.3253m/z	0.227669687	0.071585711	0.0288171
11.74_213.1860m/z	-0.141033106	0.305565043	0.0288436
7.00_713.2335m/z	0.079373677	0.178153836	0.0288518
3.64_259.1897m/z	-0.143054191	0.409155937	0.0289392
7.46_160.1324m/z	-0.195542225	0.985866046	0.0289411
7.68_342.2243m/z	0.090820937	0.217425622	0.0290531
7.75_569.1203m/z	0.057897526	0.114303575	0.0290773
11.62_438.2970m/z	-0.31319583	0.187956102	0.0290869
12.02_357.0179m/z	-0.044388563	0.21558885	0.0291503
12.40_420.3097m/z	-0.083362515	0.096653312	0.0294522
10.27_401.1393n	-0.029758125	0.02404781	0.0294591
12.43_479.1882m/z	-0.065131414	0.392053055	0.0294748
13.19_544.2647m/z	-0.02525701	0.017479572	0.0296242
1.12_979.3069m/z	-0.125422818	0.254770577	0.0298714
9.82_454.1484m/z	1.733661699	0.295634106	0.0299071
9.78_498.2882m/z	-0.071634309	0.05639816	0.0300337
9.46_266.1722m/z	0.099481272	0.607229205	0.0302932
11.41_218.0104m/z	-0.011927689	0.022680248	0.030578
12.47_250.9995m/z	0.024465021	0.126820698	0.0306247
10.08_163.1228m/z	-0.157369074	0.800683726	0.0307469
9.09_269.1506m/z	0.265144388	0.443919529	0.0307832
14.08_609.3211m/z	-0.006758141	0.046266396	0.0307909
6.65_144.0800m/z	-0.019933041	0.097558682	0.0308885
11.70_395.2989m/z	-0.15917555	0.594576795	0.0309929
9.15_372.0006m/z	-0.20734225	0.001493498	0.0310343
9.37_562.3605m/z	-0.062682641	0.230007121	0.0311576
10.44_401.0867m/z	-0.080729521	0.01022325	0.031214
10.68_629.2375m/z	-0.100546654	0.176140554	0.0314254
10.64_625.3581m/z	0.061063531	0.246143582	0.0314536
10.54_264.1350m/z	-0.230700556	1.027860597	0.0315999
5.59_103.0535m/z	0.044618213	0.163320238	0.0316354
1.39_132.0762m/z	-0.033022274	0.134711208	0.0316882
11.30_211.1688m/z	-0.010225944	0.050938034	0.0318646
1.16_837.2941m/z	0.074633934	0.234213762	0.0320576
10.22_431.1351m/z	-1.348427402	0.112645494	0.0320769
8.27_121.0277m/z	0.215984916	0.386017663	0.0321987
11.34_225.0716m/z	0.175222249	0.543403214	0.0321996
10.91_212.0209m/z	0.101211785	0.525434109	0.0322358
11.85_271.2625m/z	-0.025127124	0.112009884	0.0322402
1.16_400.9088m/z	0.004000513	0.074812231	0.0325302
1.18_884.7142m/z	-0.071502813	0.009134361	0.0325707
10.52_219.1390m/z	0.118249769	0.056577213	0.0326215
18.12_196.9062m/z	0.065188454	0.117239311	0.0326409
11.76_269.0775m/z	0.441813315	0.555265255	0.0326909
9.89_366.0707m/z	-1.614165022	0.305372868	0.0326986
12.21_193.1213m/z	-0.130176175	0.365317219	0.0327575
7.87_283.0069m/z	-0.185859867	0.060512697	0.032931
9.15_566.2211m/z	1.272760761	1.135367903	0.0329533
1.17_1013.7252m/z	0.058939289	0.017370622	0.0330877
13.91_457.3479m/z	0.155012914	0.784106112	0.0331711
9.55_615.1836m/z	0.563629999	0.42797924	0.0331846
9.81_268.1164m/z	0.399079795	0.340960876	0.0332106
8.09_148.0385m/z	-0.099185811	0.187987569	0.0332112
13.19_337.2732m/z	-0.053577682	0.099094571	0.0332132
10.03_157.0842m/z	-0.087442396	0.452486196	0.033253
8.67_374.1558m/z	-0.482662269	1.170408723	0.0333248
9.64_111.0433m/z	-0.317349575	2.478686664	0.0333656
9.06_311.2075n	0.280253122	0.093757107	0.0335385
10.26_300.1351m/z	0.058944458	0.114738317	0.0335775
12.08_357.0925m/z	-0.06324217	0.570249334	0.0336313
8.64_135.1157m/z	-0.148228545	0.88615354	0.033645
1.73_269.0735m/z	0.2110273	0.923261278	0.0338024
8.98_201.0226m/z	-0.026620133	0.069328538	0.0338119
7.75_501.1323m/z	-0.053988754	0.071745009	0.0339826
9.65_430.2929m/z	-0.240069875	0.054375353	0.033983
9.83_528.2919m/z	-0.102784008	0.011147748	0.0340327
1.76_312.9851m/z	0.115643671	0.343280999	0.0340943
8.72_159.0308m/z	0.174074927	0.720684466	0.0341153
13.40_534.2113m/z	0.12209033	0.234716	0.0341258
10.68_347.2209m/z	0.120176384	0.317922646	0.0341732
11.48_389.2694m/z	0.073042558	0.099827391	0.034288
18.79_186.9553m/z	0.075438784	0.358433686	0.0343091
8.09_442.9804m/z	0.150679646	0.187515805	0.0343858
1.13_885.3132m/z	0.062744766	0.191922781	0.0344385
9.68_345.2050m/z	-0.291318673	0.330655221	0.0345301
0.32_159.8931m/z	0.018197028	0.130472591	0.0346245
9.20_322.1798m/z	1.509263231	0.996642884	0.0346649
7.64_548.3623m/z	-0.100010977	0.147271822	0.0347201
8.52_188.0698m/z	0.112471975	0.379747316	0.0348115
10.26_181.1595m/z	-0.098665439	0.419354385	0.0348384
18.60_413.2652m/z	-0.057009182	0.316519784	0.0350157
11.43_270.2788m/z	0.152852968	0.823145055	0.0353395
11.24_420.0367m/z	-0.804197885	0.647468257	0.0353615
8.02_153.1264m/z	-0.11957719	1.006795308	0.0353883
0.09_146.9381m/z	0.008256136	0.010354438	0.0354102
9.65_193.1575m/z	-0.114195799	1.153813247	0.0354658
1.11_541.1192m/z	0.126895191	0.1461911	0.0355377
8.09_135.0434m/z	0.273325175	2.343145079	0.0356325
12.60_97.9992m/z	0.308819314	0.750662201	0.0356527
9.12_568.2945m/z	0.245535192	0.081227591	0.0357393
1.16_1117.2311m/z	0.093858956	0.028389743	0.0359123
13.22_380.0683m/z	2.13789717	0	0.0361319
13.06_390.2772n	0.157633195	0.066102907	0.0361884
11.31_153.1267m/z	0.127307129	0.430440004	0.0365764
1.14_803.3000m/z	0.100915078	0.324595642	0.0366028
8.43_228.1957m/z	0.135963182	0.733342687	0.0366385
11.45_270.1710m/z	-0.085432252	0.010535498	0.0366718
9.98_398.0621m/z	1.21588544	1.179596224	0.0367212
11.59_417.3178m/z	-0.101785284	0.141175974	0.0367733
9.27_511.2539m/z	0.291769281	0.002425782	0.0369009
8.06_466.0562m/z	0.449432805	0.000206339	0.0373645
12.02_465.2837m/z	0.259183879	0.060787857	0.0374369
10.40_465.1356m/z	-0.091118372	0.476314651	0.0375954
10.29_181.1581m/z	-0.068271913	0.81830787	0.0376719
10.31_225.0401m/z	-0.167180909	0.285587246	0.0376854
9.81_337.1303n	-1.091958335	1.111625595	0.037703
12.10_369.1941m/z	-0.577930763	0.216576696	0.0377485
11.24_337.0739m/z	-1.207356485	0.682473601	0.0379205
9.06_549.0699m/z	0.147259434	0.761740568	0.0379346
12.65_449.3475m/z	-0.116902763	0.199846083	0.0379514
1.13_1089.2753m/z	0.113045096	0.021140943	0.0379516
10.27_273.1584m/z	-0.077749456	0.362277175	0.0380225
12.03_577.1321m/z	-0.130779618	0.277540488	0.0380365
9.40_191.0696m/z	-0.580991032	0.291844347	0.0381058
9.72_221.0807m/z	-0.342260771	0.317006126	0.0381466
7.16_130.1582m/z	-0.0711147	0.145142178	0.0382549
9.90_304.9131m/z	0.069794551	0.299533393	0.038288
13.19_500.2732m/z	-0.09882764	0.160276278	0.0383428
13.49_391.2851m/z	-0.012969828	0.041200162	0.0384249
10.57_433.3129m/z	0.231148834	0.29915702	0.0385354
8.96_365.2315m/z	0.130616171	0.761911223	0.0388921
8.37_203.1047m/z	-1.505551577	0.20489476	0.0389231
15.31_149.0220m/z	0.007491567	0.057196552	0.0390116
11.04_261.1091m/z	-0.059154311	0.260504396	0.0391768
1.14_817.3259m/z	-0.075046847	0.004093785	0.0392377
11.67_321.2569m/z	0.923462298	0.410098408	0.039328
9.94_421.1530m/z	2.297939162	0.022562209	0.0396174
1.73_466.0154m/z	0.405282222	0.44938768	0.0399411
18.07_278.8962m/z	0.05737641	0.305541345	0.039955
7.00_257.9688m/z	-0.036443083	0.213020137	0.0399726
1.26_99.0795m/z	-0.358785195	2.10135324	0.040039
10.74_456.1642m/z	-0.1735729	0.622167595	0.0400643
12.40_375.2883m/z	0.32602443	0.519004796	0.040131
10.05_135.0797m/z	0.604145868	2.825291998	0.0401681
1.15_1109.2439m/z	0.136570689	0.023161428	0.0401915
8.78_462.1927m/z	2.43208123	0.377671977	0.040228
8.39_414.0549m/z	2.705430818	0.035526812	0.0403136
1.16_845.2809m/z	-0.075874822	0.073104746	0.0403455
1.11_309.2029m/z	0.109876228	0.402122799	0.0403899
14.40_574.3113m/z	-0.123734266	0.071479716	0.0404475
9.15_264.0248m/z	-0.422708865	0.008439026	0.0404866
10.10_302.1713m/z	-0.464615154	1.75291832	0.0404935
6.94_276.0005m/z	0.499934205	0.415336396	0.0405599
8.69_440.0886m/z	-3.981575588	0.130049355	0.040578
8.81_264.9650m/z	0.08904996	0.32379948	0.040825
1.22_860.3166m/z	0.030321168	0.37660907	0.0408275
9.83_464.2817m/z	-0.339088763	0.021620876	0.0409815
7.94_439.0939m/z	0.453770045	0.663870616	0.0409916
7.70_309.2030m/z	0.056359309	0.358803609	0.0410835
18.17_72.0438m/z	-0.1687057	0.762388409	0.0412117
11.61_488.3360m/z	0.638869013	0.436051647	0.0412556
1.11_185.1141m/z	-0.089088104	0.216377231	0.0412823
9.15_378.0173m/z	-0.220161747	0.01912573	0.0414444
8.83_165.0553m/z	-0.370186776	0.658221342	0.0415217
7.83_402.2688m/z	-0.118517894	0.192329699	0.0415716
7.36_462.9708m/z	-0.08345354	0.329243131	0.0415751
1.15_1029.2751m/z	0.064425202	0.081091996	0.0416098
12.47_374.0621m/z	0.031612365	0.160268112	0.0416256
9.39_366.2420m/z	-0.381047076	0.717645297	0.041724
8.09_489.1323m/z	0.420700478	0.018159203	0.0418162
6.98_240.9784m/z	0.115802534	0.231161445	0.0420284
9.24_513.1669m/z	-3.035823367	0.066149939	0.0420765
9.15_304.0134m/z	-0.217170074	0.118605071	0.0421214
18.72_554.7310m/z	0.056849451	0.301269792	0.0422155
12.93_337.2340m/z	-0.278582032	2.101082938	0.0422271
9.18_315.2312m/z	0.352901045	0.853394503	0.0423129
12.23_232.1325m/z	0.14819993	0.365917906	0.0426771
10.27_514.1245m/z	-0.09094371	0.176521206	0.0427053
9.51_339.1085m/z	-0.83149318	0.013964504	0.0427782
6.69_126.0905m/z	-0.834386345	0.039853756	0.0427845
1.44_226.0382n	-0.136714446	0.292408535	0.0429285
1.12_855.3132m/z	0.258914091	0.4165609	0.0430718
1.36_197.1926m/z	-0.050292547	0	0.0432171
11.35_313.1189m/z	-0.109910754	0.190577665	0.0432828
6.63_144.0448m/z	-0.062612649	0.108966259	0.0434047
10.30_160.9992m/z	0.020409201	0.174643998	0.0434474
9.08_299.1385m/z	0.178518186	0.209197088	0.043509
11.27_370.2035m/z	-0.447444682	0.506424852	0.0435815
10.38_283.2417m/z	-0.442582219	0.930413295	0.0436009
9.17_176.0698m/z	-0.119107071	0.134813677	0.0436851
10.04_351.1629m/z	0.130571308	0.578591879	0.0436911
9.41_353.0959m/z	-0.897202323	0.156202446	0.043693
8.71_481.0468m/z	1.774961382	0.179998322	0.0436985
1.79_307.0346m/z	-0.019354089	0.009389907	0.0437853
11.41_211.1335m/z	-0.071053861	0.231803817	0.0438885
18.07_208.8691m/z	-0.068119703	0.219124873	0.0439948
13.20_624.2036m/z	-0.092800037	0.007639152	0.0440733
11.35_283.1205n	-0.305434174	0.457601611	0.0440836
11.51_211.0360m/z	-0.228930435	0.638863585	0.0443027
9.30_331.1280m/z	0.286106277	0.414748008	0.0443953
7.61_156.1010m/z	1.386899359	0.294678639	0.0445675
10.05_347.0228m/z	0.826903753	1.065231966	0.0446209
13.12_392.3115m/z	-0.259910118	0.269802559	0.0446755
13.19_479.2953m/z	-0.064163708	0.09178422	0.044709
11.14_383.3298m/z	0.236172994	0.855665577	0.0447186
1.73_451.0499m/z	0.345633495	0.682141333	0.0448597
1.33_146.0804m/z	0.571999633	0.481796758	0.0448689
10.95_241.1803m/z	0.203435644	0.802182077	0.0449513
1.37_146.8651m/z	-0.028376658	0.027015395	0.0450198
7.52_458.2715n	-0.081654478	0.114291709	0.0451109
12.99_492.3096m/z	-0.193713441	0.518765252	0.0451729
10.03_599.2001m/z	3.17093893	0.073182354	0.0452028
1.25_60.0804m/z	0.276780388	0.216180002	0.0452521
10.04_435.0741m/z	-0.484483251	0.084338506	0.045366
9.11_456.2215m/z	-0.560910865	0.546800954	0.0454779
9.27_459.0923m/z	3.675853809	0.394868491	0.045505
1.44_187.0571m/z	-0.066070628	0.294491221	0.0456863
2.66_96.9687m/z	-0.133618024	0.055197154	0.0458229
9.83_308.0619n	0.568908294	0.045034269	0.0459477
9.07_213.0552m/z	-0.107640588	0.313814344	0.0459707
11.30_151.1473m/z	-0.08418422	0.487477027	0.0460383
9.71_168.0420m/z	-0.607664704	0.767029288	0.0461682
18.29_184.8839m/z	-0.093324845	1.039656723	0.0461905
7.35_132.0452m/z	-0.143461284	0.438873562	0.0463448
18.36_420.7866m/z	-0.088701369	0.506574017	0.0463606
10.63_611.3434m/z	0.116723945	0.295823735	0.0466011
1.14_821.3197m/z	0.293174291	0.119018437	0.0466989
18.09_115.9630m/z	0.132402402	0.283662712	0.0468484
12.31_433.3300m/z	-0.236379116	0.54658686	0.0468698
6.41_232.1538m/z	-0.078008085	0.428232956	0.0470132
11.60_611.2420m/z	0.392934135	1.28943418	0.0470459
8.65_348.2135m/z	1.276544564	2.170309073	0.0470622
18.29_314.7833m/z	-0.045306915	0.161325921	0.0470945
10.43_369.0918m/z	-2.624047058	0.481870515	0.0471091
1.16_973.2689m/z	0.114925714	0.176715572	0.047149
6.25_234.1236m/z	-0.714869969	0.365547922	0.0471493
10.64_454.2915m/z	0.531358317	0.424131216	0.0472958
8.44_408.0902n	0.231889346	0.118852815	0.0474186
1.77_136.0385m/z	0.60081989	0.160667161	0.0474436
8.94_416.3148m/z	-1.387842044	0.532277972	0.0474612
1.12_766.8576m/z	0.058728698	0.165761191	0.0475042
9.71_502.1708m/z	-1.225159046	0.065542455	0.0475079
11.59_309.2032m/z	-0.092603953	1.216169285	0.0475429
7.71_146.0593m/z	1.28207976	0.020285496	0.0477766
7.41_485.0627m/z	0.117544831	0.21876681	0.0479249
7.98_208.1325m/z	-0.286076059	0.787261218	0.0479568
6.59_465.9738m/z	0.1081256	0.580703624	0.0480119
8.70_414.0669n	0.365695936	1.081919838	0.0482074
10.68_405.1579m/z	5.564779138	0.983928183	0.0483283
8.34_262.1774m/z	0.192422132	0.13679138	0.0485076
11.90_394.2963m/z	0.035767662	0.068578746	0.0485205
11.43_265.1427m/z	0.049815359	0.233485284	0.0485836
6.61_294.0591n	-0.017709146	0.017496301	0.0488382
8.88_299.1370m/z	0.157343994	0.401381276	0.0490788
12.17_343.2631m/z	0.216709643	0.750324792	0.0491075
1.15_931.2879m/z	0.165467545	0.170368217	0.0491461
9.87_359.0801m/z	0.238162115	0.02120843	0.049292
13.73_526.2924m/z	-0.021623146	0.001359731	0.0493444
9.03_435.1273m/z	-1.8225018	0.072229921	0.0494103
8.72_337.1376m/z	-0.176581231	1.315350294	0.0495313
1.70_115.0495m/z	-0.514605093	1.427867559	0.049677
1.14_859.3062m/z	0.065772434	0.298960743	0.0496864
12.24_295.2263m/z	-0.379787581	1.894394451	0.0498409
10.00_149.0604m/z	-0.571895951	0.232876058	0.0501782
10.06_409.2704m/z	0.086048001	0.119188693	0.050192
1.18_842.7333m/z	-0.095081332	0.107500245	0.0502717
12.52_277.2174m/z	-0.133792596	0.066102907	0.0503348
18.08_148.9382m/z	0.111717629	0.501008896	0.0503705
18.33_200.8641m/z	-0.052403397	0.281291593	0.0503839
18.84_396.0853m/z	0.036342102	0.196151786	0.050428
1.07_359.8705m/z	0.039125625	0.051148071	0.0505987
6.39_185.1277m/z	0.052735166	0.137484607	0.0506803
10.39_317.1142m/z	0.123636858	0.270586534	0.0507709
13.47_910.6243m/z	-0.046107205	0	0.0507908
1.75_95.0484m/z	0.202531704	0.816633341	0.050821
7.19_370.2195n	-0.103324682	0.067883559	0.0508233
18.10_187.9414m/z	0.137959267	0.686837498	0.0508876
1.81_146.9824m/z	0.050775061	0.177069305	0.050972
16.63_279.2319m/z	0.030005196	0.099450451	0.0510066
12.46_247.2412m/z	-0.405001115	0.770023951	0.051261
11.24_345.2823m/z	-0.291103889	0.326938524	0.0513758
7.77_212.1183m/z	0.218772247	1.550793216	0.0514591
7.31_233.1544m/z	0.105059428	0.358102708	0.0515963
1.67_155.9732m/z	-0.289205438	0.786052146	0.0516852
11.21_421.3452m/z	0.912883036	0.568893672	0.0519514
8.29_469.1058m/z	0.665785152	0.543309127	0.0520615
8.23_401.2614m/z	0.194687326	0.91897331	0.0521633
1.16_921.2557m/z	-0.091103502	0.305512384	0.0526258
18.06_272.9580m/z	0.147868721	0.102602211	0.0526926
13.29_571.3253m/z	-0.206864458	0.295275667	0.0527852
1.15_829.3067m/z	0.18862844	0.09644882	0.0528921
11.50_292.1898m/z	0.112641212	0.41603763	0.0531169
9.66_461.1084m/z	0.549936715	0.152045034	0.0534562
11.02_448.3060m/z	-0.104873709	0.063350562	0.05348
1.74_113.0340m/z	-0.167708952	0.25684236	0.0535066
1.11_1032.7575m/z	-0.100961829	0.392821727	0.0535669
8.40_388.1872m/z	-0.230068237	0.481549235	0.0535908
8.91_593.3335m/z	0.267475103	0.278860711	0.0536418
16.28_239.1480m/z	0.029775582	0.134895433	0.0537593
10.09_435.0653n	4.324568969	0	0.0538449
11.83_172.1688m/z	-0.240471036	0.418571489	0.0540191
10.17_448.3059m/z	-0.20654887	0.279772042	0.0540767
10.27_342.1006m/z	-0.071430467	0.365676927	0.054098
11.83_272.1112m/z	0.345292122	0.080312231	0.0542783
8.37_345.1139n	0.270547653	0.064461498	0.0543247
18.55_178.9773m/z	0.064455213	0.372413979	0.0543975
11.74_225.1953m/z	-0.118271288	0.409838327	0.0544897
11.18_208.1697m/z	-0.219126997	1.141365969	0.0544906
12.31_270.3152m/z	0.039722128	0.176949186	0.0545196
11.25_288.2683m/z	0.319400643	0.869595463	0.0546646
8.09_862.9730m/z	0.4426673	0.051521993	0.0548121
18.07_149.9256n	0.043276794	0.192618558	0.0548902
9.54_244.0798m/z	0.309781606	0.465693344	0.0552148
7.76_381.0755m/z	0.093262458	0.57875649	0.0552339
7.80_153.0190m/z	-0.040901134	0.039997543	0.0553906
9.00_313.1192m/z	0.081001456	0.301524504	0.0554584
8.98_285.9998m/z	0.142419618	0.034572035	0.0557547
8.09_279.1371m/z	0.328883404	0.155678179	0.0557649
9.36_413.2534m/z	-0.374459172	0.632975984	0.0558101
11.13_170.0953m/z	0.054224343	0.256716064	0.055887
6.98_368.9716m/z	0.059962059	0.337544391	0.0559547
1.09_640.8401m/z	0.235753387	0.487346283	0.0560596
8.08_512.2081m/z	0.414047779	0.430800546	0.0561145
6.52_195.1124m/z	-0.1116651	0.328385679	0.0561595
1.73_313.9931m/z	0.15974358	0.641591117	0.0561706
18.07_303.9112m/z	0.10637513	0.258616734	0.056226
11.32_295.2111m/z	-0.28451977	0.904903909	0.0564308
10.60_252.1361m/z	0.240093929	1.58484796	0.0564387
11.29_272.1114m/z	0.2882484	0.099029103	0.0564424
10.11_244.0799m/z	-0.435215146	0.727909964	0.056531
1.74_139.0453n	-0.148858648	0.49369931	0.0566823
7.75_281.1007m/z	-0.027276368	0.682270866	0.0568686
8.01_526.9588m/z	0.219933696	1.120066173	0.0568915
6.65_190.0757m/z	-0.075339128	0.522266821	0.0569796
9.15_259.0291m/z	-0.334295024	0.18746431	0.0570323
8.26_185.1145m/z	-0.065383218	0.386948234	0.0571316
12.25_426.2642m/z	-0.210449892	0.395217931	0.0572039
9.70_426.1749m/z	4.304843142	0.299310125	0.0572702
8.00_121.0292m/z	0.114021787	0.07865173	0.057363
1.16_746.3174n	0.120242606	0.321484352	0.0573631
11.82_197.0182m/z	-0.101288529	0.528611464	0.057391
5.90_392.1197m/z	0.026502331	0.301459291	0.0575564
8.93_409.2226m/z	-0.103653589	0.052891876	0.0575787
12.17_249.1844m/z	-0.340702018	1.202940305	0.0576546
13.38_612.2536m/z	0.134424515	0.367617628	0.0576562
1.13_953.3007m/z	0.115345225	0.055283957	0.0577022
8.08_325.9997n	0.215746724	0.072363803	0.0578945
11.26_366.0481m/z	-2.349035508	2.193289696	0.057933
11.35_267.1256n	-0.448672117	0.769553633	0.0579857
9.37_368.0676m/z	-3.554611307	0.005296686	0.0579895
1.16_1023.2370m/z	-0.092323672	0.096666876	0.0580041
6.62_186.0556m/z	-0.075035868	0.027370022	0.0580578
12.30_205.0852m/z	0.005581709	0.04406992	0.0581513
18.32_241.9391m/z	0.136380426	0.803271277	0.0582443
10.45_425.2209m/z	-0.285570161	0.005870334	0.0583261
11.12_611.3797m/z	-0.045197858	0.03849253	0.0584993
1.33_653.1901m/z	0.382044527	1.277668873	0.058548
11.88_253.1443m/z	-0.105481175	0.328490224	0.0586741
13.05_423.0232m/z	-0.150934883	0.202153094	0.0588298
13.43_483.2466m/z	0.285996428	1.147760399	0.0588435
7.51_246.0381m/z	-0.125478646	0.644460366	0.0588498
11.70_414.2722m/z	0.447826664	0.565961514	0.0589774
7.91_317.1143m/z	0.122857402	0.345033588	0.0589899
1.28_137.0700m/z	0.453538899	0.410472618	0.0590714
7.52_252.1488m/z	-0.349092874	4.966604394	0.05909
1.74_166.0709m/z	0.162771952	0.531053343	0.0590953
8.55_423.0321m/z	4.774030958	0.826234088	0.0591818
9.04_385.1978m/z	-0.314971099	1.422663333	0.059209
7.38_134.0592m/z	-0.227260858	0.577047579	0.059266
11.63_295.2249m/z	-0.439096511	1.574997561	0.0593153
7.93_165.0553m/z	-0.116463202	0.295945622	0.0593788
9.81_199.1567n	-0.051464574	0.31666653	0.0593803
11.07_345.2810m/z	-0.741646351	0.36872775	0.0595547
9.61_440.1691m/z	-1.319865321	0.451837924	0.0597015
18.88_262.8571m/z	-0.027774488	0.126785805	0.059818
6.65_142.0642m/z	-0.158795678	0.506281311	0.0599339
7.19_416.2845m/z	-0.130954028	0.2401094	0.0600867
8.04_464.9917m/z	0.127996261	0.496806031	0.0601264
11.18_289.1055m/z	0.106708471	0.518362484	0.060156
12.88_268.2264m/z	-0.358214936	1.735309652	0.0603131
9.08_332.1825m/z	-0.477263658	0.902971875	0.060448
18.49_258.9162m/z	0.119277814	0.903472334	0.0604848
9.48_297.9998m/z	-0.153901051	0.430472768	0.0605201
9.05_450.0542m/z	0.702232791	0.222114474	0.0605277
1.73_388.0197m/z	-0.233362996	0.456490694	0.0605317
11.21_493.2432m/z	-0.184890401	0.205062555	0.0609334
1.71_219.0168m/z	0.108079427	0.543867881	0.0609436
9.83_555.1217m/z	1.802438274	0.328767897	0.0610451
11.21_514.2912n	1.314784773	0.898139557	0.0614379
9.80_402.2841m/z	0.438589907	0.281442679	0.0614866
10.27_387.0980m/z	-0.097023489	0.346376549	0.0615042
18.32_224.0619m/z	-0.080385453	0.491604967	0.0615206
12.47_331.0015m/z	0.058221664	0.292298704	0.0615395
1.12_370.3072n	-0.065489241	0.069499241	0.0617589
8.70_477.1031m/z	-0.476731406	0.229420428	0.061822
18.36_204.0039m/z	0.050727188	0.337420643	0.0618503
8.09_699.1282m/z	0.552469948	0.365752533	0.061926
9.64_547.1427m/z	1.552451154	0.17016639	0.0619687
10.29_289.2482m/z	-0.111740149	0.947483043	0.0620822
11.17_225.1948m/z	-0.179087945	1.841176315	0.0623137
8.40_345.1549m/z	-1.706445431	0.490774621	0.0624948
6.78_197.1277m/z	0.281042208	0.904387859	0.0625228
7.45_350.1075m/z	0.095974504	0.337078867	0.062721
10.71_195.1007m/z	1.077577094	1.136445181	0.0629632
9.66_414.3354m/z	-0.937791403	0.609439324	0.0631667
1.16_939.2753m/z	0.147248187	0.280797197	0.0631977
8.46_164.0348m/z	-1.293075736	0.572189427	0.0632502
10.13_345.2053m/z	-0.615651797	1.898462565	0.0637206
11.33_299.1362m/z	-1.667941373	0.792920635	0.0637262
9.37_288.9638m/z	5.36141768	0.706511485	0.0638473
11.83_487.2733m/z	0.630495899	0.186624533	0.0639247
9.13_486.0790m/z	7.520650675	0.015743699	0.0640461
12.09_309.1303m/z	0.165600749	0.725560413	0.0640665
9.42_139.0382m/z	5.129335242	0.597099257	0.0645633
9.84_606.1199m/z	3.894479515	0.211811117	0.0646256
1.18_1139.6705m/z	0.072171597	0.291064371	0.0648243
1.15_897.2942m/z	0.218893074	0.18290289	0.0648328
9.68_302.2321m/z	-0.164513243	0.156265301	0.0650151
8.81_496.1336n	-0.453486246	0.321071193	0.0650735
1.50_186.1060m/z	0.321322729	0.187445586	0.0650909
9.69_262.0622m/z	3.268824402	0.051248729	0.0651198
10.71_373.2727m/z	1.065763704	0.134935131	0.0653163
7.37_257.0991m/z	0.121456077	0.276435973	0.0653851
9.37_272.9986m/z	4.987767093	0.475138024	0.0655573
7.00_327.2008m/z	-0.159309206	0.176714267	0.065637
10.27_507.3411m/z	-0.06972787	0.301375832	0.0657777
6.37_125.0240m/z	0.156783618	0.187331922	0.0658345
13.91_778.5347m/z	0.113201938	0.115956667	0.0658711
11.69_495.3774m/z	0.730432162	0.114027353	0.0658894
10.72_527.0230m/z	0.275275044	0.226483428	0.0659669
1.73_248.1490m/z	0.324267979	0.741990432	0.0660422
10.70_289.2520m/z	0.457025877	0.539126202	0.0661057
10.72_505.0413m/z	0.119808384	0.497086961	0.0661345
10.34_335.1005m/z	-0.218041133	0.532572456	0.066251
1.15_1121.2245m/z	-0.086809339	0.035776209	0.066255
11.68_344.1002n	7.283111882	0.385821229	0.0664502
7.75_298.0724n	-0.102194767	0.723460076	0.0664725
1.71_340.0333m/z	0.487615453	1.594342931	0.0666345
10.72_185.1545m/z	-0.724243846	0.116295989	0.0669973
7.23_376.1371n	-0.42014107	0.104454256	0.0671099
1.16_989.2431m/z	-0.103314616	0.16966223	0.0671377
11.24_553.3370m/z	0.567280083	0.997078362	0.0671474
11.08_364.2451m/z	-0.268437874	0.373386616	0.0671948
12.01_487.3419m/z	-0.168298206	0.029031886	0.0672603
12.40_583.2526m/z	-0.436494676	1.040541694	0.0674047
11.69_413.0122m/z	1.001541494	0.09460569	0.0674153
9.77_599.2511m/z	0.103027883	0.972638159	0.0674222
6.60_633.1170m/z	0.068687196	0.108435783	0.0675463
7.40_274.9854m/z	0.107014432	0.475490937	0.0676679
10.63_409.1484m/z	0.250586594	0.041873976	0.0677638
7.22_203.0017m/z	-0.101885017	0.0000747	0.0678431
8.23_185.0438m/z	-0.246859881	0.603307337	0.0678885
9.88_187.0624m/z	-0.855419153	0.886701887	0.0679142
6.77_283.1746m/z	-0.286859766	0.342909711	0.0680915
10.18_408.2868n	0.325416302	0.355844139	0.0682656
8.76_144.0120m/z	-0.23832421	0.42450964	0.06837
1.12_444.1119n	0.096891146	0.238065399	0.0683973
8.64_170.0593m/z	1.215159378	2.412084841	0.0685483
12.59_374.2895m/z	0.2028599	1.245248905	0.0686206
14.52_243.1972m/z	-0.065708898	0.080205651	0.0686925
9.21_207.1583m/z	-0.448986618	2.880338387	0.068907
9.37_449.1104m/z	1.222049853	2.470891893	0.0689984
10.27_225.1495m/z	-0.058227908	0.227789816	0.0690384
6.60_416.9985m/z	0.096372537	0.332039266	0.0691009
10.13_219.1736m/z	-0.435482287	2.797010653	0.069366
7.51_280.1607m/z	0.03985968	0.159068777	0.0701083
8.83_245.0124m/z	-0.276568482	0.066282466	0.0701872
11.83_255.1211m/z	0.265155915	0.006688564	0.070228
12.69_450.2617m/z	0.236261884	0.323235995	0.0702653
10.15_489.0460m/z	-0.352664384	0.006777221	0.0702787
11.50_406.3284m/z	-0.133505349	0.748155022	0.0705984
8.40_253.0505m/z	-0.995321429	0.138949736	0.070924
11.61_405.2639m/z	-0.178607357	0.194276275	0.0710128
1.78_259.0667n	-0.045016605	0.129350337	0.0710687
1.66_183.9682m/z	-0.288757476	0.785890306	0.0711053
1.73_244.0688n	0.100402142	0.508106271	0.0713424
8.21_457.0355m/z	-0.353021816	0.192615851	0.0713997
8.09_304.2115m/z	0.115498355	0.232857497	0.0716713
18.79_335.8897m/z	0.077291023	0.417167639	0.0720199
12.22_335.2186m/z	-0.254950247	1.252727282	0.0720199
1.16_853.2679m/z	-0.165869462	0.602784999	0.0720537
8.63_297.0976m/z	0.775126589	0.238854295	0.0721515
1.15_927.2940m/z	0.092381134	0.248447623	0.0721667
11.91_286.1772m/z	0.771147436	0.074436792	0.0722177
9.39_65.0396m/z	7.055043449	0.54580936	0.0722247
10.29_180.0311m/z	0.158410018	1.452994911	0.0722492
9.83_531.3640m/z	0.265661181	0.304689974	0.0722969
15.50_837.6160m/z	0.017269993	0.097006654	0.0723396
9.15_242.0432m/z	-0.166537306	0.205461068	0.0723973
10.41_239.1265m/z	0.388594681	0.426145961	0.0725841
12.38_329.1751m/z	-0.714101173	0.078546077	0.0729479
7.90_311.1396m/z	-0.298321367	0.078784482	0.073023
12.42_861.5512m/z	0.152608204	0.3933865	0.0730904
18.11_108.9614m/z	-0.215558063	1.001476938	0.0732327
1.68_252.9396m/z	-0.43916406	1.190107117	0.0737547
12.48_372.0654m/z	0.069329939	0.427930376	0.073805
1.73_358.0199m/z	0.325963996	1.285376059	0.0738502
12.69_542.2491m/z	-0.200518155	0.264362782	0.0738846
1.15_863.3005m/z	0.245360635	0.142121962	0.07393
11.28_179.0709m/z	-0.17366687	0.600362615	0.0744074
9.88_293.1374m/z	-1.525812455	1.788158904	0.0746388
9.64_412.2837m/z	-0.665736511	0.691789996	0.0747004
10.48_337.2515m/z	-1.432634875	0.365678943	0.0748207
9.14_285.0840m/z	-0.634483373	1.277386641	0.0749133
18.08_177.9024m/z	-0.118829886	0.402335523	0.0749384
10.91_197.1546m/z	-0.224357018	0.19809916	0.0750016
7.37_135.1161m/z	-0.485893374	5.167566457	0.0750626
1.73_282.1191m/z	0.196383073	0.56914965	0.0750959
10.89_629.2250m/z	0.109914178	0.313838497	0.0751348
3.38_123.0432m/z	0.227461527	1.499640008	0.0752077
8.70_356.1192n	-0.934807194	2.526605008	0.0753464
7.76_185.0100m/z	0.105672917	0.688525872	0.075674
8.72_250.1447m/z	0.046109659	0.291114458	0.0757191
8.21_387.0323m/z	-0.408279792	0.492312754	0.0757728
10.56_212.0192m/z	-0.183441831	0.060371938	0.0757856
11.41_351.0546m/z	-1.786696815	0.429857683	0.0757921
9.81_386.0163m/z	-0.858937086	0.040182344	0.0757944
18.46_213.0047m/z	0.100090899	0.765214529	0.0758177
6.56_279.0929m/z	-0.069445417	0.402789828	0.0759292
11.33_183.1024m/z	-0.392449082	0.664668494	0.0761422
9.66_375.1805m/z	-0.374110356	0.108235698	0.076161
8.97_163.1317m/z	-0.234549121	2.37768752	0.0763979
9.83_177.0540m/z	-2.008947982	0.023404281	0.0764735
10.11_227.0896m/z	-0.350325019	1.217244388	0.0764816
10.17_282.2221m/z	-0.405898718	5.588626127	0.0768155
9.83_460.0203m/z	-0.48576711	0	0.0769046
1.65_391.2837m/z	-0.19818658	1.154018759	0.0770011
1.19_862.7063m/z	0.065614577	0.108576845	0.077152
6.72_284.1843m/z	1.20705664	0.019601169	0.0773596
8.22_263.0535m/z	0.917812952	0.235026276	0.0774356
8.13_332.2379m/z	0.907699273	4.111939068	0.0774743
12.76_253.2179m/z	-0.10135608	0.437481123	0.0778562
10.38_327.2402n	0.268440364	0.300257639	0.077857
12.15_445.2569m/z	0.920687925	1.203566523	0.0778828
1.16_794.8113m/z	0.082886724	0.15583732	0.0779777
9.21_230.0372m/z	1.34874458	0.22881246	0.0780909
10.27_344.1009m/z	-0.214697276	0.649583338	0.0782456
18.07_334.8638m/z	0.110899899	0.377840915	0.0782942
12.54_432.1925m/z	0.140593259	0.376329028	0.0785024
7.52_429.0819m/z	-1.024705418	0.301166386	0.0785768
11.61_329.2354m/z	-0.103092385	0.351784453	0.0786976
13.23_474.3571m/z	0.101626984	0.009581665	0.0787954
1.72_417.0312m/z	-0.503620603	0.130662654	0.0789883
11.68_467.3470m/z	0.40490352	1.028908858	0.0789894
6.66_249.0603m/z	-0.07386759	0.424305389	0.0793031
7.91_170.0952m/z	-0.093781728	1.04778167	0.0793164
9.11_394.1619n	-1.174823816	1.153154035	0.0802324
7.40_502.1533n	0.166960103	0.258142754	0.0802455
11.13_425.1989m/z	0.543624024	0.994043429	0.0803342
18.75_480.7174m/z	-0.057324088	0.211016854	0.080513
12.71_543.3141m/z	-0.683469903	0.279442156	0.0808662
11.30_175.1476m/z	-0.033100206	0.207032901	0.0808688
12.92_518.2489m/z	0.348897082	0.156435241	0.0811387
10.31_408.2866n	0.278806276	0.056302729	0.0813452
10.52_254.1723m/z	0.232115241	1.77832761	0.0813627
9.38_221.9831n	1.70599656	0.240154697	0.0815566
6.08_169.0963m/z	-0.09953306	0.427701255	0.0816392
10.88_495.2022m/z	0.593624302	0.192565101	0.0817825
10.24_399.1630m/z	0.635909644	0.414320486	0.0817972
9.73_315.1331m/z	-0.624210168	2.28004507	0.0818271
10.47_600.2761m/z	-0.338740115	0.331466858	0.0819647
11.41_205.9412m/z	-0.363392232	0.757821464	0.0822846
10.82_499.2947n	0.481695789	0.256936518	0.0823417
11.12_440.2762m/z	-1.054945667	0.529269126	0.0825067
9.15_129.0575n	-0.190297542	0.307320488	0.0826265
11.60_477.2706m/z	0.4021568	0.059188773	0.0831313
6.65_118.0644m/z	-0.103987775	0.696663522	0.0832271
8.62_343.1003m/z	0.192505789	0.664692574	0.0834515
9.32_479.2279m/z	0.148361155	0.194796929	0.0834687
1.14_1063.2687m/z	0.131571223	0.080877957	0.0834894
1.27_69.0330m/z	1.094708739	2.861482577	0.0836612
9.04_563.1770m/z	0.912013526	0.355933823	0.0837377
10.40_345.2049m/z	-1.028945223	0.918976914	0.0838604
11.19_139.1124m/z	0.430846497	0.086124186	0.0840701
1.31_366.1084m/z	0.119208971	0.174402535	0.0841479
8.35_376.0199m/z	8.405686461	0.651763305	0.0844795
8.27_182.1897m/z	0.847460733	2.064275138	0.0845153
1.22_743.4088n	0.067781563	0.608316997	0.0846008
8.32_413.2653m/z	-0.073721909	0.54917068	0.0846774
7.42_130.0490m/z	0.652027489	0.519428266	0.0847638
8.05_350.1509m/z	0.127660251	0.086278313	0.0849616
7.48_185.0099m/z	0.11184461	0.855671807	0.0852586
7.41_333.0176m/z	0.126447271	0.565977501	0.0854134
12.03_353.1565m/z	0.298114472	1.162042442	0.0854505
9.74_155.0711m/z	0.447102448	0.011544055	0.0855075
9.60_502.1707m/z	-1.068096289	1.733074833	0.0855254
12.25_330.2998m/z	0.161750706	0.523548074	0.0856665
1.79_232.9747m/z	-0.113807986	0.032459044	0.0857681
8.21_139.0397m/z	-0.146509526	0.486798387	0.0859766
1.18_326.8862m/z	-0.042247799	0.177529197	0.0859944
7.15_197.1277m/z	-0.204591896	0.620344649	0.0861002
8.96_330.2266m/z	0.423918959	0.738059447	0.0863725
10.70_523.2861m/z	0.808537505	0.787772432	0.0864591
1.16_955.2498m/z	-0.133884698	0.413823557	0.086465
10.64_283.1721m/z	-0.518494621	2.37789275	0.0867835
10.79_379.1939m/z	-0.351054777	0.484774109	0.0872054
18.08_275.8993m/z	0.232891032	0.357125122	0.087316
9.08_349.1459m/z	-1.918924277	2.531512359	0.0873302
7.98_245.0783m/z	5.616174764	0.126540469	0.0873833
9.57_209.1164m/z	-0.379974058	2.768194115	0.0874652
9.04_138.0540m/z	-1.091266629	5.74775395	0.0875747
8.73_409.2705m/z	0.074265811	0.143108053	0.0878314
11.62_213.1496m/z	-0.356924165	0.853791317	0.0878422
10.11_525.3276m/z	2.376807724	1.764595294	0.0878781
10.02_157.0221m/z	-0.379666074	0.475285901	0.088111
10.88_224.0621m/z	-0.069287396	0.439345071	0.088894
8.50_185.0100m/z	0.082087181	0.705754284	0.0892396
7.14_363.1192m/z	0.182954471	0.357423705	0.089561
8.78_277.0662m/z	0.287164516	0.395899284	0.0896075
7.42_309.0816m/z	0.677482181	0.693604999	0.0899321
1.18_910.7205m/z	-0.126965224	0.210252934	0.0899414
9.83_272.0255m/z	-1.830437627	0.183152437	0.0899754
10.06_343.1386m/z	0.366521719	0.871529647	0.0900817
7.89_285.0049m/z	-0.384079418	3.118487528	0.0900923
18.44_430.7973m/z	0.07397024	0.50192665	0.0903159
9.87_188.0699n	-2.596765679	0.301950807	0.0905189
8.26_127.1109m/z	-0.254545698	2.611792193	0.0905437
1.41_68.0489m/z	0.670040664	4.037775611	0.0909769
1.75_165.0052m/z	0.103217759	0.303897096	0.0912578
8.69_230.1182m/z	-0.408234164	0.67577518	0.0914667
12.10_322.1229m/z	6.048709157	0.429349667	0.0916445
1.81_348.0974m/z	0.133848814	0.495030563	0.0916518
18.72_486.7663m/z	0.084795406	0.572447356	0.0917932
1.76_90.0319n	0.009598393	0.176761241	0.0919448
1.24_261.0105m/z	1.591701132	2.478647438	0.0919698
7.29_295.9567m/z	0.475517001	0.347577655	0.0922577
8.78_125.0967m/z	0.333890236	1.160726264	0.0924373
14.51_530.3219m/z	-0.178937593	0.281919524	0.0924995
9.48_133.0655m/z	-0.172388798	0.305013316	0.0926985
7.88_265.9800m/z	-0.254073824	2.690046361	0.0928426
1.15_684.8425m/z	0.308753893	0.378098076	0.0930071
9.17_189.0907m/z	5.587843645	0.073193148	0.0931406
10.31_241.1051m/z	-0.754113227	0.848519828	0.0932233
6.65_132.0800m/z	-0.097734033	0.750853027	0.0933414
8.72_269.1505m/z	-0.13441852	0.834150518	0.0937324
13.40_561.2551m/z	0.098847849	0.302857874	0.0938377
9.84_227.0200m/z	0.299072478	1.617593889	0.0938824
6.64_463.1042m/z	-0.178353318	0.729871075	0.093898
8.51_158.0608m/z	0.175531145	0.497245234	0.0943043
1.34_113.0580n	-0.057342088	0.215994288	0.0945298
6.65_475.1319m/z	-0.154681373	0.830463692	0.0946435
1.17_266.9332m/z	-0.063717734	0.051527372	0.0947012
11.93_549.1032m/z	-0.102176043	0.291954914	0.0947683
7.88_267.9783m/z	-0.34158085	2.713370655	0.094895
9.66_331.1911m/z	-0.131303529	0.011944742	0.0949407
10.52_331.1162m/z	-0.25348239	0.97147348	0.0950691
12.00_617.2547m/z	0.510794086	0.137140833	0.0950878
12.73_448.2440m/z	-0.19850027	0.1250007	0.0950927
9.10_367.1567m/z	-1.250683124	2.638032424	0.0951277
7.90_337.0381m/z	1.107184465	0.641168917	0.0951332
8.05_79.9569m/z	0.078178861	0.125321084	0.0952462
9.12_439.1635m/z	8.33166943	1.274247584	0.0953625
7.52_105.0328m/z	-0.414265979	0.30786545	0.0955227
18.11_133.9992m/z	0.028189008	0.232977784	0.0959516
9.74_366.2408m/z	-0.575723603	0.787061689	0.0959743
9.16_80.0489m/z	-0.197741846	0.812535685	0.0959815
12.02_505.2757m/z	0.613624851	0.275960189	0.0961201
12.68_429.2639n	-0.053892181	0.045367766	0.0962377
8.85_217.0174m/z	0.307316581	0.492836584	0.0962435
1.18_722.7828m/z	-0.054336326	0.038691885	0.0963331
7.34_279.0930m/z	-0.057833221	0.342212012	0.0968371
9.71_335.1608m/z	-0.572758411	2.232813697	0.0971105
11.22_439.3558m/z	1.939255169	1.364709316	0.0971251
9.38_500.2843m/z	0.955071505	0.830625385	0.0972334
1.15_901.2877m/z	-0.116432505	0.045420319	0.0972736
18.14_182.9609m/z	-0.136769267	1.020898441	0.0973183
9.72_457.1720n	-0.750396339	1.924172115	0.0974207
11.90_201.1492m/z	-0.402405778	1.445251673	0.0975445
5.81_169.0965m/z	-0.131497653	0.494013454	0.0980793
8.45_245.0932m/z	0.32718955	0.508862516	0.0983691
9.28_165.0917m/z	-0.671948626	0.693064842	0.0984317
8.58_413.1418m/z	2.154754644	0.109038266	0.0985172
9.08_337.0380m/z	1.590023364	0.7091688	0.0985925
10.39_349.0381m/z	0.902809361	0.293564729	0.0990446
10.43_413.2660m/z	-0.295744638	0.616073383	0.0991259
10.29_180.1741m/z	-0.104813971	1.840550118	0.0992251
11.35_317.1307m/z	-0.421791204	2.013186182	0.0992412
7.37_432.2795m/z	-0.086065872	0.09152356	0.0993324
1.18_412.8466m/z	-0.108684812	0.524529302	0.0993389
6.38_208.1325m/z	0.422988936	0.059957413	0.0994422
7.42_248.0913m/z	0.674846716	0.593988107	0.0995395
8.39_309.0402n	8.319135292	0.451831778	0.0997292
10.58_413.2656m/z	-0.115579824	0.788414964	0.0998899
8.31_121.0656m/z	-1.386315306	0.05681524	0.100211
7.86_350.9778m/z	-0.403629522	0.684640614	0.100264
8.25_217.0348n	5.136002694	1.268794937	0.100289
7.47_233.0121m/z	0.385140848	0.019760673	0.100309
8.37_171.1020m/z	0.495165274	2.7052627	0.100641
9.66_411.2376m/z	-0.273864261	0.451147663	0.100882
11.91_246.1848m/z	0.723303949	0.489162878	0.100915
8.60_243.0773m/z	1.359946489	0.781498631	0.10103
11.87_457.2083n	1.898315387	0.147985659	0.101041
9.53_159.1023m/z	0.189192661	0.084079113	0.101115
9.37_464.1902m/z	-0.722702148	1.323308219	0.101309
7.57_317.1143m/z	0.10262309	0.332991843	0.101397
1.77_172.9881m/z	-0.152573905	0	0.101465
9.72_633.2540m/z	0.376951273	0.551428162	0.101643
9.55_321.0442m/z	-3.999160448	0.179824822	0.101746
10.35_647.2629m/z	-0.502834531	0.95554648	0.102898
9.17_229.0835m/z	6.394015139	0.152627878	0.102966
12.44_465.2093m/z	-0.293713742	0.755262845	0.10302
12.09_267.1237m/z	-0.048221615	0.516308599	0.103034
11.60_543.2531m/z	0.314826731	0.545095714	0.103231
11.07_471.2412m/z	0.13723422	0.550527772	0.103312
11.59_487.2727m/z	0.588414451	0.201056701	0.103401
6.83_244.1538m/z	0.475129711	1.235755104	0.103426
6.57_331.0602m/z	0.179605883	0.11545158	0.10363
16.92_227.2016m/z	-0.048292499	0.128857486	0.103803
12.92_215.1653m/z	-0.0953759	0.194529727	0.103844
8.81_313.2156m/z	0.80131849	3.475091336	0.103892
8.50_340.0407m/z	0.36555752	0.858340185	0.104074
12.23_560.2986m/z	-0.403921089	0.297834947	0.104443
7.39_152.0466n	0.157759527	0.394456858	0.104647
8.08_477.1764m/z	0.572577952	0.41563824	0.104716
9.37_464.3011m/z	-0.191787155	0.001599408	0.104732
18.08_334.1692m/z	-0.152475913	0.091477987	0.104788
1.18_942.7208m/z	-0.081391819	0.148502549	0.105069
11.45_193.0867m/z	0.150480743	1.042258663	0.105076
9.70_281.2259m/z	-0.431760568	3.123557563	0.10537
6.62_288.0420n	-0.041066143	0.239462926	0.105469
6.61_397.9865m/z	-0.098683563	0.292153156	0.105789
13.59_315.2558m/z	-0.088181909	0.125408608	0.105903
9.19_170.0956m/z	-0.138341733	2.046166885	0.106066
9.21_281.1656m/z	-0.432756444	7.301467116	0.106146
9.21_338.0600m/z	11.50847094	2.250562075	0.106438
9.27_387.1829m/z	0.17523276	0.010154336	0.106454
10.50_213.0130m/z	0.282447552	1.064531026	0.106551
8.67_119.0500m/z	0.251717271	0.843017981	0.10661
9.47_397.1133m/z	0.929310976	0.415960665	0.106815
1.16_1059.7452n	-0.045348702	0.051881065	0.107071
11.59_521.2423m/z	0.85871615	0.041385954	0.107085
10.27_352.9180m/z	0.151298895	0.504795739	0.107138
1.18_952.7015m/z	-0.218693574	0.348212377	0.107173
12.10_390.1095m/z	-0.93949179	1.953290278	0.107235
10.84_549.2332m/z	-2.638884295	0.187376047	0.107268
3.20_231.0832m/z	1.674853974	2.087069404	0.107272
11.61_375.2869m/z	0.655559123	0.177203172	0.107325
1.20_424.8312m/z	0.146312492	0.550570973	0.107555
10.02_219.1736m/z	-0.554527378	7.283731984	0.107634
7.92_294.0228m/z	0.207009873	1.038666248	0.107859
9.75_605.2704m/z	14.69035147	0	0.1079
11.22_373.2728m/z	0.952592401	0.204375075	0.108072
1.20_530.7141m/z	0.144763591	0.87439188	0.108273
7.95_199.0583m/z	0.361384174	0.670667219	0.108572
1.16_930.7856m/z	0.115770288	0.204090799	0.108585
8.21_99.0084m/z	-0.253010846	0.394172606	0.108661
6.58_469.0144m/z	0.141261618	1.046258183	0.108702
10.93_68.9940m/z	-0.619334197	8.425150713	0.108802
8.57_445.1895m/z	0.224401194	0.429217797	0.108841
11.75_335.1857m/z	0.775569489	1.096371279	0.108922
10.69_422.1613n	0.805987378	0.027464392	0.108928
1.37_83.0597m/z	1.256861832	4.087809307	0.109192
18.29_199.8505m/z	-0.019233737	0.039108451	0.109222
1.74_404.0251m/z	0.432587741	1.216703285	0.109334
1.28_81.0328m/z	1.896470602	4.113263996	0.109368
12.58_570.2322m/z	-0.632984303	0.612362839	0.10994
9.28_153.0537m/z	0.94029716	7.037794088	0.109968
7.50_277.9752m/z	-0.639342429	0.416965677	0.110049
1.20_104.9532m/z	0.202710612	0.747093595	0.110175
9.04_253.1344m/z	0.511027193	0.7061559	0.11025
1.11_239.0882m/z	-0.070336138	0.288921141	0.110336
9.15_130.0658m/z	-0.22631533	0.361856319	0.110373
13.41_690.2453m/z	-0.349743146	0.793287433	0.110578
10.55_403.2483m/z	0.813642903	1.044864727	0.110657
8.22_83.0135m/z	-0.398037814	0.708848795	0.110717
1.17_1107.7203m/z	0.28231884	0.524504599	0.110809
12.33_337.2378m/z	-0.360132063	0	0.111119
8.06_260.1854m/z	0.15571204	0.218873192	0.111203
9.53_531.3641m/z	2.566361047	1.737954916	0.111352
9.53_228.0969n	-0.284046031	0.680587855	0.111415
10.05_431.1373m/z	0.660301471	0.811974775	0.111518
8.35_279.1827n	3.435507767	1.077442169	0.111618
7.65_230.0125m/z	0.747483874	0.665031834	0.111693
18.09_140.9945m/z	-0.209116981	2.71436394	0.111735
11.17_491.3216m/z	-0.933973064	0.156577221	0.112139
8.11_224.1046n	0.467455262	0.752950284	0.112206
6.65_170.0593m/z	-0.106007979	0.825245528	0.112327
10.27_311.1706n	-0.042867417	0.053085192	0.112394
11.16_518.3220m/z	-0.733326455	1.761289157	0.112585
11.82_121.1002m/z	-1.399700554	4.710859396	0.112887
9.40_207.0315m/z	-0.255465281	3.727035789	0.112917
11.23_295.2260m/z	-0.447475031	2.073597868	0.113611
10.37_357.0612m/z	-0.1831299	0.108780435	0.11362
11.11_285.1876m/z	-0.438092039	1.597277908	0.114058
10.49_296.0637n	6.922631805	0	0.11432
6.62_336.0813n	-0.089665099	0.331750171	0.114486
9.38_205.0113m/z	2.685705126	0.021384949	0.114687
11.33_401.3410m/z	0.818293715	1.848075759	0.114773
8.05_271.9843m/z	0.06946233	0.204211715	0.114871
10.13_637.3539m/z	0.982974628	2.120863389	0.115073
9.07_335.0189m/z	-1.150937484	0.199159935	0.115336
7.62_287.0227m/z	-0.321591479	0.470018144	0.115453
10.57_319.1939m/z	0.412066899	0.600528766	0.115506
10.67_519.0563m/z	0.763607237	0.331853664	0.115547
10.32_495.2215m/z	1.17685194	0.988700282	0.115706
12.03_271.2420m/z	0.572020279	0.5674572	0.11594
11.61_237.1477m/z	-0.486450814	3.016031103	0.115997
1.45_352.9965m/z	0.88721657	0.64407364	0.116291
8.35_233.0428m/z	-0.416606564	0.375601351	0.116419
1.03_335.8902m/z	-0.251687087	0.538105476	0.116446
8.81_170.0955m/z	-0.108300869	1.510719493	0.116491
11.29_187.1338m/z	0.126812199	0.019763854	0.116574
7.47_378.9173m/z	0.172526283	0.943137056	0.116649
8.82_331.2264m/z	0.792484877	3.660707597	0.11702
9.55_906.2575m/z	-0.104897702	0.559731818	0.117114
9.21_403.0099m/z	-1.058956184	0.330756593	0.117167
11.57_539.2150m/z	1.359318888	0.732419992	0.117211
9.44_377.0693m/z	-0.582240036	0.22189001	0.117275
8.92_423.2016m/z	-0.426485576	0.612110311	0.11776
7.39_498.0944m/z	0.379840252	0.011985813	0.117878
9.39_475.1935m/z	0.997648232	0.132382862	0.117937
1.32_76.0752m/z	1.024405215	2.125132765	0.118062
11.39_433.2798m/z	0.197385408	0.154684247	0.118116
11.07_277.1442m/z	0.899552275	0.102345972	0.118459
9.46_187.1338m/z	-1.057290826	0.645137006	0.118465
10.38_356.2928m/z	1.510225564	1.098707363	0.118667
1.73_402.0094m/z	0.171447079	1.08884026	0.1188
10.08_193.1214m/z	-0.221944655	1.852685481	0.118904
18.09_74.9803n	-0.171424927	0.902565676	0.11894
10.24_331.1759m/z	0.398490626	0.107151049	0.119095
11.76_177.0919m/z	0.081647866	0.518621875	0.119146
8.91_486.0790m/z	10.11035263	0	0.119283
1.16_1031.2238m/z	-0.247480908	0.628834202	0.119321
11.98_453.3673m/z	-0.878387901	4.231207297	0.119476
10.26_440.1199m/z	-0.376800886	0.996470538	0.119531
11.02_480.1602m/z	1.573868863	0.244260787	0.119608
8.12_151.0216m/z	-0.529477016	0.247588895	0.119668
1.11_255.0621m/z	-0.216434102	0.82170811	0.119753
7.94_268.1905m/z	5.931602374	0.02266286	0.119812
12.27_437.3463m/z	-1.30100432	3.354674033	0.120229
10.86_469.2251m/z	0.50363503	0.88665505	0.120353
11.62_316.1096m/z	0.902107687	0.499006503	0.120564
14.80_595.2877m/z	0.031259015	0.029651264	0.120729
12.08_413.2655m/z	-0.17252878	1.900264126	0.120853
10.49_417.3353m/z	0.907600887	1.005788904	0.120992
11.92_615.2885m/z	-0.40496001	0.49093061	0.12101
10.16_605.2378m/z	0.161783051	0.292537133	0.121038
9.17_171.0803m/z	8.943450145	0.48305102	0.121176
9.47_180.0310m/z	0.167079679	1.295260238	0.121198
11.19_270.0956m/z	0.407844307	0.22302656	0.12147
11.79_633.4006m/z	0.68143958	0.250450734	0.121577
10.29_208.1691m/z	-0.095828995	1.449298463	0.122643
7.44_319.0040m/z	-0.32494763	0.363142158	0.122927
13.38_422.3230m/z	-0.38296458	0.910384515	0.12303
9.60_533.1290m/z	1.031079138	0.547224868	0.123188
11.26_246.9049m/z	-0.079110162	0.506298032	0.123536
8.25_150.0557m/z	4.046807851	0.552769075	0.123693
1.44_199.0375m/z	-0.140711555	0.390088789	0.12374
11.53_503.3220m/z	0.169363252	0.063963037	0.123777
10.70_163.0382m/z	0.06526183	0.774533057	0.123833
18.02_779.5440n	-0.00604314	0.090385677	0.123868
13.03_424.3432m/z	-0.404859811	0.33146779	0.123882
8.07_352.1648m/z	0.341138551	1.177787447	0.123946
8.70_141.0916m/z	-0.405462643	1.736591197	0.124045
10.98_544.2375m/z	0.383927434	1.275041268	0.12427
18.90_412.7630m/z	-0.044957066	0.283736158	0.12427
19.01_197.9013m/z	0.125460779	0.670854431	0.1245
9.06_464.3008m/z	-0.809317021	0.056372941	0.12477
10.37_257.2261m/z	-0.52993794	1.438670791	0.124882
11.57_595.2470m/z	0.571395238	0.059779952	0.125401
1.73_204.1024m/z	0.500350477	2.285602335	0.125617
9.83_351.0035m/z	-2.778652597	0.279260371	0.125737
1.28_294.0027m/z	3.486530323	2.553646158	0.12584
11.30_315.1809m/z	0.190669962	1.356050144	0.126085
1.17_334.9209m/z	-0.064054202	0.109118661	0.12667
8.69_283.9843m/z	0.47096487	1.0178903	0.126682
8.54_220.0615m/z	-0.46102625	0.49199714	0.126746
12.03_637.1559m/z	-0.505346862	1.881980109	0.127072
10.58_441.2118m/z	0.8403871	0.131743603	0.127132
18.18_139.9625m/z	-0.117836056	0.847892139	0.127295
9.78_551.1383m/z	6.577885327	0.680866863	0.127335
19.31_492.8036m/z	0.165564891	1.124915575	0.127394
8.35_374.0227m/z	4.704565335	0.206301092	0.127698
10.36_243.0692m/z	-0.45736387	0.1498821	0.127861
8.12_156.1376m/z	-4.732943403	0.791381307	0.128042
1.74_318.1192m/z	-0.55419449	0.311227012	0.128092
10.06_361.2046m/z	-0.294078038	0.652929663	0.128131
10.31_310.0176m/z	-0.368943925	0.892854501	0.128316
13.39_616.1949m/z	0.197619439	0.548251931	0.128565
8.20_447.0920m/z	1.244836328	0.109319153	0.128639
11.26_601.2643m/z	-1.02708284	0.31672146	0.128732
10.05_209.0091m/z	0.097017577	0.758025413	0.128906
1.75_202.1180m/z	1.938615767	1.576532938	0.128969
18.14_144.9805m/z	0.791532001	9.22156004	0.129014
12.55_434.2074m/z	-0.390589281	0.542898112	0.129572
8.11_189.1019m/z	-3.729668649	0.206963652	0.129998
18.88_408.7863m/z	-0.041248368	0.214971428	0.130368
7.37_525.0337m/z	-0.370388597	0	0.130482
18.09_621.3035m/z	0.151859223	0.449442686	0.130559
12.58_431.2148m/z	-0.783823202	0.698299537	0.130805
1.07_384.8786m/z	-0.24306276	1.366345747	0.13104
8.06_413.9831n	0.164816952	0.112364698	0.131066
1.37_160.0960m/z	0.617179094	0.751416206	0.131164
1.22_680.4701m/z	0.142526662	0.71377938	0.131847
1.77_231.0832m/z	1.540205116	0.590340721	0.132411
1.18_1194.6138m/z	0.15951402	0.303570216	0.133416
10.68_356.0188m/z	1.130394035	0.004320501	0.133433
1.74_241.1542m/z	0.459162901	1.995584038	0.133829
11.10_295.2258m/z	-0.455053766	1.900329716	0.133831
9.86_209.1150m/z	-0.506952697	4.049778311	0.1345
6.62_507.0958m/z	-0.131236427	0.03325068	0.134847
1.20_264.8439m/z	0.161827703	0.87187225	0.135053
9.73_445.1917n	0.446994017	0.291886019	0.135666
9.72_269.1315m/z	-0.596564605	3.687818411	0.135838
8.21_319.0042m/z	-0.362357102	0.753895516	0.136023
9.59_193.0149m/z	0.104016399	0.439992889	0.136086
9.48_161.0952m/z	-0.503722309	9.90058181	0.136235
10.54_399.3265m/z	0.315183331	0.90300661	0.136603
11.13_665.3532m/z	1.129019595	1.055440346	0.136648
9.03_172.0521n	0.620765883	0.746153354	0.13674
1.74_141.0398m/z	0.420756929	2.253001707	0.136966
10.80_317.1148m/z	0.179834302	0.414654346	0.13701
11.26_244.9077m/z	-0.087028124	0.554827192	0.137086
8.21_251.0170m/z	-0.304450406	0.395588169	0.137121
1.44_201.0346m/z	-0.294530568	0.680487956	0.137161
9.05_530.1637m/z	-0.420663611	0.027287697	0.137416
1.14_995.2816m/z	0.198248615	0.307428015	0.137642
1.17_350.8937m/z	-0.126691708	0.340901842	0.138256
11.91_226.1931n	-0.231279746	0.440209442	0.138285
7.95_253.1475m/z	-0.695522306	8.843862927	0.138471
11.70_506.2397m/z	0.719331458	1.393495029	0.138533
9.55_193.0868m/z	1.148640973	0.06610493	0.138635
12.03_661.1171m/z	-0.545773339	0.884416113	0.138964
11.19_221.1180m/z	0.096932258	0.637167064	0.13897
8.09_428.1895m/z	-2.395041776	2.072838621	0.139106
7.26_216.9810m/z	0.722209891	0.362182172	0.139207
10.98_333.9387m/z	0.385167881	1.289378367	0.139278
9.72_297.1247m/z	-0.554865936	1.87832856	0.139484
9.81_227.0375m/z	-0.703691669	0.172496323	0.139493
8.44_321.0851m/z	-0.350968577	0.534940015	0.139884
1.28_414.0453m/z	1.274529386	2.691388638	0.139974
9.72_422.1755m/z	8.157003529	0.104722243	0.140046
13.69_578.2539m/z	0.187582834	0.465317868	0.140233
11.65_183.1024m/z	-0.722394003	0.758964315	0.140291
12.21_379.2087m/z	-0.424941048	1.418615895	0.140484
10.67_421.1541m/z	0.653203663	0.101696706	0.140543
1.73_337.0745n	1.977942858	3.369463311	0.141135
9.41_511.2902m/z	-0.842200641	0.107796281	0.141146
9.50_476.1907m/z	-0.918130612	1.89231867	0.14131
7.75_417.0746m/z	0.16054672	0.80518051	0.141811
9.83_318.0291m/z	-1.090336406	0.045423212	0.142016
6.62_565.1294m/z	-0.075842823	0.362900711	0.142423
7.84_240.1799m/z	-0.428118789	7.486476104	0.142561
6.64_159.0909m/z	-0.107995096	0.776509251	0.142635
13.71_598.2633m/z	-0.183459581	0.280299223	0.142672
9.28_406.1284n	3.606733925	1.161921363	0.143305
10.09_224.0620m/z	0.119742392	0.215121069	0.143885
12.74_558.2668m/z	-0.311213419	0.98203643	0.143889
9.08_227.0919m/z	-0.598253546	1.752242708	0.144602
9.91_312.0832m/z	-1.803309484	8.632979715	0.144813
13.42_684.2618m/z	-0.118226905	0.328528162	0.14487
1.18_978.7085m/z	-0.179891239	0.395417583	0.144988
10.79_273.2205m/z	-0.827086664	2.786113183	0.145081
18.07_319.8891m/z	0.095214136	0.443982297	0.145237
18.07_342.8541m/z	-0.069577575	0.212909506	0.14539
9.72_245.0387m/z	-0.388886121	1.01434364	0.145706
8.90_549.1605m/z	1.590638593	0.426045175	0.145812
7.17_138.0653m/z	-1.80558602	2.637496791	0.146427
8.79_472.1613m/z	-0.472453244	0.626251498	0.14661
12.80_734.2459m/z	-0.393646316	0.492462548	0.146623
8.85_253.1345m/z	0.535726868	0.656754913	0.146928
11.46_138.0192m/z	-0.143422575	0.331633655	0.147375
1.75_379.0122m/z	0.295428744	1.331525556	0.147669
8.49_275.1033m/z	0.602112613	1.46236851	0.147716
7.45_165.0191m/z	0.126173231	0.404526926	0.147959
14.33_546.2809m/z	0.088804598	0.166752138	0.148232
11.19_253.1055m/z	0.402248163	0.108161595	0.148288
9.87_172.0750m/z	-1.721133316	0.268758648	0.148547
10.69_391.0314m/z	0.834435338	0.456954371	0.149165
12.97_251.1642m/z	-0.74834289	1.555107751	0.149296
6.98_93.0344m/z	-0.107596301	0.303041085	0.149769
1.28_145.0486m/z	1.144026683	2.877630097	0.150084
13.43_484.2810m/z	0.333480901	1.024544754	0.150185
11.06_514.3360m/z	-3.786213985	2.204491202	0.150465
9.28_329.1138m/z	-0.386491617	0.782371315	0.150545
1.74_119.0483m/z	0.357702066	2.511336494	0.15105
1.17_418.8813m/z	-0.101321268	0.176351697	0.151083
10.69_415.1488m/z	-1.222240391	0.743842918	0.151269
1.74_84.0801m/z	0.834113511	0.682778927	0.151537
10.24_181.0152m/z	-0.03135376	0.080912489	0.151548
6.62_201.0092n	-0.088638454	0.176109934	0.151633
9.72_337.1168m/z	-0.778656327	1.893407982	0.151907
6.84_144.0449m/z	0.290527427	1.117646823	0.152009
12.50_617.3041m/z	-0.553992563	0.758842168	0.152695
18.42_188.0098m/z	0.103794242	0.937677542	0.152752
9.08_454.2077m/z	-0.58429855	0.857463499	0.15301
9.83_279.0479n	-0.877534944	0.069696526	0.153096
10.05_860.6581m/z	-0.360475206	2.284668662	0.153529
12.70_308.1252m/z	-1.139575187	0.091061086	0.15464
1.17_348.8951m/z	-0.052430204	0.056680127	0.154691
11.03_581.2400m/z	-0.433406048	0.279126559	0.154902
19.83_564.1950m/z	0.099127429	0.590724731	0.155251
12.43_411.2015m/z	0.137704696	0.13002299	0.155333
1.60_176.1272m/z	0.969097917	4.649381826	0.155512
18.66_180.9731m/z	0.081814112	0.393042824	0.155526
11.69_339.2676m/z	0.620517103	0.482921602	0.156091
10.05_293.1951m/z	-0.683071741	9.947194518	0.156096
12.06_353.2295m/z	-0.546442629	0.951476628	0.156182
8.31_273.0436m/z	1.426151701	0.580730086	0.156632
8.82_108.0211m/z	1.722086079	2.371600851	0.156903
9.83_144.0815m/z	-3.074875615	0.139203381	0.156926
12.71_227.1651m/z	-0.133266069	0.622114833	0.156997
1.07_178.9485m/z	0.437080251	1.901678221	0.158009
12.52_455.3130m/z	-1.066266698	4.979588992	0.158245
12.37_452.3122m/z	-1.763650253	1.096360978	0.158467
7.18_243.1717m/z	-1.098467941	0.504912397	0.15853
9.17_593.2579m/z	0.269176084	0.641634881	0.15862
6.64_204.0881n	-0.054274144	0.083403942	0.160244
10.82_389.1368n	-1.861305567	3.75311014	0.16028
1.20_173.8753n	0.129404213	0.612854088	0.161239
10.69_323.0443m/z	0.742123031	0.347450049	0.161344
18.28_214.8587m/z	0.056139652	0.39468741	0.161473
12.28_183.1159m/z	-0.571706344	5.211803337	0.161571
7.25_158.9781m/z	0.129903339	1.020240902	0.162178
12.44_514.2154m/z	-0.390695526	0.850845574	0.162488
7.93_351.0691m/z	1.46097341	0.603607095	0.162608
10.82_215.1651m/z	-1.310370632	0.937971106	0.162682
17.27_415.2523m/z	0.10517353	0.24608388	0.163031
7.76_243.0353m/z	-0.509959653	0.356983811	0.16346
12.59_482.2863m/z	-0.94864808	1.207121053	0.163925
12.80_576.2862m/z	-0.424444198	0.517000718	0.164391
9.28_445.2339m/z	5.389967072	1.747775817	0.164811
8.19_318.1201n	-0.594473208	1.959959679	0.16499
1.73_209.0550m/z	0.461450045	1.841097991	0.165047
1.17_996.7289m/z	-0.070142825	0.410083893	0.165134
10.76_601.2229m/z	-0.704098297	1.611048457	0.165906
13.43_524.2740m/z	0.243133608	0.883827433	0.166319
6.50_159.9854n	-0.082717413	0.139084317	0.166335
1.75_563.0123m/z	0.226743579	0.586623109	0.166389
9.21_334.0482m/z	5.643690645	1.463035228	0.166932
7.50_134.0609m/z	-0.464292179	0.010758035	0.16704
7.08_138.0557m/z	0.368206591	1.847846247	0.167313
9.13_547.1820m/z	3.204534399	0.279081965	0.167357
9.21_517.1347m/z	-0.775641111	0.505542063	0.167445
1.22_832.3621m/z	0.279452669	0.0295964	0.168526
1.05_164.9295m/z	0.428572416	2.240127519	0.168541
10.12_403.3197m/z	0.817278902	2.939430579	0.169365
11.52_254.2110m/z	-0.110866416	1.935437194	0.170142
1.20_782.6048m/z	0.28220379	0.781674603	0.17015
8.92_589.3026m/z	0.211541219	0.718571173	0.170205
8.25_194.0457m/z	4.134170102	0.031977741	0.170646
14.89_465.2882m/z	0.118798608	0.365596294	0.171278
1.22_718.4413m/z	0.227726013	0.523901989	0.172007
8.27_645.1467m/z	2.192095041	1.217808396	0.172121
12.27_278.0265m/z	-0.269601976	0.720292001	0.172415
10.79_139.1109m/z	-0.502167368	7.137087832	0.172558
12.40_474.2842m/z	0.167332248	1.068187312	0.172612
1.19_920.6640m/z	0.222518953	0.570609514	0.172836
11.74_652.3440m/z	-0.479258446	1.637696633	0.17291
9.40_215.0363m/z	1.735043405	1.691636241	0.173008
18.29_246.8853m/z	0.10868065	0.912971444	0.173089
9.87_480.2763m/z	-2.032696262	0.188504086	0.173312
8.84_209.1153m/z	-0.596807741	8.941186927	0.173447
12.32_453.2307m/z	0.71176294	0.418986123	0.173632
10.32_173.1180m/z	-0.464560899	1.154318536	0.173709
8.54_489.1392m/z	-2.503136687	1.09691327	0.173768
7.00_186.0557m/z	-0.388635679	0.025812192	0.173943
12.97_249.1498m/z	-0.117117751	0.62164026	0.174521
1.74_123.0436m/z	0.220962848	1.405297035	0.175178
11.45_597.2349m/z	-0.407213198	0.001313118	0.175498
10.10_407.2067m/z	-0.450986492	1.908164281	0.175906
9.22_336.0627m/z	4.817120992	1.885479086	0.17626
8.69_527.2856m/z	0.471575576	1.162942129	0.176731
5.02_153.0651m/z	0.311196398	0.116482218	0.177014
10.07_301.1407m/z	0.014027421	0.097584235	0.177134
9.05_363.2158m/z	-0.426086488	3.489497885	0.1772
18.12_371.3146m/z	-0.03774187	0.232998577	0.177314
7.75_327.0003m/z	0.265566673	0.849237422	0.177318
12.66_455.2464m/z	-0.24811554	0.254623806	0.177671
8.05_107.0501m/z	0.105020184	0.221010647	0.178229
1.22_673.5092n	0.114617226	0.705955045	0.178453
11.79_348.1939n	1.517261663	0.237980504	0.178721
9.34_399.0455m/z	-4.109274117	2.01172829	0.179337
7.45_121.0292m/z	0.213752566	0.445146355	0.179393
11.83_142.1354n	0.209942287	0	0.179418
7.98_151.0397m/z	-0.489988405	0.148273966	0.179988
9.20_607.2370m/z	0.637028884	1.852481349	0.180502
12.03_295.2260m/z	-0.709738495	2.033371192	0.180511
11.68_390.2768n	-0.372317024	0.866087631	0.180748
9.83_149.0836n	-0.714550878	0.505735454	0.181018
11.19_221.0817m/z	-0.409347326	3.604713805	0.181044
11.24_387.2528m/z	0.660752173	1.756949543	0.181154
7.35_296.9795m/z	-0.161044489	0.632616121	0.181631
12.46_362.2445m/z	-0.430074541	2.424123144	0.181723
1.66_248.9481m/z	-0.351522738	1.080410997	0.182196
12.34_502.2717m/z	-0.964141943	0.882046304	0.182219
11.74_524.3353m/z	-0.435917368	1.153896802	0.182354
1.74_133.0308m/z	0.38228078	1.935220153	0.182606
10.55_584.2797m/z	0.555509551	0.535865306	0.182691
1.79_291.0570m/z	-0.338224769	0.438079718	0.182918
10.42_269.2004m/z	-1.179405304	2.567300023	0.183067
8.29_151.0394m/z	0.370352754	1.90551839	0.183115
9.06_509.2750m/z	-0.45580842	1.268272669	0.18337
8.54_335.0225m/z	0.515710733	0.119196694	0.183698
7.31_378.9173m/z	0.208851085	0.940493381	0.183771
13.62_665.2585m/z	0.344787961	1.139642226	0.183814
12.26_215.1652m/z	-0.819527145	2.301935139	0.1845
7.75_266.0376n	0.270290848	1.164011548	0.184513
8.81_473.1449m/z	-0.37411378	0.006068912	0.184775
10.74_359.1162m/z	1.115674662	1.211630089	0.184908
10.53_469.2257m/z	0.447624131	0.279167855	0.185469
18.29_160.0146m/z	0.094156732	0.800239339	0.185528
8.99_364.0781m/z	-1.48621823	7.487231581	0.185564
18.49_144.9424m/z	0.07420844	0.574359827	0.18567
12.99_396.1784m/z	-0.525144995	1.735168015	0.186017
10.60_397.1693m/z	-0.966660822	2.81171852	0.186021
1.39_405.9462m/z	0.512728634	2.501164474	0.186098
11.74_346.9868m/z	-0.832715993	0.831579129	0.186827
8.93_540.2568n	0.072798291	0.116754324	0.186979
9.55_171.1023m/z	-0.176361958	1.127618769	0.187225
10.70_223.0955m/z	0.115034013	0.300950961	0.187702
11.67_462.2853m/z	0.539263964	0.485254403	0.187801
1.52_174.0998n	0.880761058	4.450733052	0.187869
12.51_445.2949m/z	-0.458680819	0.611076834	0.188027
11.47_453.2247m/z	0.895304846	1.139830353	0.188372
10.74_625.3477n	-0.13826662	0.408162147	0.18855
1.75_153.0650m/z	0.296333373	0.127772031	0.189272
1.74_193.0964m/z	3.187787998	0.069858703	0.18945
9.63_543.1569m/z	-1.046069964	2.002799345	0.189581
12.16_657.3310m/z	-0.417279455	0.565296996	0.18964
12.35_470.3143m/z	-0.673080987	1.438159513	0.189852
9.07_219.0275m/z	-1.051461258	2.275871652	0.189896
11.68_446.2910m/z	0.299811033	0.335190731	0.190394
9.28_274.1333n	-0.653967831	2.079987872	0.190486
9.34_287.2095n	-0.117412243	0.347800089	0.190601
8.84_133.0127m/z	-0.395252398	4.729889728	0.190871
11.50_180.1025m/z	-1.189340595	2.65698156	0.191089
13.03_468.3325m/z	-0.207571713	0.25147475	0.19124
9.66_475.1934m/z	-0.449753223	1.038996789	0.191245
11.08_387.2861m/z	-0.351169583	0.362435226	0.192656
8.04_420.0797m/z	0.381494641	0.418370011	0.192728
13.91_432.3243n	0.319009673	0.871700915	0.192729
15.95_731.5425n	-0.030131111	0.005778781	0.193098
18.54_102.9482m/z	0.062655354	0.457362518	0.193136
10.77_634.2636m/z	0.849052555	1.002742525	0.193185
1.17_332.9218m/z	-0.029085509	0.018640384	0.193357
10.39_119.0846m/z	1.748289898	15.4752872	0.193361
7.95_131.0710m/z	0.176321353	1.133681936	0.19352
18.42_65.0143m/z	0.26004043	1.656814027	0.193587
11.67_554.3096m/z	-0.560267313	1.039388444	0.19395
18.07_130.9657m/z	0.097615533	0.632277041	0.19415
10.67_350.1072m/z	1.410111003	1.865650739	0.194547
14.94_398.2427n	-0.018763089	0.104236672	0.194593
11.97_218.0105m/z	0.07697291	0.656648528	0.194624
18.08_453.0859m/z	0.199412528	0.410878468	0.194963
12.81_686.2399m/z	-0.458781517	0.853887475	0.195061
13.37_451.3601m/z	0.304147559	0.338956289	0.195062
12.91_313.2384m/z	0.113910094	0.027385287	0.195167
10.37_495.2115m/z	2.966632756	0.007503479	0.195294
0.14_112.9547m/z	-0.086514346	0.782839923	0.195457
10.46_138.1040n	0.62043041	0.01980749	0.196076
18.93_484.7565m/z	0.204294089	2.052466294	0.196122
8.79_155.0695m/z	-0.139252562	3.013360813	0.196811
1.20_698.6426m/z	0.213731387	0.890246016	0.197365
6.64_146.0595m/z	-0.080746396	0.686113806	0.197545
1.28_127.0381m/z	1.738940998	3.567938708	0.197661
8.71_221.0089m/z	-0.790146624	1.119575161	0.197846
9.72_329.1746m/z	-0.267940244	1.322918898	0.197951
11.92_370.2950m/z	-0.114973467	0.162813217	0.198771
9.73_273.1383n	-1.24979805	6.570536808	0.198954
1.17_264.9343m/z	-0.044990379	0.056822665	0.199163
7.75_350.0948n	0.178342215	1.06822085	0.199453
1.74_171.1254n	-0.2618286	2.670000424	0.199511
8.51_289.0440m/z	0.449125502	1.431941499	0.199676
18.06_132.9229m/z	0.079179103	0.377703065	0.199746
10.69_151.1126m/z	0.730278876	0.543570194	0.199876
11.67_601.2704m/z	0.779924814	0.645340395	0.200339
13.59_591.3235m/z	-0.332295567	0.682043164	0.200361
8.51_227.0554n	0.209994317	0.780971139	0.200376
8.78_209.0794m/z	0.209291536	0.849522949	0.200524
7.75_485.0623m/z	0.287393879	0.505564319	0.201135
10.69_346.0512m/z	1.084771981	0.55512958	0.201238
11.68_413.2166m/z	0.995774593	0.105425875	0.201402
1.33_61.0395m/z	0.108709324	0.601645004	0.201573
11.34_457.1151m/z	2.089528623	0.483861423	0.201776
8.69_355.1119m/z	-1.89929255	1.95317719	0.202061
12.09_470.3252m/z	-2.554501315	7.819372423	0.202104
12.27_165.0918m/z	0.105667464	0.571738825	0.202398
10.92_251.1286m/z	1.442223978	2.721294403	0.202756
7.00_142.0659m/z	-0.291405382	0.066168147	0.202773
9.03_158.9781m/z	0.08418676	0.65634134	0.203214
8.46_302.1035m/z	-0.714009942	2.325702982	0.204224
10.89_424.2815n	0.794632256	0.845007282	0.204476
1.20_574.6950m/z	0.300355189	0.871013022	0.204845
9.83_539.1633n	5.155368492	0.081326566	0.205329
9.73_443.2104m/z	0.495072543	0.18292936	0.205552
13.87_241.1811m/z	0.155618579	0.449165282	0.206293
1.16_180.9730m/z	0.032658527	0.255066611	0.206604
9.66_379.1930m/z	-0.5265427	2.062810711	0.207096
9.65_241.1789m/z	-0.363777634	10.01986022	0.207628
8.80_262.2162m/z	4.056989022	7.120660938	0.207788
18.14_393.2965m/z	-0.075703387	0.593456413	0.207914
1.16_706.8074m/z	-0.08051336	0.108059098	0.208029
10.73_329.2561n	-0.471425191	0.930424395	0.208494
10.10_159.1023m/z	-0.345072084	1.124396497	0.208924
1.31_258.9816m/z	0.463103658	0.38342262	0.209321
9.01_433.1132m/z	-1.609231976	0.254392821	0.209603
1.23_94.9246m/z	0.075149224	0.26500746	0.209757
10.13_385.3087m/z	0.741448019	2.251943832	0.209928
9.26_299.0649m/z	-7.762916695	0.069512493	0.210767
9.66_397.1772m/z	-0.254896071	0.339547203	0.211003
10.08_338.2315m/z	-0.44634766	1.911601641	0.212304
12.20_388.2608n	-0.223705843	0.547972698	0.212468
10.26_349.1113m/z	-0.561855867	1.07362205	0.212776
7.51_263.0281m/z	-0.366244888	0.149294964	0.213126
11.20_461.2893m/z	-1.232575358	0.595109863	0.213164
1.19_172.9407m/z	0.233693823	1.343233135	0.213249
11.23_418.1969m/z	-0.484881142	2.022334914	0.213249
11.86_435.2274n	2.597891141	0.517410801	0.213517
9.02_351.0165m/z	1.018325783	0.431672701	0.214399
9.34_531.1842n	-1.128391041	2.119894427	0.21462
8.69_167.1037m/z	-0.537241516	4.907195171	0.215093
8.36_211.1300m/z	-1.228279264	6.897490831	0.21514
11.67_263.0552m/z	-0.317470323	2.0492035	0.21566
1.20_860.6224m/z	0.283719421	1.554813169	0.215731
18.40_136.0149m/z	0.221762672	1.423011722	0.215843
1.17_1174.6830m/z	-0.107411854	0.412350761	0.215962
10.99_222.9378m/z	-0.623525338	1.077516922	0.216154
9.00_509.1664m/z	1.579453374	2.936010253	0.216519
13.01_550.2420m/z	-0.495238842	2.996388697	0.217302
1.30_180.0859m/z	1.380458386	2.266930393	0.217334
11.68_511.3007m/z	0.531041573	0.524182135	0.217766
11.68_506.2635m/z	0.423415581	0.52449588	0.217875
10.72_371.1872m/z	-1.228406247	1.312417536	0.218003
9.09_349.0018m/z	-0.640806167	0.015800444	0.218241
9.53_138.0193m/z	0.096878918	0.393690665	0.218791
9.32_381.0623m/z	-4.520475835	0.341097068	0.219367
7.93_211.1435m/z	-0.493221677	1.965832951	0.219556
9.48_832.2394m/z	-0.066772571	0.413969985	0.219684
10.09_523.3146m/z	2.836802332	1.90591687	0.219924
1.22_728.4242m/z	0.19575687	1.153302981	0.220184
13.40_424.1738m/z	0.354178836	1.068166988	0.220535
7.29_135.0447m/z	-1.252674072	0.613064284	0.220556
1.66_188.1274m/z	1.20251337	3.028995206	0.220572
9.40_451.0692m/z	0.628315193	0.21807453	0.221301
9.56_411.2378m/z	-0.771838867	2.118719221	0.221371
8.67_199.0070m/z	0.190042039	0.689548856	0.222267
9.25_633.2540m/z	-1.053602899	2.858575313	0.22229
8.36_120.0572n	-0.275812917	0.45110962	0.223037
12.06_335.2225m/z	1.12767938	0.041666464	0.223138
8.22_195.0659m/z	1.17753596	0.382551958	0.223626
11.59_495.2590m/z	-0.521591007	0.050666114	0.223893
13.23_385.2729m/z	-0.543578307	2.324939662	0.22411
18.06_269.2267m/z	0.144795916	0.061032202	0.224292
9.53_375.0150m/z	-2.02090456	0.270271642	0.224997
10.56_550.2446m/z	0.285047018	0.525740017	0.225275
13.18_118.9252m/z	0.272879032	2.034669865	0.225328
11.81_389.2691m/z	-0.955692528	1.038533343	0.225351
18.08_84.9589m/z	-0.322332607	3.90853705	0.225456
1.75_295.0657m/z	-1.522753359	0.819200544	0.225832
10.66_536.0468m/z	1.208273243	0.187237002	0.225921
0.24_160.8918m/z	0.103187066	0.767435859	0.226158
7.40_259.0134m/z	-0.203790037	0.300950961	0.226974
13.88_116.9282m/z	0.031970935	0.108707355	0.227497
8.33_496.1703m/z	-1.722651343	10.85154543	0.227588
7.35_446.9930m/z	-0.35662777	0.903639282	0.227712
1.15_868.2939n	-0.271731207	0.596625499	0.228002
1.28_85.0278m/z	1.681537531	3.45175066	0.228734
9.69_255.2102m/z	-0.665512334	2.412314847	0.22879
6.92_502.1175m/z	0.259052414	1.715914583	0.22883
9.83_350.1751n	-0.492807415	0.590428658	0.229217
13.43_700.3067m/z	0.288160005	0.651562727	0.229609
12.54_422.3255m/z	-0.293209809	0.69161062	0.229667
12.81_602.3092m/z	-0.426576428	0.818753978	0.229756
12.59_377.1819m/z	-0.44888479	1.119316716	0.230025
8.92_173.1179m/z	-0.562143772	4.264208744	0.230079
11.24_335.0593m/z	-3.791829651	0.10362923	0.230169
1.74_150.0574m/z	0.356245766	2.206358362	0.23031
1.76_306.9352m/z	0.551884901	2.540354248	0.230802
14.77_335.2793m/z	-0.249837937	1.94616892	0.231355
8.41_380.0952m/z	1.989384173	0.05647828	0.231497
18.71_165.9022m/z	0.084364938	0.70574105	0.231696
9.39_479.1721m/z	-0.865082102	2.051078699	0.231949
13.68_690.2580m/z	0.270000601	1.217318879	0.232263
1.26_124.0071m/z	-0.14480662	0.075158047	0.232469
12.01_549.2671m/z	0.456363291	0.005704849	0.232887
1.22_705.4588n	0.176966564	0.782355528	0.233001
1.18_952.7497n	0.39651146	1.072332509	0.233106
11.44_603.2226m/z	-0.456676977	0.570934416	0.233256
8.97_294.1472n	2.183455457	0.506724628	0.234768
1.37_129.0651m/z	0.958708215	3.734064835	0.234933
16.32_195.1184m/z	-0.110566262	0.429160627	0.235151
12.55_680.2112m/z	-0.664550293	0.706573356	0.235401
9.34_333.0558m/z	-4.008205345	0.078896963	0.236257
6.03_100.0751m/z	-0.386385547	0.188044483	0.236481
1.78_180.0666m/z	0.10522402	0.37499125	0.236695
11.00_413.2142m/z	-0.995252924	2.592986611	0.236946
9.13_199.1686m/z	-0.592544924	12.65613667	0.237451
9.83_273.0488m/z	-2.465409369	0.056263672	0.238497
12.59_450.2965m/z	-0.685799391	0.913426634	0.238562
1.22_708.4560m/z	0.211991998	0.612773955	0.239036
11.77_359.2436m/z	-1.737266714	1.450729373	0.239607
1.19_256.9028m/z	0.169328524	0.795953311	0.240395
11.31_424.2463m/z	-1.587726887	1.044360828	0.240689
9.63_545.1294m/z	1.386801246	0.115839271	0.241118
7.34_233.1029m/z	0.302160327	1.547474512	0.24133
1.74_147.0434m/z	0.296201562	2.489512631	0.24138
1.20_538.7456m/z	0.275402759	1.473734404	0.241717
11.31_266.8875m/z	-0.951053516	1.315077477	0.241774
13.24_528.2979m/z	-0.847725195	3.832080389	0.242131
12.89_194.0824m/z	0.06067318	0.330458126	0.242296
9.84_231.0327m/z	-1.414757055	0.535398689	0.242795
7.41_553.0494m/z	-0.723090158	0.56618218	0.242796
9.05_513.1101m/z	-2.003368193	1.549670816	0.243476
12.17_472.3179n	-1.107743971	0.612494496	0.243606
9.72_327.1596m/z	-0.633283908	3.563516126	0.244075
1.74_130.0850m/z	0.787037547	0.818711063	0.244094
1.20_526.7649m/z	0.441954562	1.941608143	0.244696
15.26_184.0716m/z	-0.108259159	0.470061726	0.244784
1.22_714.4466m/z	0.323057367	0.998266287	0.244986
11.87_619.3847m/z	-1.708596384	0.469907928	0.245623
8.67_361.2188m/z	-2.754156003	13.73925145	0.245656
8.79_677.2407m/z	0.943046579	1.441471423	0.245876
10.89_366.2633m/z	-0.39468682	1.587284159	0.245969
7.78_333.0176m/z	0.311619473	1.217104754	0.246435
18.24_234.8192m/z	0.130126404	0.769568962	0.246713
13.18_492.2716m/z	-0.393478891	1.736292935	0.246936
11.49_422.0989m/z	6.257992056	1.669563904	0.247409
9.03_214.1446m/z	-0.233149496	2.494455265	0.247421
13.82_585.4755m/z	0.359998177	2.757930888	0.247465
13.67_124.0788m/z	0.329067421	0.993538237	0.247534
1.19_936.6418m/z	0.375590251	2.082989458	0.248125
17.82_96.9585m/z	-0.044292957	0.057902119	0.248126
1.19_928.6090m/z	0.352886586	2.3857146	0.248248
10.30_465.2484m/z	-0.703057213	1.961427522	0.248306
12.75_195.1373m/z	-1.673818333	6.044776611	0.248678
1.76_243.0622m/z	-0.08144255	0.232893134	0.248812
9.79_314.1032m/z	-1.392652453	5.331410963	0.248895
1.68_300.9878m/z	-0.22257893	0.54233152	0.249995
11.91_330.2468m/z	-0.565690684	3.188498053	0.250047
1.21_177.0502n	0.527787812	1.528538126	0.250314
12.71_413.2655m/z	-0.344425196	3.661047738	0.251306
10.68_397.0483m/z	1.052971535	0.864085368	0.251898
18.07_338.1551n	-0.172742009	0.145297504	0.252753
10.89_256.1919m/z	-0.233168629	2.281201133	0.253302
11.00_491.1873m/z	-1.081486784	0.989212584	0.253673
8.28_521.1432m/z	-1.209103369	2.687553938	0.253928
8.41_333.0071m/z	-0.77815546	0.0138654	0.2545
14.35_339.2888m/z	0.73554695	4.368119112	0.255947
9.68_273.2208m/z	-1.056912686	3.068464329	0.256444
13.65_239.0867m/z	0.145782991	0.653981679	0.257209
8.09_439.0695m/z	1.156895072	1.164270756	0.257923
8.71_445.1945m/z	0.249801858	0.853679676	0.259403
18.36_68.9954m/z	0.114443254	0.998032765	0.259727
8.37_220.0612m/z	-1.11591916	4.523040912	0.259751
7.80_243.1349m/z	1.248990506	2.460672936	0.259806
12.85_507.3197m/z	0.408911193	0.107943261	0.260638
1.19_794.7189m/z	0.193427795	0.652075067	0.261045
13.90_353.2658m/z	-0.42433729	0.337432922	0.261365
7.52_383.0433m/z	-1.779392084	0.256858836	0.261859
13.70_1113.5809m/z	-0.379636299	0.57817898	0.262714
13.16_859.5371m/z	0.49949752	3.079564637	0.263002
10.67_529.2066m/z	-0.816438439	2.193112838	0.263102
1.20_886.6283m/z	0.294071743	1.609139047	0.263816
13.23_778.5350m/z	-0.281650601	0.435194321	0.265374
6.62_288.0602m/z	-0.091642661	0.400679256	0.265383
10.84_385.2553m/z	-0.424070273	0.521263283	0.265762
18.07_147.9299n	0.124848687	0.816234916	0.266255
1.23_92.9274m/z	0.064105044	0.402839237	0.266924
10.47_549.2778m/z	-2.045665209	0.299182966	0.267366
9.21_381.0279m/z	-0.893339138	0.038549954	0.267871
1.20_482.7874m/z	0.286637851	1.842117306	0.267992
8.83_167.0346m/z	1.302919153	2.834948671	0.268183
11.36_326.2160m/z	-0.538183767	1.998300894	0.268716
12.98_570.3040m/z	-0.511032769	2.39685671	0.269358
11.71_295.0498m/z	-2.432867801	2.40474414	0.269676
9.06_151.0395m/z	-0.671833741	1.230613072	0.269935
11.89_280.2398n	0.111249239	0.099612659	0.270342
1.19_708.8067m/z	0.160765508	0.849956203	0.270702
9.04_200.2005m/z	3.652207058	7.067368477	0.270765
2.53_159.0268m/z	-1.271497259	0.594049498	0.271033
7.93_283.0820m/z	1.207267623	0.156331899	0.271076
12.17_366.2841m/z	-1.391053042	12.74775152	0.271182
1.31_367.1051m/z	0.157306423	0.73852539	0.272605
1.19_422.8324m/z	0.241139035	1.119729043	0.27272
10.87_577.2625m/z	-1.252087752	1.172006232	0.276601
11.36_436.1404n	8.649773702	0.170872554	0.27686
7.99_374.2546n	3.272105069	0	0.277144
9.06_313.0357m/z	-1.207908021	1.849479954	0.277197
11.49_387.2520m/z	0.54373423	1.884755715	0.277987
0.13_195.9129m/z	0.066905761	0.254740126	0.279027
1.20_302.8346m/z	0.239015743	0.755571954	0.279539
1.20_480.7884m/z	0.270672837	1.63329321	0.279826
11.60_356.1377n	8.458980024	0.094002395	0.27995
11.61_357.2781m/z	0.574943999	0.160146899	0.280243
13.01_493.2873n	-0.820621125	2.258589951	0.280295
7.42_183.0297m/z	-0.345113174	0.164512358	0.280322
8.80_455.1711m/z	-0.575128692	1.269406659	0.280472
11.06_285.2570m/z	-2.194995005	7.588499826	0.280504
9.06_330.0258m/z	-1.290168419	0.973454479	0.280754
1.19_881.6882n	0.204545935	1.269534277	0.28121
1.19_836.6998m/z	0.212965859	0.818282147	0.28125
8.67_389.0903m/z	0.464611987	2.527474651	0.281816
7.40_197.0429m/z	-0.193298868	0.013688772	0.283435
12.57_544.2882m/z	-1.003613869	1.036251355	0.283454
10.70_407.2795m/z	0.642990725	0.200778726	0.283848
9.48_213.0224m/z	-0.178858804	0.199165431	0.284055
11.76_245.2260m/z	0.193803668	0.247711796	0.28425
8.45_339.0963m/z	-0.583478154	1.91760603	0.284369
19.78_452.8114m/z	0.169746296	1.024110241	0.284371
11.94_346.3072m/z	3.848429435	16.55365082	0.284822
10.46_448.1420m/z	-1.397489581	4.155492381	0.28525
8.60_451.1398m/z	-1.803942387	2.043076055	0.285541
1.19_844.6460m/z	0.271731495	1.727434399	0.28564
11.06_597.3637m/z	1.600427556	0.637165181	0.285812
6.62_142.0659m/z	-0.173178934	0.011768448	0.286496
1.31_260.9796m/z	0.511601268	1.072486436	0.286706
1.36_178.8576m/z	-0.544363472	2.540152345	0.286785
6.65_109.0292m/z	-0.294537635	0.180085099	0.287196
9.63_549.1749m/z	-0.508907002	1.281682697	0.287209
12.75_386.3259m/z	-0.722575093	1.281804834	0.287469
7.86_280.9928m/z	-0.428633886	3.421719604	0.287528
7.86_282.9906m/z	-0.431309062	3.40210526	0.287718
9.34_462.1762m/z	-0.693289635	0.745570361	0.287802
17.88_796.5249m/z	0.071235776	0.181164674	0.28847
10.91_274.2961m/z	2.808515664	17.17359409	0.288776
1.19_642.7687m/z	0.157669735	0.531732445	0.289326
9.72_253.1344m/z	-0.552397883	1.567622458	0.289539
1.19_896.6567m/z	0.238094265	1.735210501	0.289732
9.79_496.2080m/z	0.853914275	2.458898993	0.290277
12.75_278.2086m/z	-0.23435373	4.375091157	0.291162
1.74_352.0204n	0.59516968	2.341218057	0.29169
10.63_298.1846m/z	-0.866201515	2.341038015	0.292754
18.01_833.5913n	0.036528578	0.116302233	0.292861
12.71_475.3267m/z	-0.668477257	0.171126875	0.295488
18.08_184.9846m/z	-0.475208522	7.489813028	0.296035
1.22_643.5036n	0.209980467	0.914698716	0.296313
13.25_548.2969m/z	-0.965194693	4.597599322	0.296387
1.20_286.8609m/z	0.207969529	0.753592522	0.296726
10.26_128.0023n	-3.285499004	0.838889656	0.296793
12.57_652.2168m/z	-0.588477392	0.98819281	0.29738
12.75_662.2388m/z	-1.362894383	2.676710765	0.297748
1.30_435.0564m/z	2.770678669	2.945685769	0.297778
9.73_408.1426n	8.812473573	1.134452478	0.298024
11.02_369.1998m/z	-0.847655674	1.962984084	0.298211
11.09_179.1802m/z	-0.6791446	2.484965101	0.298929
11.59_459.2719m/z	0.639446208	0.072176585	0.298978
14.64_249.1873m/z	0.620681265	2.947560016	0.299045
13.39_609.2553m/z	-0.323121965	1.018671213	0.299176
6.63_116.0503m/z	-0.156599902	0.612674255	0.299266
9.72_395.1622m/z	-0.801841287	4.312227652	0.299668
7.40_331.0909m/z	0.494365978	0.134852776	0.299788
1.16_1128.7088m/z	-0.063256655	0.078772507	0.300595
10.55_467.0834m/z	-1.238512677	4.040992494	0.301997
12.17_300.2891m/z	0.800315935	6.631025484	0.302322
10.75_381.2087m/z	-1.050820109	3.123594506	0.302438
9.76_549.1254m/z	5.981349889	0.989394787	0.302605
11.01_621.2330m/z	0.722256391	2.997730239	0.304008
12.19_213.1494m/z	-0.232679344	0.832042037	0.304291
9.25_61.9986m/z	0.228883864	1.31409532	0.305102
10.95_210.1849m/z	0.501529131	8.418778756	0.305179
1.53_400.9353m/z	0.639258856	2.837797158	0.305457
12.89_398.9356m/z	0.452148046	0.594675842	0.305736
11.31_604.3249m/z	-1.507348863	1.554992388	0.306412
10.70_353.1771m/z	-1.000135078	1.325233441	0.306724
10.70_284.0684n	0.750839924	0.567855208	0.307366
11.65_470.2877m/z	-0.692097514	2.001687468	0.308372
11.43_422.1345m/z	-1.55199426	3.498928408	0.308821
9.68_464.1430m/z	-0.490963411	4.816878269	0.309468
13.21_487.3283m/z	-0.247223715	0.457189506	0.309967
10.68_499.1307m/z	-1.374977981	0.509391269	0.310774
11.35_435.1340m/z	0.900063048	3.080473194	0.310862
12.02_593.1295m/z	-0.280513505	0.853809927	0.311036
11.96_284.2950m/z	1.003729837	5.413812295	0.311491
9.14_239.1608m/z	-0.830858382	11.02722342	0.312274
12.80_603.3062m/z	-0.409835095	0.400413834	0.313006
8.21_183.0299m/z	-0.229613223	0.665666903	0.313143
12.12_161.0953m/z	-1.527541019	16.1292936	0.31454
11.67_378.2397m/z	-0.264433104	1.77832761	0.314734
14.18_614.3462m/z	-0.105022143	0.313623849	0.31637
15.49_822.6253m/z	0.248780129	1.39252782	0.316425
12.86_377.1819m/z	-0.477010201	1.300333945	0.317374
10.61_177.1647m/z	-0.804865819	2.888750932	0.318054
1.43_347.0743m/z	1.917567796	6.730814067	0.318122
9.26_443.2160m/z	1.378095723	0.308734569	0.31915
8.97_144.0450m/z	-0.460196108	2.898627598	0.319288
10.57_414.2992m/z	0.314039135	0.540862433	0.319485
10.15_421.0593m/z	-0.288269811	0.013773042	0.320269
1.45_130.1079m/z	7.455073092	0.687488374	0.321557
9.34_331.0586m/z	-3.404330774	0.707630938	0.321842
19.06_273.8632m/z	0.134362481	1.450666849	0.322245
13.42_600.2020m/z	0.290360754	1.145873787	0.322849
7.00_515.2616m/z	-0.756871606	1.308317457	0.323082
8.99_354.1182n	-1.433763155	2.898768613	0.32389
11.02_415.1514m/z	-1.155403107	1.070029105	0.325415
10.55_449.3136n	0.16695945	0.116494144	0.325627
11.20_199.1336m/z	-0.60754534	4.267771947	0.32882
9.31_615.2433m/z	-1.132463834	5.608579672	0.328821
1.20_431.8400n	0.411713693	1.784605688	0.329116
8.32_137.0589m/z	1.563432556	7.274767279	0.330177
13.25_357.2783m/z	0.389335259	0.285335007	0.331001
11.67_533.2836m/z	0.445384826	0.481586091	0.331259
8.86_442.1132m/z	-1.926391075	7.455763234	0.331369
7.40_145.0615m/z	0.788991085	0.9966041	0.332247
9.96_193.0149m/z	0.13957188	1.215309261	0.33232
7.77_152.0461n	0.149840182	1.040099936	0.332787
1.68_435.0162m/z	-0.401724772	1.596967033	0.332929
8.47_226.0178m/z	1.073978441	0.757341815	0.33322
9.31_229.0173m/z	-0.894530298	0.451361257	0.333225
12.52_415.3194m/z	-1.102659464	5.877689079	0.33442
7.29_231.1005n	-5.070179364	0.170684003	0.334806
10.35_579.2782m/z	-0.449848676	1.376622508	0.334883
12.56_716.2620m/z	-0.790506785	1.722003646	0.335267
8.05_397.0029m/z	0.140034966	0.130246267	0.335399
12.64_393.2917m/z	-0.103859476	1.637513755	0.335533
1.25_130.0490m/z	0.38998968	4.923410524	0.335612
11.33_721.2104m/z	-0.917499959	3.233807331	0.335696
10.76_393.2644m/z	1.064211224	1.385746269	0.335901
8.84_297.1273m/z	2.334202759	5.846615071	0.33596
10.05_798.6685n	-0.451620178	4.783269486	0.336831
1.22_785.3937n	0.247393291	0.916995743	0.337683
13.60_615.3481m/z	-0.464975857	1.711017878	0.33839
18.76_262.8581m/z	0.075954002	0.555025123	0.338447
12.17_349.2578m/z	-1.914102064	14.42704712	0.338549
10.49_294.0667n	10.8559152	0.339857684	0.338574
18.07_174.9557m/z	0.110798849	0.677016193	0.339004
9.24_541.0083m/z	-0.389041403	0.51604631	0.339534
9.83_547.1448m/z	1.472509957	0.481268967	0.340176
1.76_737.0536m/z	0.379219906	0.896586293	0.340429
13.49_357.2785m/z	0.465010513	0.78386314	0.340795
1.31_78.9180m/z	-0.131470103	0.415012176	0.340993
13.61_281.2493m/z	-0.238929412	0.241104753	0.341412
1.76_218.1380m/z	0.583178762	2.603690785	0.341854
8.69_274.1317n	-0.346041638	0.926960192	0.342182
1.28_97.0278m/z	1.560830278	3.378316991	0.342823
10.12_229.0535m/z	-1.540985748	0.17477712	0.342832
13.04_448.3414m/z	0.135945766	0.099095662	0.343041
10.71_601.1676m/z	-1.390540978	3.130900349	0.343913
8.49_647.2337m/z	-1.740209799	7.743467458	0.343969
14.58_233.1550m/z	-0.130012091	0.661870346	0.344066
11.46_685.2124m/z	-0.982498455	2.10889538	0.344924
10.49_417.2126m/z	1.439239408	1.447492393	0.345352
6.98_173.9987n	-0.092790319	0.336858082	0.346397
9.05_606.1332n	-2.095074967	1.499055834	0.346515
12.33_453.2805m/z	-0.834919155	1.288794454	0.346636
1.33_165.0403m/z	0.578417814	2.912985661	0.347885
1.77_279.0355m/z	0.150782639	0.854303371	0.348262
14.93_598.3851m/z	-1.243414996	4.051155888	0.348316
10.07_352.0860m/z	-1.363297839	0.797274711	0.348317
8.17_340.1031n	-0.778606709	1.753858554	0.349866
10.39_500.1809m/z	2.356767532	6.317498425	0.350277
12.79_413.9218m/z	3.987587836	0.136649774	0.351341
18.85_389.8083m/z	0.133054861	1.306382957	0.351678
12.98_494.2873m/z	-0.479712499	2.402773359	0.352742
8.51_205.0735n	0.15919059	0.504519493	0.352826
10.16_439.1762m/z	-1.105588092	1.375827265	0.353885
9.60_143.0877m/z	3.576252151	17.93272451	0.354612
15.92_800.5457m/z	0.056691182	0.095076822	0.354886
12.12_203.1059m/z	-3.139247814	19.70354543	0.355588
7.38_364.0468m/z	-0.291267984	0.644897282	0.35609
9.10_438.1529n	3.004985613	2.550839531	0.356122
7.40_367.0987n	0.459316797	1.009062072	0.35692
11.65_444.2123m/z	-0.337008968	1.72060914	0.357634
9.91_488.1914m/z	-1.050595164	1.79278586	0.357865
8.84_149.0417m/z	-0.44766394	4.43707935	0.358154
9.87_189.0784n	-1.747996757	0.159848094	0.359573
8.45_117.0903m/z	-2.592168711	17.23049713	0.359635
7.74_186.1132m/z	-1.389803679	6.815251802	0.360952
10.36_415.2124m/z	-0.359335136	0.789577134	0.362345
1.76_166.0125m/z	0.381602628	1.721939537	0.364161
13.87_861.5518m/z	0.814695671	4.384808786	0.364271
1.75_304.9337m/z	0.692624027	2.193344598	0.364928
1.28_482.9976m/z	2.259515734	2.881388109	0.36518
13.13_887.5580m/z	0.405449122	3.961022378	0.365306
4.67_218.1378m/z	0.714653552	2.877394251	0.366584
13.38_592.2653m/z	-0.150771802	0.299302339	0.36779
1.09_242.9431m/z	0.300356769	1.00446703	0.367832
10.77_566.2762m/z	0.449653167	0.414338526	0.368151
19.10_196.8948m/z	0.084173745	0.870771065	0.369287
14.92_590.3804m/z	-1.560998448	2.324515869	0.369311
9.32_333.1439m/z	-0.846292729	3.518953147	0.370438
8.69_109.1005m/z	-0.613271628	4.931187277	0.373486
1.20_288.8579m/z	0.260075877	0.959093207	0.374776
12.58_381.2043m/z	-0.769240203	1.892020518	0.375725
1.47_143.0941n	0.312839995	0.00939967	0.375999
9.09_375.1191m/z	-1.101209761	5.514801177	0.377159
9.07_310.2014m/z	-0.47307548	1.96258944	0.377176
10.67_157.0867m/z	-0.499163672	1.901404724	0.377743
12.54_502.2912m/z	-0.58046181	1.907426718	0.378239
1.19_338.8665m/z	0.238664522	0.632182071	0.378561
9.32_80.9730m/z	3.848399721	14.64402963	0.379553
7.98_230.9965m/z	-0.674461408	0.121185901	0.380006
12.21_311.2223m/z	0.292526977	0.08596429	0.380054
8.37_599.2508m/z	-0.567736809	1.411988387	0.380124
10.10_681.3471m/z	0.712372637	2.107985582	0.380542
9.61_464.3011m/z	-0.638702736	0.64348082	0.381425
18.38_136.9988m/z	0.172526293	1.656164215	0.38163
13.24_519.2961n	-0.559876157	3.57155742	0.382106
1.20_230.8995m/z	0.238897882	1.225589614	0.3823
1.19_812.6938m/z	0.23981936	1.882834805	0.382506
9.75_360.1930n	-0.481503309	4.836319929	0.382651
1.19_754.7354m/z	0.191088985	1.636222606	0.382935
11.57_385.2047m/z	1.241452834	1.274453426	0.383382
1.16_112.9854m/z	0.077504875	0.637383714	0.383945
8.78_187.0974m/z	0.208008085	0.871920754	0.383946
8.20_695.2211m/z	-1.630100782	4.576981986	0.385649
12.12_277.1791m/z	-2.977747906	18.93804641	0.388067
8.21_697.2339m/z	-1.46098179	8.341338126	0.388141
6.65_130.0643m/z	0.442895698	10.67537189	0.388369
7.17_246.1694m/z	0.502246544	2.371908536	0.388589
12.98_510.2832m/z	-0.684587366	3.431412278	0.388773
6.62_497.1411m/z	-0.137481265	0.615772071	0.390444
1.19_319.9017n	0.12003754	0.63930626	0.390696
9.66_228.1604m/z	-0.285308207	3.892291556	0.391484
11.17_489.2696m/z	2.144391675	2.459743122	0.391919
10.41_530.0900m/z	-1.313679554	3.836600067	0.39201
9.82_245.2164n	1.847274539	17.18039027	0.392191
13.72_258.0605n	-0.200528167	0.349557449	0.392312
7.68_403.0656m/z	1.893836397	0.888519049	0.393013
1.22_707.4774n	0.270928416	1.119618059	0.393624
0.10_96.9598m/z	0.060155184	0.425720966	0.39474
6.62_159.0927m/z	-0.221369557	0.826732127	0.395915
1.76_128.0352m/z	-0.174680734	0.15067581	0.397087
1.74_177.1016m/z	2.075631706	0.950115537	0.397241
6.62_226.0721n	-0.066527056	0.330069775	0.397864
8.96_587.2870m/z	2.234023284	0.305107998	0.400352
10.96_349.2818m/z	4.455430956	3.656357088	0.400456
12.44_446.2278m/z	-0.291159222	1.140316624	0.400703
1.30_175.0950n	1.237393137	7.034017459	0.401909
11.19_186.1253n	0.430257297	0.138770359	0.40356
12.15_378.2769n	0.706135472	3.323598151	0.404007
10.12_610.3599m/z	0.742971238	1.657729349	0.404322
7.00_247.1437m/z	-0.552921971	1.40798655	0.404455
14.35_616.3613m/z	-0.515647951	1.678745496	0.405993
17.48_487.3614m/z	0.093281734	0.6265179	0.406022
1.19_674.7204m/z	0.29214111	2.708491292	0.407515
18.99_390.7956m/z	0.133698108	1.429252803	0.407989
12.79_446.2525m/z	4.184359223	0.993726545	0.40838
12.75_634.2442m/z	-0.546859441	1.528400284	0.408675
13.01_497.3331m/z	-0.528406313	4.745792822	0.410012
11.69_480.1665m/z	-1.814762963	2.332951643	0.41033
9.22_266.0182m/z	0.222454168	0.223420842	0.410831
12.59_483.2943m/z	-0.832417808	0.615196931	0.410913
10.72_185.9941m/z	-0.182293532	1.344013981	0.41099
8.29_93.0341m/z	1.725413935	5.876243065	0.411202
13.25_396.1775m/z	-0.734939596	3.94285521	0.411244
1.68_410.9850m/z	0.354152607	1.275054359	0.412058
10.52_695.3626m/z	0.772073292	1.824955203	0.412869
8.67_351.1543m/z	-1.080340002	5.154426358	0.413262
12.96_396.3441m/z	3.940207231	0.191948455	0.414716
1.04_146.9620m/z	0.282286277	2.63042609	0.417264
10.40_633.0904m/z	-0.890726879	2.840153192	0.419157
8.19_273.1244m/z	-0.701416838	2.599520726	0.419736
11.59_383.0893n	9.831931516	0.616410813	0.420135
1.68_216.0245n	-0.175503415	0.470310481	0.420578
12.79_135.0795m/z	4.296940913	0.235091194	0.421021
10.68_400.1548m/z	-1.391575273	1.041717137	0.421458
11.09_300.2001m/z	-0.765730437	3.377929038	0.422689
10.34_647.2378m/z	-1.297664031	3.459008949	0.424452
12.58_612.2233m/z	-0.707184918	1.09633658	0.424652
11.98_179.0711m/z	-2.407661663	1.763850855	0.42673
10.50_378.1009m/z	-1.462757179	0.730283966	0.427574
16.42_805.5604n	0.006940108	0.010986921	0.42785
8.51_381.1181m/z	2.80943597	0.135639643	0.428601
12.80_527.2965m/z	-0.334470709	0.726262788	0.428972
9.47_550.2437m/z	0.979315907	1.632264005	0.429897
10.02_378.3205m/z	4.166887557	5.661330396	0.430129
1.77_247.0444m/z	-1.271593929	2.119288136	0.433714
9.63_429.1945m/z	-0.427146867	1.569679795	0.434504
12.28_395.2429m/z	0.542178697	3.838434364	0.434825
9.05_519.1273m/z	-1.277726715	3.555263696	0.436376
12.77_397.3186n	-0.214246481	0.604329454	0.436999
18.67_163.9284m/z	0.145319051	1.160542694	0.4371
11.71_325.2013m/z	-0.770181366	5.969056379	0.44403
13.26_516.2813m/z	-0.839869454	2.453293273	0.44426
7.78_237.1687m/z	-1.773882138	19.14347955	0.44443
1.75_159.0269m/z	-1.148633988	1.041119947	0.444714
6.62_655.2267m/z	-0.259280479	0.0157455	0.445386
7.75_214.0332m/z	0.258199134	1.316334398	0.44814
12.64_421.3165m/z	-0.147795962	0.996754945	0.448144
12.58_660.2294m/z	-0.564796674	0.993397059	0.448266
9.27_231.0776m/z	-7.14268536	0.516660942	0.448593
18.11_433.2354m/z	-0.330348796	1.138425567	0.448941
11.16_649.2483m/z	-2.52346758	7.900516182	0.449249
7.75_129.0558m/z	0.130180164	0.931632292	0.449317
1.75_86.0960m/z	0.258379208	2.477091724	0.450413
11.43_316.2843m/z	2.280792225	14.14700124	0.452875
9.05_399.1474m/z	-1.61172378	0.870925902	0.453176
15.31_205.0853m/z	0.109933274	0.498970879	0.45414
12.73_380.2567m/z	-0.294002596	0.577722124	0.456294
12.02_279.0272m/z	-0.882658869	1.068458228	0.457225
10.08_777.6919m/z	-0.42649227	6.713283121	0.459069
7.61_171.1373m/z	-3.028171784	18.85524837	0.459604
13.26_361.2742m/z	-0.668140902	4.702467088	0.460331
1.74_114.0768n	0.547124535	3.867791558	0.460402
18.03_832.5810m/z	0.022602669	0.123334812	0.462112
8.59_429.1946m/z	-0.848869411	3.962812629	0.4625
9.05_462.1765m/z	-0.511044179	1.317808878	0.463094
13.26_412.2080m/z	-0.784188824	5.642623618	0.46323
1.73_71.0733n	0.378297445	1.652480693	0.464943
12.99_407.2198m/z	-0.54499712	2.908857325	0.465067
8.98_340.0821m/z	-1.832383303	7.709553561	0.465279
10.27_511.2178m/z	0.878352232	1.293598882	0.466727
1.18_578.8695m/z	0.22716407	0.706462879	0.468149
9.65_505.1478m/z	-1.261303858	3.184152727	0.469532
18.12_457.2351m/z	-0.475767413	2.275737241	0.470776
1.30_117.0781n	1.145046064	6.578280935	0.471498
1.19_670.7724m/z	0.233392875	2.400835527	0.471859
9.02_362.2086n	-0.479809248	3.781527517	0.47228
13.25_520.3037m/z	-0.656738048	4.803862519	0.473337
15.29_297.0809m/z	-0.470328043	2.662926284	0.474794
12.27_282.2785m/z	1.410222765	0.366981221	0.474986
14.62_149.9941m/z	-0.076397898	0.066477788	0.475288
9.60_184.1144m/z	1.366927733	19.25200745	0.475289
6.68_117.0555m/z	0.283809325	1.356628268	0.476208
12.85_550.3144m/z	-0.583516353	2.673655945	0.477042
10.39_428.2318n	5.13592889	0.188130873	0.478537
18.85_278.8525m/z	0.066128866	0.479669775	0.479003
19.02_245.8690m/z	0.139870975	1.474904636	0.479982
1.76_547.0413m/z	0.365940529	1.422408255	0.480509
12.65_557.3289m/z	-0.904525037	5.786963288	0.480743
9.83_211.0607n	-1.597843871	0.056650933	0.481556
8.59_215.0017m/z	1.863317728	1.315784103	0.482018
1.19_854.6751m/z	0.376127315	3.34974786	0.483961
11.23_350.2098m/z	-0.356181266	1.897058885	0.484592
13.40_1091.6161m/z	-0.771852507	1.21221021	0.485086
16.44_816.5854m/z	0.098946137	0.453520264	0.485369
12.78_413.1950m/z	4.250525431	12.76477718	0.486242
18.02_797.5892m/z	0.262165708	0.997829617	0.490273
10.41_222.1135m/z	-1.047264363	3.082734022	0.491855
18.53_320.8858m/z	0.123361168	1.164573255	0.493631
7.43_268.0073m/z	-0.384232586	1.15424605	0.494047
1.74_136.0750m/z	0.383602736	2.819295069	0.494173
1.22_270.7974m/z	0.179509105	0.961538804	0.496393
8.21_390.0560n	-0.328368306	0.757451118	0.496839
11.39_493.2791m/z	-3.257297549	4.714183992	0.496956
11.32_484.2673m/z	-1.246995452	0.843042186	0.497168
1.18_610.8169m/z	0.150163031	0.852629799	0.497471
9.72_422.1814m/z	-0.44461288	3.676419982	0.498171
9.39_93.0344m/z	2.43962266	0.025381013	0.505327
1.74_165.0540m/z	0.341383978	2.665584452	0.507815
13.25_568.2657m/z	-0.456128563	1.76250653	0.50851
16.40_838.6259m/z	-0.093139968	0.329059646	0.508624
1.20_314.8609m/z	0.317856583	2.708480194	0.509145
10.47_367.1849m/z	-0.977338298	4.819077407	0.510171
7.40_416.1311n	0.998429225	1.426504113	0.511937
10.83_423.1189m/z	-1.219482905	4.600511455	0.513623
12.98_678.2328m/z	-0.407290802	2.478212269	0.514446
1.32_146.0823m/z	0.898788048	4.533832558	0.516154
10.98_469.0983m/z	-1.323680147	1.140165468	0.51727
1.20_506.7957m/z	0.341935959	2.777616529	0.517663
10.88_427.2152m/z	0.449504043	0.569844288	0.520243
9.10_439.0693m/z	-0.439320791	1.056764753	0.521706
8.29_665.2438m/z	-1.376690173	9.318102388	0.522157
1.16_248.9609m/z	0.038375801	0.295515737	0.522506
1.75_132.1012m/z	0.258197729	2.621589379	0.522982
1.16_316.9482m/z	0.039739744	0.2916896	0.523169
10.35_667.2584m/z	-1.767596123	8.884129988	0.523858
12.19_354.2472m/z	-0.763125276	3.864021855	0.524049
1.19_170.9438m/z	0.295809221	3.926124086	0.524903
9.77_414.0263m/z	-13.39133156	0.542395111	0.528659
17.69_233.1545m/z	0.114530015	0.561452905	0.529627
13.26_502.2917m/z	-0.168043513	1.614279359	0.530253
1.15_588.8978m/z	0.079451856	0.258342676	0.531622
1.74_182.0806m/z	0.324137657	2.452211762	0.532212
8.99_331.1297m/z	-0.977538006	3.950371143	0.53275
17.28_329.2484m/z	-0.445407842	0.846703551	0.536826
13.41_756.5520m/z	-0.219375966	0.073508869	0.537545
10.03_236.9805m/z	-3.90837812	0.684157654	0.537632
11.83_392.2919n	0.422959076	0.382413652	0.538653
10.49_450.2052n	-1.247942263	5.15485357	0.539532
8.45_274.1316n	-0.483902402	1.704608852	0.53976
11.49_301.1197m/z	0.499643711	5.79799147	0.544547
1.30_82.9538m/z	0.472027375	2.458792811	0.544948
12.75_579.3056m/z	-0.636768085	1.945923443	0.548331
11.70_252.0970n	-1.426160855	3.765563711	0.549596
11.01_615.2457m/z	-0.597434094	1.465662888	0.551583
12.10_345.2099m/z	-0.524119415	2.084068045	0.552098
14.39_429.3022m/z	-0.141512928	0.31383313	0.552867
9.17_525.2700m/z	0.311695852	1.401054181	0.553011
8.19_401.1744n	-6.826414362	0.017140154	0.554604
9.66_362.2086n	-0.171606373	0.102544461	0.556113
9.39_297.0381m/z	7.906559931	0.194591584	0.557344
9.70_307.1051n	-1.263886702	2.817965022	0.557733
10.53_627.3752m/z	0.237130812	0.368562319	0.564474
12.93_344.3153m/z	3.985583644	4.860042244	0.566053
11.47_647.2332m/z	-1.049246406	4.453020794	0.567627
10.68_505.1469m/z	-1.120709653	2.099589717	0.567674
10.97_517.1036m/z	-1.382388192	2.165808904	0.568475
12.34_580.2866m/z	-0.752249528	1.448046464	0.568484
13.79_555.3245m/z	-0.356006567	2.530123517	0.568858
1.34_162.8390m/z	-0.060480335	0.182920095	0.570524
11.01_301.1192m/z	0.819455953	4.634221958	0.57059
14.51_667.2740m/z	-0.525236779	4.036397732	0.571558
1.76_187.0418m/z	0.149270309	1.230439541	0.572541
8.51_321.1302m/z	3.830148146	16.70067796	0.573161
1.76_260.0233m/z	0.678815982	4.403162185	0.578223
9.32_127.0147m/z	3.974326947	11.64731014	0.578774
12.78_473.2633m/z	4.24577693	1.074993879	0.580852
13.25_512.2249m/z	-0.81663269	5.024993043	0.5813
10.05_649.2485m/z	-1.238743005	5.527520008	0.582945
1.76_152.0332n	-0.539261234	1.120177844	0.584537
10.18_471.2408m/z	1.004241215	2.364186636	0.591413
10.97_567.1183m/z	-1.539448282	1.999054269	0.592129
5.57_166.0855m/z	0.190314463	1.616213349	0.593016
9.66_443.2146n	-0.359126212	1.487167574	0.600162
9.62_498.1770m/z	-0.548601191	1.921786136	0.604102
10.67_647.2332m/z	-1.247005998	4.129618922	0.604277
9.16_259.0105m/z	-0.394050635	0.946890811	0.604493
10.68_262.0816n	0.788192754	0.725511935	0.604592
1.41_70.0649m/z	0.537327046	4.930435495	0.605654
8.17_356.0473n	1.964896328	0.608345196	0.606749
14.91_634.3705m/z	-1.191510505	4.820554498	0.607183
10.42_513.0880m/z	-1.260801223	4.057898149	0.607403
15.35_281.0498m/z	-0.451068202	4.013110082	0.60817
10.66_415.1495m/z	-1.20929958	4.693427016	0.610893
11.48_386.2449n	0.600962657	1.930779746	0.610936
10.75_313.1191m/z	-0.768756689	4.243162383	0.612764
10.37_427.2245m/z	3.790526325	1.285915963	0.614655
10.70_533.1795m/z	-1.158650762	3.64601072	0.615018
9.60_181.0153m/z	0.130016369	1.200984259	0.616464
10.49_369.1722m/z	-1.365734327	5.627780476	0.616554
10.50_413.1358m/z	-1.210467991	5.567445971	0.617774
8.17_317.1140m/z	-0.729316232	3.291354786	0.619405
8.29_470.1458m/z	-0.729565182	3.100363866	0.621785
12.57_529.2893m/z	-0.498692046	0.707854732	0.623443
11.90_263.2366m/z	0.204095125	0.305436039	0.624458
7.41_418.0204m/z	-1.073040521	2.575534898	0.625392
9.88_371.1880m/z	-0.881684244	1.483150091	0.626432
8.29_453.1559m/z	-0.814211573	2.863212867	0.630461
10.95_256.2633m/z	3.020663905	20.8048063	0.630897
1.28_480.9991m/z	2.032931669	3.325744355	0.631735
10.67_665.2438m/z	-0.937825859	4.019015459	0.632064
13.94_502.2931m/z	0.257453977	0.457308989	0.632458
9.23_631.2409m/z	-1.315154106	3.778867558	0.633228
10.89_288.2524m/z	3.397297232	20.40257578	0.63395
17.76_305.2477m/z	-0.961071056	1.303058538	0.636914
9.56_357.1084m/z	-1.695449283	7.484048043	0.637764
11.59_363.1054n	10.06045768	0.782292386	0.637908
8.17_637.0844m/z	0.906641525	0.846541861	0.638955
8.26_663.2310m/z	-1.422043384	7.4444751	0.643766
10.42_520.1225m/z	-1.087099352	3.626238641	0.645942
10.87_509.2746m/z	-0.962860887	2.23035317	0.647307
14.78_660.3489m/z	-0.662826906	3.269247593	0.647593
11.70_165.0919m/z	-1.258654565	3.609978578	0.649311
10.68_195.1025m/z	0.684422289	0.590541988	0.651908
7.41_335.0746m/z	-0.546698995	1.103615999	0.652358
8.15_381.1187m/z	8.073680443	0.017709767	0.652584
1.76_124.0147m/z	0.420297077	2.349618643	0.65528
6.64_188.0704m/z	-0.08907959	0.689527608	0.656034
12.99_638.2384m/z	-0.4485394	2.33121818	0.66012
17.54_902.5179m/z	0.191960202	0.827204481	0.660689
11.18_414.2077n	-1.227370986	4.059906561	0.662446
9.30_570.2493n	-1.386877333	5.861192235	0.664375
18.03_742.5730m/z	0.082034077	0.207122453	0.664889
14.59_533.3396m/z	-1.300439925	3.891556758	0.665133
11.03_563.2833m/z	-2.500940157	4.771853824	0.665727
11.20_329.2336m/z	-0.317534403	1.725223491	0.666236
12.01_481.2804m/z	0.399271961	0.071791119	0.669515
9.27_526.2484m/z	0.641180478	3.958694182	0.670617
8.19_393.0254m/z	-1.224302601	0.964418185	0.671007
10.97_427.1320m/z	-1.567124524	1.877436825	0.671959
10.97_368.0156m/z	-1.365872665	1.920388292	0.672157
9.30_332.1369n	-0.547424153	2.697046005	0.676464
1.28_339.8965m/z	1.505809857	1.765644721	0.67793
6.75_182.0576n	0.580331657	1.887502245	0.678114
8.59_541.2648m/z	0.561755996	3.102941712	0.680417
1.20_251.9142n	0.246058136	1.70407242	0.684319
11.33_653.2226m/z	-0.702939006	3.527217231	0.684935
8.79_609.2528m/z	0.672631425	3.559649881	0.684976
10.55_528.2632m/z	0.256104272	0.392304841	0.685697
12.92_454.3281m/z	-2.230816332	7.311170106	0.687485
12.79_119.0852m/z	4.011731174	2.291776319	0.688983
12.79_397.1999m/z	3.975174968	0.205805532	0.690453
11.00_641.1237m/z	-1.462502663	2.583760693	0.690978
10.63_465.2484m/z	-0.658709898	2.33242098	0.69202
1.76_333.0938m/z	-0.332102727	1.628667945	0.692303
14.91_619.2883m/z	-0.100344115	0.311781353	0.696542
18.03_816.5854m/z	0.11868505	0.461655035	0.696623
11.16_423.1190m/z	-1.345357895	5.744763688	0.699113
13.01_466.2994m/z	-0.474347951	1.096641919	0.709426
10.12_469.2256m/z	0.974323966	4.514727292	0.717742
12.79_281.1378m/z	4.07502505	0.052413371	0.725156
16.67_790.5727m/z	0.092934172	0.421045783	0.729237
7.50_178.0509m/z	-0.766274925	0.24890189	0.730044
7.42_408.0664n	-0.600765909	1.656985503	0.732372
11.65_239.0595m/z	-0.36956725	2.83614419	0.732567
12.39_285.1362n	-1.065782602	2.507890842	0.732578
10.52_263.1291m/z	-0.721357285	1.622123929	0.733459
13.47_492.2488m/z	-0.382447714	1.940807803	0.734964
1.41_116.0703m/z	0.547861681	4.826423334	0.735418
10.49_253.1944m/z	-1.284992666	5.968615776	0.746598
8.80_387.1839m/z	-0.463716592	1.23992826	0.746626
16.23_485.2883m/z	1.601638479	4.111365101	0.748832
9.39_137.0241m/z	2.026734549	0.148343629	0.751686
10.42_481.1346m/z	-1.229988069	5.02458014	0.752181
12.40_309.1710m/z	-1.097473034	10.3506184	0.755022
11.68_463.1761m/z	-1.235247434	4.239943353	0.757664
13.93_640.2581m/z	0.254338657	1.240428088	0.767735
1.46_105.0189m/z	1.092087956	3.300164875	0.768153
11.67_223.0632m/z	-0.365767946	4.624177326	0.777183
7.50_215.1247m/z	-3.410730283	16.67809103	0.785157
11.29_290.2086n	-1.429586326	13.39307503	0.785348
12.99_541.3242m/z	-0.470441536	3.778650976	0.798654
16.54_902.5174m/z	0.214068523	0.908181857	0.799743
10.95_467.2063m/z	-2.64999664	5.44995519	0.800191
10.45_381.1367m/z	-1.471612386	5.449643213	0.80101
11.33_647.2354m/z	-1.522222979	6.403041326	0.803743
11.59_392.2921n	0.632824403	0.11563518	0.806043
9.63_454.1509m/z	-1.195807306	3.171284048	0.808022
6.57_181.0714m/z	-1.49870704	2.337724881	0.812916
11.18_567.3164m/z	1.678165541	2.912669432	0.818735
14.40_522.3187m/z	-0.534955348	5.902527506	0.829773
15.40_797.6067m/z	0.221446208	1.629396249	0.832912
12.30_536.2986m/z	-0.500485923	2.927919293	0.837565
1.31_118.0859m/z	0.438879292	3.72293428	0.838853
9.72_360.1935n	-0.551686057	4.773204255	0.839285
13.24_433.2357m/z	-0.570880229	4.728302408	0.844979
10.70_482.1823m/z	-0.444469935	1.499863737	0.848238
13.72_524.2992m/z	-0.930253783	8.759353421	0.84857
9.63_481.1871m/z	-0.555708208	1.94584676	0.849839
13.47_520.3038m/z	-0.41394989	2.90916022	0.850281
16.28_336.3269m/z	-0.444103841	2.836972871	0.852985
12.99_686.2445m/z	-0.517665149	3.250151648	0.85314
8.28_651.1004m/z	1.367100221	0.684331878	0.854063
12.99_610.2449m/z	-0.26662892	1.366217552	0.854887
13.24_712.2612m/z	-0.432433401	3.237661354	0.864648
12.02_277.0303m/z	-0.755290201	0.832127596	0.864974
12.58_979.6035m/z	-1.542082392	1.417946869	0.871099
10.33_597.2352m/z	-1.462178403	5.028564104	0.871439
10.40_478.1971m/z	1.349826302	8.411719327	0.872456
13.62_425.3502n	-0.131543441	0.280131151	0.87247
9.44_481.2430m/z	0.524102757	2.265541021	0.873958
1.19_238.9315m/z	0.21518695	2.253466214	0.877369
10.99_499.1312m/z	-1.320364459	2.656678077	0.880376
10.32_665.2463m/z	-1.392341584	6.751171256	0.887917
9.39_411.1842m/z	-0.691940683	3.536133875	0.88815
13.77_590.3446m/z	-0.206446574	0.578937634	0.88846
1.28_305.9175m/z	1.403643426	2.253639072	0.893779
7.40_264.1111n	0.562725041	0.552366057	0.89453
13.30_605.3218m/z	-0.572183887	2.997035226	0.896058
10.03_234.9836m/z	-3.642806575	0.096809051	0.901052
14.39_521.3119n	-0.543283991	3.959239476	0.908755
15.44_765.5309n	0.176708113	0.665600539	0.909483
13.27_552.3089m/z	-0.585319991	2.858716451	0.912973
10.42_515.0879m/z	-1.319420678	4.715977808	0.913878
9.83_143.0730n	-2.442391917	0.281336415	0.914154
10.68_454.1496m/z	-0.941096515	2.607890709	0.922303
10.09_397.2054m/z	-1.070827335	6.448686655	0.923537
3.47_103.0399m/z	0.465244616	2.333252765	0.934552
10.98_573.1357m/z	-1.245186102	2.189819251	0.937267
13.91_520.2651m/z	-0.522356847	4.012322565	0.93911
11.65_223.0282m/z	-0.271050849	2.319622782	0.945649
16.18_537.3778n	-2.469609599	3.907458302	0.951059
11.60_361.1075n	8.326470888	0.066812975	0.956114
10.44_367.1339m/z	-1.286490324	7.490038462	0.960764
1.30_234.1575n	1.331175132	7.362661399	0.962948
9.17_385.1675m/z	-0.761698968	2.417549128	0.964081
6.62_430.1615n	-0.246608013	0.341417238	0.965686
10.27_243.1833n	-0.095019594	0.651952284	0.972274
15.24_437.2666m/z	-0.900096411	5.300426745	0.97936
14.98_494.3589m/z	-2.319842826	5.610789602	0.98638
14.40_461.2666m/z	-0.523661536	3.098461584	0.9877
13.72_527.3206m/z	-0.443062391	4.898167038	0.989081
11.39_467.2075m/z	-4.110320111	7.039775694	0.99115
12.60_413.9730n	-3.511016228	0.856211034	0.994919
13.36_528.1768m/z	-2.889182026	9.044787685	1.00383
1.19_306.9188m/z	0.253518477	2.360653982	1.01774
1.28_486.9973m/z	1.950330381	0.876037351	1.01778
1.04_174.9560m/z	0.360599176	1.668594976	1.01965
10.35_511.2905m/z	-0.515464946	1.73466558	1.01996
12.73_536.2988m/z	-0.75163402	4.581572748	1.02077
19.08_78.9589m/z	0.096977836	0.888186564	1.02289
9.66_392.1460n	-1.144579753	3.563053785	1.02297
12.52_431.3161m/z	-1.216828012	8.067578496	1.0311
6.57_179.0574m/z	-1.475724515	2.040602251	1.03205
1.27_203.0522m/z	1.346571595	3.020497606	1.0344
12.45_397.2211m/z	-0.637044224	1.585354167	1.03961
13.98_540.3011m/z	-0.437213172	2.730750982	1.04093
10.49_271.2052m/z	-1.317802598	6.057533078	1.04181
10.46_206.0916n	-1.082009471	3.234575851	1.04302
14.52_592.3609m/z	-0.601922106	3.303111773	1.04719
10.49_351.1618m/z	-1.197780515	6.497571514	1.05153
10.10_613.3593m/z	0.650748413	2.693564249	1.06062
10.65_459.1398m/z	-0.793743185	3.011897426	1.06393
18.03_552.4003m/z	-1.156983346	5.176510121	1.07075
7.17_195.0874m/z	-2.160002872	2.378071109	1.072
9.05_468.1301m/z	-1.107924175	3.055170524	1.09061
14.78_532.3402m/z	-0.50733938	2.600464721	1.09186
1.82_130.0872m/z	0.453135421	2.189318629	1.10666
15.36_558.4373m/z	3.967694485	7.57127898	1.11704
1.36_90.0314n	0.732159585	4.261488978	1.11871
13.87_770.5714m/z	0.701039535	3.487136908	1.1191
9.59_385.1684m/z	-0.947067929	2.935100453	1.11939
10.67_437.1591m/z	-1.025649785	1.906869109	1.1299
15.46_789.5637n	0.10354908	0.149808511	1.1338
15.09_536.3696m/z	-1.161147772	7.464878112	1.135
9.32_155.0463m/z	3.883063056	18.68887791	1.14223
7.36_212.0025m/z	-0.281614301	0.826158412	1.15214
18.67_194.9049m/z	0.112499256	1.084015343	1.18066
13.96_563.3029n	0.154094511	1.130007757	1.18913
1.76_357.0311m/z	0.326109829	1.475479255	1.19144
11.61_323.1401m/z	6.777562592	0.60807914	1.19361
18.02_829.5572n	0.09811505	0.529197145	1.19794
10.99_761.3382m/z	-2.336393763	2.420959912	1.20061
13.88_100.9330m/z	0.360836684	3.430622579	1.20288
14.01_1041.6892m/z	-0.30034555	0.762144727	1.21317
8.17_308.0559n	0.792398073	0.347496447	1.2139
12.44_378.2411m/z	-0.285802955	1.351124022	1.21677
6.65_188.9863m/z	-0.658845917	0.377600483	1.21804
9.80_515.2910n	-1.625201025	0.006692534	1.22044
9.06_246.0560n	-1.33590537	2.002231046	1.22367
17.62_257.2456m/z	3.715146971	11.0495704	1.24998
10.16_371.1891m/z	-0.957549066	1.929201399	1.25373
18.03_792.5866m/z	0.106848451	0.48301404	1.25737
13.47_459.2522m/z	-0.593101026	2.703179106	1.26004
10.67_240.1002n	0.748391287	0.6568968	1.26963
11.03_405.3446n	3.49934262	20.41515562	1.27363
12.10_221.1545m/z	-3.14038752	18.46696298	1.28224
9.77_392.0444m/z	-5.793099532	0.183180247	1.29255
1.74_204.1228m/z	0.463640162	2.648565112	1.33105
13.43_1043.6163m/z	-0.412279289	1.418497489	1.35722
9.21_308.2191n	-3.306492196	15.5286012	1.35818
1.26_145.0616m/z	0.624622582	6.766311095	1.37165
12.58_580.2868m/z	-0.617224836	1.438741153	1.3878
10.45_565.1023m/z	-1.691198876	5.904436648	1.39022
1.74_137.0455m/z	-1.118616262	0.336337701	1.39895
10.44_639.1090m/z	-1.471281894	5.876223469	1.40626
13.24_581.3214m/z	-0.517395705	2.950336279	1.41467
15.24_668.2874m/z	-1.013840782	7.098376602	1.41981
11.02_631.2406m/z	-1.682329097	5.646327996	1.42514
14.27_428.3725m/z	-0.468482778	4.684420066	1.43227
14.91_902.5186m/z	0.407473436	2.84061029	1.43462
16.43_834.5977m/z	0.05172785	0.170782451	1.44499
10.45_366.0062m/z	-1.592973406	6.540010767	1.45489
12.11_236.1052m/z	-3.246753771	19.19429054	1.46695
10.46_398.1387m/z	-1.703733295	5.656187828	1.48444
13.26_1061.6539m/z	-1.165887089	5.121906391	1.48721
14.00_1005.6549m/z	-1.129284298	5.07799845	1.52804
13.69_1103.6627m/z	-0.776217409	4.77881014	1.55392
10.70_465.1922m/z	-0.980067248	3.884209817	1.55849
12.75_502.2928m/z	-0.578928301	2.709889672	1.56237
14.55_616.3620m/z	-0.445907945	2.243506145	1.56836
15.48_804.5499m/z	0.165024929	0.215395544	1.5763
8.45_171.0661m/z	-2.557930017	18.5676016	1.5819
15.09_750.5431m/z	0.350160328	2.998707727	1.59835
14.76_464.3125m/z	-1.122605607	6.884053498	1.61243
14.79_624.2965m/z	-1.190861911	8.691040953	1.61375
10.45_425.1155m/z	-1.588893788	5.824328762	1.63116
17.90_820.5255m/z	-0.363780506	1.828574879	1.63978
13.72_478.3282m/z	-0.677522937	7.746952914	1.64163
13.39_400.3421m/z	-0.359579619	1.637069137	1.6991
16.17_770.5704m/z	0.205682086	0.72656118	1.70179
17.45_369.3509m/z	0.112423727	0.549138383	1.7199
13.80_569.3468n	-0.476420583	2.711381937	1.72315
15.09_580.3612m/z	-0.961643217	6.329312653	1.73712
9.32_182.0716n	2.4168354	20.37848514	1.77352
10.46_571.1208m/z	-1.340162188	5.89023927	1.78673
10.46_497.1154m/z	-1.601581003	5.996337017	1.7949
8.29_385.1686m/z	-0.677184854	2.834017141	1.81844
13.40_476.2782m/z	-0.155402964	0.295113694	1.81888
11.03_495.2957m/z	-2.1112802	6.6698481	1.84476
8.30_315.0632n	1.323236665	0.903935077	1.86065
1.35_61.9885m/z	0.381731498	4.666540634	1.86421
13.72_993.6771m/z	-1.683687798	9.32774139	1.89158
15.47_817.5940n	0.213472541	1.930650157	1.93197
13.70_1037.6555m/z	-0.822856881	6.341301911	1.9356
13.52_449.2541m/z	-0.562506351	1.303104791	1.94135
15.38_843.5531m/z	0.404488332	1.636933581	1.94148
12.57_452.2778m/z	-0.578597361	1.119652381	1.94843
12.99_606.3021m/z	-0.437067011	3.132238564	1.9753
11.46_331.2837m/z	-0.634936693	0.460044906	1.98231
6.62_204.0905n	-0.16970441	0.649199771	2.00001
12.11_361.1627m/z	-3.370827027	17.65972448	2.00228
13.48_623.4385m/z	-0.514670384	3.889403557	2.00305
14.41_625.4544m/z	-0.887121913	6.864641511	2.00909
12.77_459.2015m/z	4.024901687	0.764832774	2.0385
18.03_818.6001m/z	0.261886565	2.12030444	2.09155
13.24_632.3182m/z	-0.464075068	3.776382069	2.11886
13.44_500.2778m/z	-0.180454292	0.664347563	2.12796
10.45_735.3261m/z	-2.491946006	3.178941966	2.18873
12.80_586.3151m/z	-0.405765299	0.638017327	2.23893
13.70_435.2502m/z	-0.853038349	6.168508399	2.24125
13.81_359.3152m/z	2.686370172	10.57319118	2.27101
13.44_552.3097m/z	-0.506257207	2.298647921	2.28131
13.26_466.2933m/z	-0.851619162	5.234426807	2.29504
13.67_552.3292m/z	-0.510679454	2.85261124	2.29934
11.68_395.1892m/z	-0.91571447	4.170804332	2.35461
13.71_409.2359m/z	-0.865057108	7.657196491	2.35976
1.30_217.0300m/z	1.47367943	3.557705277	2.37846
15.89_594.3777m/z	-0.712403956	3.221001978	2.41541
10.98_454.1506m/z	-1.064042481	2.503682114	2.46944
11.67_449.3140n	0.506363049	0.508891952	2.51073
15.00_793.5584n	0.219612699	1.634596261	2.53831
15.25_636.3493m/z	-0.831360311	7.415758132	2.55622
10.46_503.1326m/z	-1.296190213	6.270171312	2.56701
13.79_569.3686n	-0.478177948	2.9388794	2.5794
13.38_525.2854n	-0.247027152	0.649048762	2.60331
10.46_383.1532m/z	-1.452236584	6.114242554	2.71234
12.99_478.2932m/z	-0.374812504	2.493014938	2.74142
14.75_462.2979m/z	-1.123802478	6.041373055	2.75634
13.71_557.3201m/z	-0.647390247	3.938366603	2.81814
10.46_757.3080m/z	-2.435159872	5.840489955	2.83114
14.40_583.3371m/z	-0.413443223	2.227605672	2.86061
10.96_399.2191m/z	-2.402872395	5.982762089	2.87028
16.23_554.3820m/z	-1.838503862	9.685867224	2.87342
13.45_1131.6713m/z	-0.821804434	3.525528772	2.9001
14.82_550.3506m/z	-1.224894301	8.996362856	2.94377
13.71_612.2608m/z	-0.402773055	4.511433773	2.94637
16.44_810.5986m/z	0.06718155	0.23807667	2.95086
16.43_771.5770n	0.108426654	0.540037874	2.98318
15.57_463.2825m/z	-1.397837271	6.565099115	2.98754
9.63_413.1999m/z	-0.626287392	2.991391313	3.19681
16.28_556.5284m/z	3.188377457	13.32564231	3.27833
16.40_761.5852m/z	0.16865052	0.672812774	3.45278
10.99_437.1605m/z	-1.063047996	2.461070783	3.4628
9.65_388.1914n	-1.112437949	3.94366315	3.48986
9.05_383.1532m/z	-1.200898748	3.865179262	3.70804
14.00_599.4385m/z	-0.51463964	9.158395291	3.73478
12.11_293.1759m/z	-3.01866449	16.92786044	3.7369
1.30_215.0331m/z	1.497841232	3.451442302	3.9447
13.50_528.3090m/z	-0.384790526	2.332176421	3.96187
16.41_786.5989m/z	0.080215619	0.293079196	4.01894
13.99_557.3203m/z	-0.354872691	1.684109387	4.03376
1.44_215.0671m/z	1.372547927	5.093044135	4.18178
15.25_508.3401m/z	-0.944499315	5.879353692	4.33499
17.81_804.5501m/z	-0.283598442	1.260483825	4.35354
14.38_436.2825m/z	-1.312939659	7.659881232	4.39234
14.39_1017.6877m/z	-1.200466283	9.484365879	4.40222
15.48_779.5435n	0.310606234	1.719754079	4.45802
12.75_562.3149m/z	-0.642217992	2.921807899	4.55738
13.20_356.3521m/z	4.133970739	9.961423548	4.69297
1.76_168.0287n	0.402158868	2.55660557	4.7358
10.68_369.1728m/z	-1.087551312	3.011578398	4.79053
13.72_1013.6528m/z	-1.057361931	9.212004249	5.00075
15.57_640.2921m/z	-0.665454589	6.278450699	5.12945
15.74_484.4713m/z	4.265336397	0.220921075	5.22788
13.99_975.6458m/z	-0.767528067	4.081834361	5.31121
11.92_301.2980n	3.320808047	19.71703141	5.32598
13.30_588.3310m/z	-0.444352909	3.507006467	5.47072
12.57_512.2994m/z	-0.634290769	1.212730856	5.4965
10.96_318.3001m/z	4.073170881	19.37059958	5.70134
13.43_612.3310m/z	-0.464874251	2.420529666	5.77682
10.46_435.1453m/z	-1.267366636	6.479228343	5.83466
13.26_526.3143m/z	-0.820666997	5.644697932	6.48415
17.76_540.5337m/z	4.11580381	1.052056796	8.17891
10.90_273.2669n	3.016837471	21.09227271	8.24727
14.41_526.3504m/z	-1.328449487	10.89624416	8.5853
13.47_504.3092m/z	-0.430093206	3.446380299	8.7055
13.70_480.3093m/z	-0.703821998	8.080420404	8.87985
12.79_414.2038n	3.914085077	18.6687023	9.90934
13.50_588.3314m/z	-0.395844023	2.276135676	10.2672
14.75_554.3461m/z	-1.097826309	6.764716544	10.6884
10.98_370.1812n	-1.107032768	2.656455526	11.0931
16.39_512.5026m/z	4.164385801	15.05108896	11.3012
15.24_568.3626m/z	-1.019467506	7.609322721	13.0664
16.40_757.5616n	0.22445764	0.6427457	17.3572
10.45_367.1588m/z	-1.385686175	6.472941372	19.1527
14.40_566.3470m/z	-0.496806625	5.455621856	23.5903
13.47_564.3314m/z	-0.434392055	3.659343747	23.5906
13.70_540.3315m/z	-0.710356971	8.433564865	24.746
