Compound	Ratio	pValue	vip
7.98_245.0783m/z	0.01527181	0.368476077	0.00024091
7.00_142.0659m/z	0.000747732	0.059727625	0.000433455
8.35_279.1827n	0.008838054	0	0.000462879
6.86_171.1122m/z	-0.009640664	0.079719062	0.000757721
8.29_93.0341m/z	0.00570197	0.159479264	0.000778595
11.33_183.1024m/z	0.005770131	0.395425139	0.000809797
10.73_329.2561n	-0.001862275	0.470645371	0.0008839
9.63_429.1945m/z	0.001244883	0.086844974	0.00112832
1.44_84.0802m/z	-0.013491485	0.017420799	0.00113497
1.11_309.2029m/z	-0.002914122	0.200656693	0.00114438
10.55_385.0700n	-2.620073614	0	0.00119476
10.17_398.3410m/z	0.005084769	0.097197828	0.00142634
8.74_271.1647m/z	0.009480737	0.172997318	0.00176273
11.70_395.2989m/z	0.007108688	0.001336642	0.00177626
12.60_97.9992m/z	0.018025929	0.051384117	0.00198709
9.17_171.0803m/z	-0.44898962	0.102549961	0.00205404
6.64_463.1042m/z	-0.00345354	0.007205765	0.00206801
11.62_213.1496m/z	-0.008089292	0.108494879	0.00209115
10.42_347.2294m/z	0.02185579	0.115751954	0.00217858
1.20_860.6224m/z	0.00363861	0.213560928	0.0022334
7.95_199.0583m/z	0.010563313	0.07458992	0.00234682
8.99_354.1182n	-0.008088377	0.084247279	0.00242363
10.27_383.1037m/z	-0.013229357	0.090756433	0.00258181
13.87_241.1811m/z	-0.002527305	0.030868429	0.0027375
14.52_243.1972m/z	0.003109805	0.243328906	0.0028543
7.52_105.0328m/z	-0.011201701	0.111379693	0.00286949
5.02_153.0651m/z	0.005505007	0.293449483	0.00293433
11.71_325.2013m/z	0.005437862	0.090555768	0.00336734
12.10_369.1941m/z	0.049794968	0.055711817	0.00337996
8.29_665.2438m/z	-0.005245148	0.104838883	0.00341311
7.00_186.0557m/z	0.008986613	0.078755846	0.00342033
7.41_185.1277m/z	0.0224116	0.063164677	0.00343045
9.33_229.1425m/z	0.02732601	0.35898323	0.00355381
8.67_384.0466m/z	-0.778538533	0.254438072	0.00358368
8.54_489.1392m/z	0.032170778	0.037198953	0.00386877
8.99_455.2021m/z	-0.342059796	0.059430228	0.00400147
7.50_134.0609m/z	0.012144355	0.561348498	0.00419651
10.35_647.2629m/z	-0.019971909	0.059919522	0.00434377
8.32_137.0589m/z	-0.024130262	0.05953133	0.00444587
11.83_172.1688m/z	0.01960967	0.034103889	0.004627
12.88_268.2264m/z	0.022208601	0.243653772	0.00475669
8.51_227.0554n	0.006579029	0.147352299	0.00482313
9.05_200.0370m/z	-0.74918344	0.128301581	0.00487228
9.28_461.1070m/z	0.353624701	0.241900711	0.00515527
11.93_549.1032m/z	0.006781538	0.151741894	0.00518096
9.03_259.0959m/z	0.209300456	0.135147313	0.0053416
10.78_377.1929m/z	-0.031383785	0.048622163	0.00535809
8.08_477.1764m/z	0.032473683	0.186002929	0.00540312
8.50_408.0289m/z	-0.03445519	0.011503026	0.00540943
9.05_382.0672m/z	0.482692772	0.146542724	0.00566319
11.50_285.1229m/z	-0.048799607	0.017929222	0.00569378
6.57_331.0602m/z	0.012986226	0.067614016	0.00578643
12.59_483.2943m/z	-0.011391589	0.022019551	0.00579085
11.30_412.0569m/z	0.455382806	0.115840405	0.00583288
7.51_263.0281m/z	0.010892359	0.147210255	0.00584296
9.40_191.0696m/z	0.084547977	0.016239792	0.00605422
8.46_170.1164m/z	-0.118685729	0.545975741	0.00614606
10.27_256.1555m/z	-0.018817517	0.225461867	0.00617186
10.67_386.0370m/z	8.592397616	0	0.00619764
12.19_213.1494m/z	0.005352815	0.08757865	0.00626936
9.21_381.0279m/z	-0.019637577	0.084068572	0.00628074
1.26_124.0071m/z	-0.004603726	0.16697535	0.00663921
9.35_251.1251m/z	0.028085456	0.069598127	0.00701022
12.08_357.0925m/z	0.012971979	0.033442483	0.00726884
1.77_136.0385m/z	0.104815146	0.258046761	0.00728804
8.84_149.0417m/z	0.00640292	0.045844358	0.00730474
9.17_229.0835m/z	-1.715123331	0.470877765	0.00761935
9.83_460.0203m/z	-0.052130801	0.212744323	0.00797877
7.14_170.1165m/z	-0.158057931	0.136615867	0.00815957
11.59_383.0893n	0.712946275	0.804565319	0.00824666
12.76_253.2179m/z	-0.011179464	0.025593785	0.0084067
10.00_149.0604m/z	-0.100827721	0.067365941	0.0085004
8.02_153.1264m/z	0.052816141	0.367838412	0.00854459
8.51_160.0749m/z	-0.04444971	0.26599831	0.00857408
9.29_368.0872m/z	-0.175519602	0.155003721	0.0086183
9.04_153.0774m/z	-0.182322677	0.667539321	0.0087286
12.99_472.3413m/z	-0.01141708	0.134004652	0.00925116
11.15_397.0708n	-1.570782473	0	0.00928915
11.33_721.2104m/z	0.022418614	0.065293036	0.00950416
13.23_474.3571m/z	-0.012220394	0.10633032	0.00966283
11.93_476.1820m/z	-0.071421996	0.031820697	0.00973981
9.84_281.9763m/z	0.063586826	0.057219838	0.0097872
10.31_241.1051m/z	-0.085583413	0.692161796	0.00978853
12.73_448.2440m/z	-0.02191301	0.042597219	0.00993788
13.43_483.2466m/z	-0.047788883	0.004616243	0.00997464
9.43_252.0298m/z	-0.962677761	0.115195577	0.0102204
10.46_414.2033n	-0.133201865	0.090991463	0.010371
7.77_212.1183m/z	-0.053642388	0.389296197	0.0104126
9.37_449.1104m/z	-0.169992856	0.452919736	0.0105394
13.65_239.0867m/z	-0.005844574	0.035887046	0.0106062
7.50_277.9752m/z	-0.062535168	0.008834641	0.0106666
1.33_653.1901m/z	0.077289844	0.173109231	0.0107441
11.24_453.2736m/z	1.769731273	0.121513823	0.010947
9.58_356.2435m/z	0.067433264	0.272968973	0.0109954
8.99_364.0781m/z	-0.053734088	0.009366387	0.0111886
1.11_541.1192m/z	0.041728879	0.081252202	0.011371
11.88_253.1443m/z	-0.024510144	0.281168771	0.0116076
7.98_135.0432m/z	-0.116777332	0.460463492	0.0117898
11.07_345.2810m/z	-0.139188159	0.069547152	0.0124778
13.19_337.2732m/z	-0.019969518	0.048356543	0.0125236
10.02_133.0640m/z	-0.188374777	0.01932002	0.0127912
7.76_929.2397m/z	0.087931431	0.081039131	0.0128469
9.72_397.1512m/z	0.060187347	0.14737181	0.0128904
7.75_485.0623m/z	0.025112191	0.319326431	0.0129524
11.19_270.0956m/z	-0.045265567	0.031786117	0.0129736
9.72_422.1755m/z	1.164387531	1.250882338	0.0132433
8.38_348.0035m/z	0.123541965	0.447868597	0.0135738
12.17_366.2841m/z	-0.03928645	0.035316185	0.013574
1.27_120.0646m/z	-0.057410631	0.044906625	0.0136087
7.75_214.0332m/z	-0.010824576	0.012143884	0.0136747
12.27_237.1494m/z	-0.048492996	0.131422562	0.0136857
8.66_140.1064m/z	-0.523550801	0.070295045	0.0138426
6.91_342.2110m/z	-0.090411101	0.120550289	0.0140879
8.15_381.1187m/z	0.375138869	0.028513087	0.0142857
8.64_135.1157m/z	0.100964474	0.198429602	0.0144565
17.88_796.5249m/z	0.00349321	0.199448562	0.0145835
9.15_373.1637m/z	3.326279218	0.086200448	0.0147736
9.01_433.1132m/z	0.082841628	0.347113812	0.0149027
11.60_361.1075n	0.312378781	0.016541059	0.0149494
1.24_180.0026m/z	-0.123292035	0.404433239	0.0150847
8.52_188.0698m/z	0.053351684	0	0.0152087
9.89_366.0707m/z	-0.546857047	0.070764027	0.0152234
8.80_262.2162m/z	-1.37445091	0.655892764	0.0154389
13.40_561.2551m/z	-0.019863723	0.022085347	0.0154805
8.27_121.0277m/z	0.101138862	0.101971235	0.0157845
11.17_491.3216m/z	-0.132631328	0.159924031	0.0163146
9.72_221.0807m/z	0.137336654	0.092957516	0.0163301
1.16_1117.2311m/z	0.040772839	0.802052657	0.016343
11.74_213.1860m/z	0.092432428	0.037439844	0.0163503
11.19_139.1124m/z	-0.087062923	0.290419697	0.0163537
9.21_403.0099m/z	0.125459738	0.212754246	0.0163869
9.17_189.0907m/z	0.934917405	0.214048359	0.0164927
11.07_277.1442m/z	-0.142767556	0.093994846	0.0165788
9.53_248.1678m/z	-0.180918503	0.093659031	0.016678
8.87_431.2277m/z	-0.029380515	0.001932125	0.0166986
9.81_386.0163m/z	-0.186561016	0.159503091	0.0169629
7.57_114.0907m/z	-0.058846925	0.503024712	0.0170208
11.60_356.1377n	1.088545463	0.280925719	0.0170835
9.50_336.2167m/z	0.116240732	0.012819684	0.017243
9.68_302.2321m/z	0.043676847	0.085008266	0.0172546
10.84_303.1955m/z	0.158251997	0.198005283	0.0173822
9.21_308.2191n	-0.01465689	0.250647146	0.0174204
8.72_269.1505m/z	0.026417598	0.118294734	0.0175037
8.22_167.0332m/z	-0.15510445	0.297353232	0.017535
12.03_353.1565m/z	-0.063458139	0.131999547	0.0175614
10.18_223.1321m/z	0.182092548	0.146156439	0.0179288
9.71_335.1608m/z	-0.084068852	0.042905838	0.0179974
11.51_211.0360m/z	-0.092577657	0.058008823	0.0180465
7.98_208.1325m/z	-0.094214183	0	0.0182454
7.92_294.0228m/z	0.050088566	0.09072432	0.0182741
8.36_147.0447m/z	0.073344642	0.078634553	0.0183407
10.60_252.1361m/z	0.071553851	0.411788818	0.0183451
6.96_171.1002m/z	0.22415474	0.200865617	0.018494
6.98_240.9784m/z	-0.061672584	0.058909152	0.0185702
9.41_353.0959m/z	0.331358487	0.078849051	0.0187008
1.81_146.9824m/z	0.02019652	0.141642693	0.0187218
1.14_803.3000m/z	-0.052070061	0.125399333	0.0187231
8.27_182.1897m/z	-0.109647576	0.409725637	0.0188546
11.22_373.2728m/z	0.158542571	0.479130163	0.0191672
8.54_213.1589m/z	-0.21652394	0.128619154	0.0192137
6.94_276.0005m/z	0.250172534	0.019333188	0.019424
10.13_219.1736m/z	-0.08639258	0.32658739	0.0195301
1.74_193.0964m/z	-0.802508752	0	0.0197947
11.67_554.3096m/z	-0.060987691	0.164999776	0.0198757
14.64_249.1873m/z	0.046530091	0.167125284	0.0198994
10.27_273.1584m/z	-0.045421736	0.18627227	0.0200903
9.87_249.1129m/z	0.079347805	0.422221063	0.020445
12.92_215.1653m/z	-0.021845104	0.051434471	0.0206662
7.90_311.1396m/z	-0.094981019	0.307521462	0.0207733
12.07_447.3096m/z	0.10268238	0.360462713	0.0209314
9.30_331.1280m/z	-0.147129069	0.116471428	0.0209735
8.78_125.0967m/z	-0.091060257	0.114397384	0.0212141
10.34_335.1005m/z	0.080089439	0.008072087	0.0212663
7.97_335.2223m/z	-0.215956713	0.531062194	0.0214776
12.08_351.0754m/z	0.110905821	0.136405345	0.021496
1.16_837.2941m/z	-0.049341563	0.242074334	0.0215758
9.57_285.1798m/z	0.282670041	0.161485256	0.0215873
13.40_778.5342m/z	0.040309262	0.066609908	0.0217531
12.38_329.1751m/z	0.22298718	0.19036488	0.0217545
7.36_462.9708m/z	0.052481042	0.150613758	0.0219092
8.23_229.0077m/z	-0.187712655	0.20805334	0.0220613
8.54_372.1105n	-0.277518934	1.103149836	0.0221617
11.70_414.2722m/z	0.167139602	0.190916587	0.0223307
8.99_366.0715m/z	2.186119299	0.765098197	0.0224519
9.08_332.1825m/z	-0.15959945	0.283555904	0.0224759
1.19_928.6090m/z	0.040183622	0.036264574	0.0225078
10.40_465.1356m/z	0.058290595	0.085290941	0.022651
7.46_160.1324m/z	0.123729316	0.035693218	0.0227286
8.37_220.0612m/z	0.082056165	0.243093968	0.0231011
9.03_435.1273m/z	0.445824988	0.673688722	0.023138
7.83_277.0024m/z	-0.327984528	0.024737806	0.0232023
10.11_179.0695m/z	-0.405615767	0.914224368	0.0233163
7.28_402.2325m/z	0.099999783	0.11030005	0.0233954
12.50_617.3041m/z	-0.086856539	0.037981746	0.0234634
9.66_375.1805m/z	-0.129525247	0.141767276	0.0234785
9.65_193.1575m/z	-0.073517535	0.504511167	0.0235296
1.73_451.0499m/z	-0.221373645	0.161877229	0.0236128
13.87_861.5518m/z	0.070948352	0.5695879	0.0239706
8.46_164.0348m/z	0.353565719	0.252712516	0.0240144
11.31_153.1267m/z	-0.086471212	0.382695549	0.0240972
9.04_467.0443m/z	2.198801582	0.268725588	0.024145
1.73_358.0199m/z	-0.125575941	0.333937144	0.0242106
12.99_492.3096m/z	-0.110667881	0.108053528	0.0242315
9.71_168.0420m/z	-0.32305565	0.004579812	0.0242803
9.63_261.0152m/z	-1.705920842	0.266847692	0.0243114
7.18_361.1581m/z	-0.235885802	0.633767614	0.0244289
10.13_269.1280m/z	0.165039582	0.209516387	0.0247141
8.98_121.0655m/z	-0.15052884	0.003172791	0.0247282
12.54_432.1925m/z	-0.055885751	0.039178789	0.0248339
10.70_289.2520m/z	0.164439974	0.007334278	0.0250886
10.98_544.2375m/z	0.095436436	0.408543591	0.025218
1.11_1032.7575m/z	0.05618267	0.073408574	0.0253015
9.04_200.2005m/z	-1.558052216	0.221292485	0.0253345
10.09_435.0653n	2.261824303	0.639283547	0.0254887
13.23_778.5350m/z	-0.025335139	0.031512382	0.025664
12.28_183.1159m/z	-0.072803713	0.292607836	0.0257426
10.47_460.2678m/z	-3.065023996	0.249089895	0.0257613
10.05_121.0640m/z	0.231664581	0.062239954	0.0257644
9.21_207.1583m/z	-0.142414756	0.3547045	0.0258554
9.48_161.0952m/z	-0.077565723	0.337822244	0.0258777
8.37_171.1020m/z	-0.174495447	0.30199346	0.026104
10.29_191.1421m/z	-0.142797792	1.065400562	0.0263515
1.73_466.0154m/z	-0.339255449	0.865090121	0.026434
10.72_185.1545m/z	0.300179654	0.357002584	0.0266504
12.65_449.3475m/z	-0.078621311	0.067099761	0.0266831
8.72_159.0308m/z	-0.170536637	0.385912042	0.0266832
9.48_413.2534m/z	0.292097769	0.100644671	0.0267248
7.08_133.1002m/z	0.589067752	0.141719124	0.0268931
12.74_558.2668m/z	0.068648948	0.088628228	0.0269848
9.04_385.1978m/z	-0.18219971	0.976949297	0.027121
10.67_350.1072m/z	-0.150927374	0.135848607	0.0271364
9.61_203.0615m/z	-0.129699433	0.582339019	0.0271993
10.11_161.0592m/z	-1.118942432	0.477597503	0.0273999
7.52_252.1488m/z	0.29057504	0.080864878	0.0275045
10.11_244.0799m/z	-0.218170353	0.110900642	0.0275592
1.74_404.0251m/z	-0.132788008	0.019517123	0.0282972
12.52_277.2174m/z	-0.08371227	0.001810433	0.0283604
9.83_464.2817m/z	0.1961332	0.740463458	0.0283858
8.51_158.0608m/z	0.067233452	0.06826303	0.028412
7.39_152.0466n	0.048789449	0	0.0287194
12.93_337.2340m/z	-0.139880034	0.204148473	0.0287861
1.75_153.0650m/z	0.046974145	0.180152165	0.0288933
10.39_119.0846m/z	-0.363080025	0.542314867	0.0289067
11.98_453.3673m/z	0.152956747	0.218824311	0.0289646
12.92_283.1523m/z	0.142801925	0.077894516	0.0290258
9.68_345.2050m/z	-0.24941843	0.161659772	0.029038
6.52_195.1124m/z	-0.054696701	0.164385516	0.0290736
13.39_616.1949m/z	-0.054923573	0.123479645	0.0292135
9.27_459.0923m/z	2.626063763	0.274307203	0.0294424
0.10_128.1061m/z	-0.308596568	0.82257317	0.0295644
1.15_927.2940m/z	-0.044279556	0.186405002	0.0295818
9.28_165.0917m/z	-0.202004399	0.333580308	0.0297491
13.91_457.3479m/z	-0.146901951	0.417871839	0.029961
9.14_285.0840m/z	0.200220868	0.409264022	0.0299724
1.44_182.1015m/z	-0.134701771	0.436294706	0.030021
11.94_346.3072m/z	-1.960302163	1.489444267	0.0301772
13.38_612.2536m/z	-0.088935049	0.038427048	0.0303166
9.25_169.1209m/z	0.153473798	0.241574123	0.0303511
11.75_289.2154m/z	-0.234079224	0.017792559	0.0303562
1.28_137.0700m/z	-0.243134681	0.074893241	0.0304571
9.46_266.1722m/z	-0.101046519	0.509988115	0.0305365
9.32_333.1439m/z	-0.053501663	0.057037053	0.0305757
10.43_369.0918m/z	-1.516676757	0.203790044	0.0306413
10.95_256.2633m/z	-0.211730877	0.004182791	0.0307588
1.73_337.0745n	0.333918173	1.139977196	0.0310142
8.96_329.2104m/z	0.217632322	1.106341416	0.0311428
1.12_444.1119n	0.042315006	0.022813423	0.0314114
4.30_170.0949m/z	-0.190290036	0.703565179	0.0314431
9.99_277.1405m/z	0.116350809	0.221908831	0.0314471
6.62_430.1615n	-0.008589835	0.110040909	0.031777
8.98_269.0099m/z	-0.217309727	0.000761116	0.0318917
12.08_425.0797m/z	-0.150663393	0.443527434	0.0319647
7.60_490.2846m/z	0.130695728	0.028534885	0.0321524
6.65_117.0564m/z	-0.105269844	0.245761781	0.0322624
1.73_269.0735m/z	-0.236548344	0.224890025	0.0324172
9.91_312.0832m/z	-0.238365747	0.345300886	0.0324243
11.27_370.2035m/z	0.269206289	0.08305413	0.0324406
12.17_349.2578m/z	0.112489264	0.004402972	0.0325898
13.67_124.0788m/z	0.043484072	0.387740791	0.0325988
9.76_478.2047m/z	0.469573716	0.08518419	0.032868
10.32_173.1180m/z	-0.104246164	0.426368467	0.0329339
9.93_409.2222m/z	0.111898879	0.074009145	0.0329502
10.38_283.2417m/z	-0.309778099	0.488887025	0.0329818
10.91_274.2961m/z	-0.626346467	0.554447168	0.0334395
1.25_74.0596m/z	-0.15120103	0.966174306	0.0335823
11.63_295.2249m/z	-0.214236592	0.411997359	0.0336071
11.96_284.2950m/z	-0.15852623	0.296732702	0.0336125
13.40_534.2113m/z	-0.123608709	0.057680359	0.0336573
7.84_240.1799m/z	0.094606252	0.110085674	0.0340053
7.99_374.2546n	-0.669984024	0.066771442	0.0341884
8.19_273.1244m/z	0.053490659	0.0636406	0.0342206
1.82_130.0872m/z	-0.0179855	0.141746209	0.0342853
8.35_233.0428m/z	0.139776288	0.022151153	0.0345082
9.28_153.0537m/z	-0.300789201	0.77899547	0.0346199
12.28_225.1833m/z	-0.157327182	0.589734101	0.0346417
9.55_193.0868m/z	0.345352774	0.063466654	0.034742
8.67_361.2188m/z	0.165637334	0.084056977	0.0348816
9.00_509.1664m/z	0.410298247	0.018055515	0.0349452
10.02_382.2578m/z	0.273884428	0.319052916	0.0350676
10.96_349.2818m/z	-4.431287422	0.377776649	0.0353703
10.40_478.1971m/z	0.06649004	0.153035408	0.0354245
12.59_374.2895m/z	-0.114645125	0.273486324	0.0355439
1.44_201.0346m/z	-0.093963468	0.375488954	0.0356009
8.37_203.1047m/z	-1.326812754	0.0515039	0.0356486
9.15_566.2211m/z	1.052559031	1.718768858	0.0357226
9.60_143.0877m/z	-1.467277745	0.409760222	0.0357439
9.32_80.9730m/z	-2.073300643	0.07313404	0.0357668
0.73_155.0694m/z	-0.122844882	0.513114919	0.0358648
8.69_440.0886m/z	1.092103961	0.093598149	0.0358768
9.64_547.1427m/z	0.77508017	0.124865781	0.0360154
7.61_139.0745m/z	0.936427211	0.272729652	0.0360437
9.96_169.1231m/z	0.100664668	0.227940269	0.0362465
17.62_257.2456m/z	-0.292834674	0.200495415	0.0364726
12.47_421.2191m/z	-0.464316867	0.110435559	0.0367422
9.45_253.1931m/z	0.46496421	0.402262045	0.0367934
10.48_337.2515m/z	-0.550244518	1.366394208	0.0370326
12.98_494.2873m/z	-0.050053943	0.145975278	0.0370584
10.72_368.1878m/z	0.594060991	0.334631987	0.0373808
9.78_551.1383m/z	3.357118048	0.543340993	0.0377385
9.32_143.1074m/z	-0.103755201	0.076979924	0.0379011
8.95_558.2897m/z	0.145685523	0.369588399	0.037942
9.02_351.0165m/z	0.247500083	0.550299496	0.0380366
7.87_283.0069m/z	-0.23664923	0.486521369	0.038311
10.29_288.1539m/z	-0.088411706	0.658007879	0.0388329
12.71_543.3141m/z	-0.35528148	0.295413691	0.0388926
6.69_126.0905m/z	-0.734631184	0.0356093	0.0389975
10.08_428.2759m/z	0.41470435	0.516010685	0.039062
1.19_422.8324m/z	-0.043409853	0.02463989	0.0393024
1.73_186.1116m/z	0.190107742	0.407398042	0.039542
9.04_138.0540m/z	-0.364151533	0.771325086	0.0395456
12.31_433.3300m/z	-0.183615059	0.27193449	0.0395496
7.37_135.1161m/z	-0.219234241	1.39968067	0.039584
9.37_464.1902m/z	0.242379824	0.492342438	0.0396147
8.36_250.0331m/z	0.185748761	0.044220399	0.0396544
8.31_121.0656m/z	0.45668496	0.04880484	0.0398594
7.62_395.0961m/z	0.718317645	0.105161879	0.039998
13.20_624.2036m/z	-0.098619258	0.00469877	0.0402521
9.64_111.0433m/z	-0.382501315	2.665789602	0.0403179
8.09_135.0434m/z	0.663084694	0.047923256	0.0404985
11.61_488.3360m/z	0.631052064	0.159762758	0.0405917
11.61_323.1401m/z	-0.275384702	0.011215928	0.0406049
9.96_237.1105m/z	0.218942505	0.58024741	0.0407664
10.30_227.1632m/z	-0.137862263	0.783673082	0.0408187
12.79_135.0795m/z	-6.809114096	0	0.0409048
10.13_345.2053m/z	-0.372810072	0.743214927	0.0410609
1.39_90.0542m/z	0.188696345	0.402789828	0.0412495
9.15_372.0006m/z	0.284643423	0.29477452	0.0412765
11.34_639.4114m/z	0.254072976	0.388031475	0.0413891
8.76_144.0120m/z	-0.167594948	0.356582858	0.0414048
10.80_317.1148m/z	0.063889521	0.026576557	0.0414918
9.73_315.1331m/z	-0.294017227	0.607661884	0.0419867
13.41_337.2731m/z	-0.097782603	0.056886524	0.0420473
8.93_409.2226m/z	-0.097757869	0.192460237	0.0420595
8.45_117.0903m/z	-0.114355516	0	0.0420617
12.78_413.1950m/z	-2.578844759	0.432007257	0.0421022
6.65_142.0642m/z	-0.111267865	0.298933081	0.0421126
11.14_207.1736m/z	0.243633895	0.319836788	0.0421771
8.51_381.1181m/z	0.238411853	0.282426018	0.0422372
9.15_264.0248m/z	0.430583941	0.409118058	0.0425556
9.15_378.0173m/z	0.2447663	0.257712525	0.0425611
12.10_291.1195m/z	0.152945428	0.124286627	0.0425991
6.68_117.0555m/z	0.029021631	0.207118255	0.0428461
8.51_321.1302m/z	-1.125821261	0.206201237	0.0428666
1.74_318.1192m/z	-0.174276744	0.163226628	0.0429192
9.20_322.1798m/z	1.494875122	2.114887666	0.0430581
1.68_133.9033m/z	-0.123856925	0.578305605	0.0432962
12.46_247.2412m/z	-0.353573676	0.717525169	0.0435967
8.43_228.1957m/z	-0.18681004	0.426460052	0.0436165
10.02_378.3205m/z	-3.901106086	0.563834171	0.0436313
11.87_619.3847m/z	0.21616811	0.224207572	0.0437327
15.35_281.0498m/z	-0.024791073	0.051368964	0.0437714
9.06_509.2750m/z	-0.116943491	0.395521222	0.0437813
18.07_338.1551n	0.029946244	0.016466174	0.0439146
9.55_162.9534m/z	0.38839268	0.108313715	0.0441931
9.81_183.1371m/z	-0.20007184	1.063004478	0.0442271
7.61_156.1010m/z	1.332522822	0.470533713	0.0442299
10.46_138.1040n	-0.157194138	0.198371997	0.044591
9.83_528.2919m/z	-0.155233204	0.075114159	0.0449749
8.99_331.1297m/z	-0.071919807	0.111340968	0.0451645
11.35_317.1307m/z	0.15669895	0.393206036	0.0453468
13.40_368.1475m/z	-0.083484675	0.019519848	0.0454257
9.27_387.1829m/z	-0.08887818	0	0.0455213
10.02_219.1736m/z	-0.187337418	1.106332539	0.0456108
12.20_327.0058m/z	-0.242190007	2.052888442	0.0456646
11.94_478.1958m/z	0.277979759	0.173180405	0.0459359
9.83_272.0255m/z	-0.840617398	0	0.0459732
11.35_243.1960m/z	-0.235223487	0.212952762	0.0461993
7.75_411.0576m/z	-0.093177718	0.177733169	0.0462144
10.27_507.3411m/z	-0.053056114	0.16199325	0.0462743
9.36_413.2534m/z	0.30140102	0.33541537	0.0462925
8.51_205.0735n	0.026967854	0.104131785	0.046729
10.16_239.1285m/z	0.225158401	0.015267514	0.0467345
1.44_130.0855m/z	-0.331835036	0.108228454	0.0468755
10.41_171.1389m/z	0.102299327	0.517599541	0.0469747
8.23_401.2614m/z	-0.16409347	0.90054036	0.0470637
9.30_332.1369n	-0.04034272	0.161655992	0.047138
9.55_615.1836m/z	0.781466106	0.075378067	0.0471517
8.21_457.0355m/z	-0.272355991	0.289844541	0.0471885
10.31_137.1321m/z	-0.24572221	1.01878185	0.0472532
11.17_225.1948m/z	-0.130041611	1.015547401	0.0474728
9.57_209.1164m/z	-0.194438642	0.743025024	0.0475135
10.03_157.0842m/z	-0.133993764	0.717593162	0.0475349
7.18_243.1717m/z	-0.312314733	0.114280974	0.0475791
12.96_396.3441m/z	-10.88666962	0	0.0477244
13.05_307.1524m/z	0.172715272	0.057262944	0.0477613
12.12_203.1059m/z	-0.136275149	0.007087443	0.047934
8.72_337.1376m/z	-0.179571446	0.517887098	0.0479451
10.00_236.1289m/z	-0.404492301	0.973552541	0.0480083
9.08_337.0380m/z	0.774902069	0.11475868	0.0480806
12.10_209.1166m/z	0.068970622	0.039019594	0.0481905
9.15_310.0305m/z	0.315550028	0.311963024	0.0483167
10.31_225.0401m/z	-0.252757568	0.521000868	0.0483796
1.33_146.0804m/z	0.656072508	0.324600228	0.0484167
11.84_175.1474m/z	-0.184835044	0.579031529	0.0484467
8.55_423.0321m/z	4.715861597	0.333954009	0.0484598
8.40_253.0505m/z	0.499973937	0.687408018	0.0484759
10.40_345.2049m/z	-0.617504953	1.146327336	0.0485476
9.64_412.2837m/z	0.340974485	0.607018299	0.0487179
10.34_449.2124m/z	0.539188836	0.026321311	0.0487479
12.09_290.1128n	0.050281926	0.000939091	0.0489685
6.49_122.9631m/z	-0.192840186	0.947814122	0.0490182
8.69_109.1005m/z	-0.057796529	0.291750812	0.0493552
12.43_349.2214m/z	-0.239002089	1.234806225	0.0493946
9.37_368.0676m/z	-3.945975201	0.072718456	0.0494564
8.67_351.1543m/z	0.088592345	0.060721923	0.0495792
7.51_280.1607m/z	-0.028602878	0.186619193	0.0499208
9.28_274.1333n	-0.176126562	0.162769624	0.0499896
11.47_647.2332m/z	-0.06457022	0	0.0500229
7.95_131.0710m/z	0.056452018	0.207654544	0.0503115
9.98_398.0621m/z	1.691241303	0.095781771	0.0505242
1.36_87.0433m/z	-0.778223441	2.532748651	0.0507857
11.62_316.1096m/z	-0.189833607	0.490886228	0.0508322
7.78_175.0334m/z	-0.110128139	0.319109959	0.0508325
9.44_377.0693m/z	0.222994322	0.684665827	0.051077
11.74_346.9868m/z	0.203849049	0.005874736	0.0514545
12.70_308.1252m/z	0.297202168	0.161827425	0.0515176
9.00_135.1159m/z	0.368230485	0.133018935	0.0516903
12.03_577.1321m/z	-0.173839931	0.415855427	0.051774
10.74_625.3477n	-0.039941914	0.008630365	0.0518112
9.05_229.9965m/z	0.439208349	0.198642947	0.0518229
18.08_275.8993m/z	-0.179700223	0.301833314	0.0518829
9.31_615.2433m/z	-0.123056399	0.240496841	0.0520836
18.79_186.9553m/z	-0.11672535	0.734708016	0.0522269
10.40_188.0924m/z	0.366404067	0.968886552	0.0522852
12.40_474.2842m/z	-0.072982291	0.181361788	0.0525164
7.25_185.1276m/z	-0.226190413	2.536619213	0.0525165
8.07_252.0169m/z	0.589471068	0.932780311	0.0526357
7.62_287.0227m/z	0.13966235	0.223082449	0.052664
12.25_330.2998m/z	-0.104691184	0.098121211	0.0528205
9.53_228.0969n	0.135192417	0.408543591	0.0529671
11.29_290.2086n	-0.053151111	0.003833887	0.0529935
9.39_475.1935m/z	-0.442298956	0.04279032	0.052997
9.30_299.1381m/z	0.282166288	0.441369418	0.0535959
6.25_234.1236m/z	-0.865633559	1.085606592	0.0536421
7.37_257.0991m/z	-0.094938434	0.293783353	0.0537911
8.21_139.0397m/z	-0.107604371	0.555171682	0.0538872
7.95_253.1475m/z	-0.209080872	0.919727153	0.0540463
9.13_123.0909m/z	-0.162099117	2.031313961	0.0540797
12.40_309.1710m/z	0.065486915	0.089996536	0.0541346
9.32_127.0147m/z	-2.555514907	0.045052576	0.0541898
10.29_173.1314m/z	-0.245864945	1.836525545	0.0544498
12.09_223.1337m/z	0.067987325	0.036293374	0.0545309
2.77_259.1898m/z	-0.267090542	1.282652426	0.0548384
12.10_251.1272m/z	0.098304126	0.061392724	0.0548865
7.70_319.1646m/z	0.276438753	0.216372943	0.0550089
9.88_187.0624m/z	-0.659194365	0.420690958	0.0551434
1.73_282.1191m/z	0.150377274	0.415110433	0.0552974
11.68_467.3470m/z	0.291694502	0.382607502	0.0553473
10.56_194.0085m/z	-0.832248809	0.113831449	0.0554616
8.50_340.0407m/z	0.250806256	0.095436998	0.0555895
18.32_241.9391m/z	-0.169357714	0.684485168	0.0562362
12.12_161.0953m/z	-0.137046898	0.24211301	0.0562996
9.84_231.0327m/z	-0.317396443	0.252828325	0.0563205
1.74_166.0709m/z	0.151761617	0.596996222	0.0568135
7.17_138.0653m/z	-0.474559979	0.012576865	0.0569236
3.77_73.0642m/z	-0.294269126	2.087989029	0.0570354
1.75_95.0484m/z	0.223562093	0.989415979	0.0571054
11.19_186.1253n	-0.061629305	0.147426692	0.057191
18.06_272.9580m/z	-0.208438415	0.61817582	0.057342
8.51_289.0440m/z	0.165166603	0.277744605	0.0574059
8.22_263.0535m/z	0.660019239	0.395099262	0.0574652
8.21_474.0260m/z	-0.26798246	0.194821414	0.057518
9.03_315.1333m/z	0.259141316	0.609608984	0.0578149
8.17_317.1140m/z	0.063717649	0.02124309	0.0578383
1.81_348.0974m/z	-0.102765324	0.108383384	0.0578528
12.12_277.1791m/z	-0.150083579	0.007053453	0.057854
10.37_257.2261m/z	-0.214676776	0.358470367	0.0578831
1.76_90.0319n	-0.007225325	0.104533253	0.0580617
1.07_384.8786m/z	-0.108354746	0.36888512	0.0580981
10.82_389.1368n	0.683159359	1.73011363	0.0581744
9.88_293.1374m/z	-1.056188298	0.679982567	0.058202
18.14_144.9805m/z	-0.383076233	3.139083719	0.0583294
11.25_288.2683m/z	0.326651473	1.545126188	0.058772
9.47_281.0098m/z	-0.43074818	0.281440188	0.0589237
9.77_308.1940m/z	-0.265047205	2.912555788	0.0590221
10.93_68.9940m/z	-0.256196696	2.084738971	0.0592826
9.25_633.2540m/z	-0.20182095	0.059799888	0.0592915
3.64_259.1897m/z	-0.296786335	1.146537247	0.059339
1.71_219.0168m/z	-0.110227481	0.120407003	0.0596567
7.38_134.0592m/z	0.194889362	0.090063328	0.0597628
8.96_365.2315m/z	0.209233957	0.324210664	0.0599414
9.72_269.1315m/z	-0.276555574	0.488228902	0.060338
12.69_450.2617m/z	0.227766227	0.362380202	0.0603442
0.10_61.0283m/z	-0.208592609	1.63585441	0.0603613
10.56_161.1314m/z	-0.157086566	1.765766265	0.0603942
11.24_345.2823m/z	-0.372376704	0.914884317	0.0605231
7.75_327.0003m/z	-0.129967842	0.06328072	0.0609681
7.75_266.0376n	-0.122919426	0.083886777	0.0613603
10.27_514.1245m/z	-0.200947636	0.823865314	0.061578
7.16_130.1582m/z	-0.11725976	0.399746081	0.0615853
8.75_194.0618m/z	1.043461821	0.228162009	0.0616198
9.21_281.1656m/z	-0.219492917	1.686503986	0.0617087
1.28_339.8965m/z	0.187374296	0.179000986	0.0617921
8.01_526.9588m/z	0.254521314	0.661310484	0.0619443
10.35_579.2782m/z	-0.086215517	0.252047797	0.0622065
1.73_334.1127m/z	-0.252198954	0.926483268	0.0623376
1.85_161.0953m/z	-0.349027548	2.647134729	0.0625541
10.08_163.1228m/z	-0.356345515	2.30677709	0.0625642
1.78_180.0666m/z	-0.03145407	0.03737168	0.0627807
8.47_417.1186m/z	0.323079085	0.078817286	0.0627881
9.82_245.2164n	-0.392111059	0.810192573	0.0627906
10.03_282.1332m/z	-0.806581017	0.296733562	0.0631316
1.75_379.0122m/z	-0.187925342	0.467192133	0.0633063
10.64_283.1721m/z	-0.339882889	1.016102307	0.0633982
12.93_344.3153m/z	-4.695803818	1.146309087	0.0634283
8.41_333.0071m/z	0.171355161	0.705368465	0.0634756
7.00_247.1437m/z	-0.085451094	0.358957424	0.0637885
8.44_321.0851m/z	0.167836905	0.186200251	0.0643124
8.78_277.0662m/z	-0.265940916	0.037756187	0.0643636
1.14_817.3259m/z	0.130022906	0.551057278	0.0644678
10.75_313.1191m/z	-0.076174976	0.096452616	0.0645085
11.67_321.2569m/z	1.377171419	1.208233584	0.0645088
7.31_233.1544m/z	-0.164058298	0.476332858	0.06452
9.08_349.1459m/z	-1.11452025	1.282127372	0.0646566
1.85_341.0169m/z	-0.072906805	0.483216151	0.0647858
10.39_317.1142m/z	-0.163854785	0.605068759	0.0651778
9.09_375.1191m/z	-0.167589288	0.261996001	0.065235
9.83_279.0479n	-0.384522721	0.006262734	0.0655069
9.02_483.2589m/z	0.291050927	1.12770326	0.0656174
10.12_229.0535m/z	0.212068824	0.120296992	0.0657033
8.70_141.0916m/z	-0.234173087	0.929552057	0.0657375
10.91_197.1546m/z	0.198864374	0.088618641	0.0657465
7.75_417.0746m/z	0.096899181	0.286427142	0.0659133
10.52_219.1390m/z	-0.293421688	0.162079655	0.066156
11.41_211.1335m/z	-0.130059146	0.449489142	0.0663914
10.07_352.0860m/z	0.221056482	0.112865643	0.0664211
11.43_270.2788m/z	0.283224988	1.099891886	0.0664333
11.32_526.4298m/z	-0.230012928	0.688941567	0.0665803
10.55_179.1422m/z	-0.166906127	1.896836223	0.0666298
12.20_388.2608n	0.071216727	0.474064183	0.0666976
11.59_363.1054n	3.718828325	1.036721823	0.0669332
6.56_105.0691m/z	-0.209932699	1.537269669	0.066958
8.23_185.0438m/z	-0.234279054	0.619757997	0.067018
9.90_199.0247m/z	-0.681703092	0.995390625	0.0670296
13.40_424.1738m/z	0.123440117	0.503300008	0.0670408
16.63_279.2319m/z	-0.041165712	0.068449585	0.0670954
8.69_230.1182m/z	0.305206678	0.105994813	0.067219
9.01_153.1265m/z	0.461506003	0.116200634	0.0673998
11.08_364.2451m/z	0.227597956	0.518339562	0.0674767
7.92_209.0452m/z	-0.108552885	0.31601151	0.0677004
11.45_597.2349m/z	0.167852713	0.373883511	0.0678838
7.23_376.1371n	0.35020266	0.367216856	0.0680159
7.78_333.0176m/z	-0.126921654	0.440077822	0.0688718
1.41_132.1000m/z	-0.897138998	2.129608386	0.0691798
12.27_428.2782m/z	0.589868115	1.239358916	0.0692672
9.20_607.2370m/z	0.312925726	0.796265625	0.0693186
7.93_165.0553m/z	-0.169551805	0.472732377	0.0693581
12.62_390.2384m/z	-0.201859843	0.354369476	0.0694122
11.19_221.0817m/z	-0.154645115	0.653674414	0.0698077
10.62_399.3449m/z	-0.140274664	0.565423113	0.0699241
9.18_315.2312m/z	0.654441347	0.633855454	0.0700862
0.07_81.0694m/z	-0.198634223	1.085506638	0.0701912
12.23_560.2986m/z	-0.29823847	0.090507622	0.0702777
7.00_713.2335m/z	-0.196243346	1.070358364	0.0703595
6.65_118.0644m/z	-0.085024951	0.46151424	0.0703729
11.32_498.0741m/z	4.22158455	0.141859382	0.0707623
10.68_629.2375m/z	0.225869204	0.311853478	0.0710241
8.26_663.2310m/z	-0.109744365	0.072196072	0.0716157
11.21_421.3452m/z	1.176806626	0.14154582	0.0718464
10.70_523.2861m/z	0.61697766	0.735782106	0.0719169
7.75_501.1323m/z	0.134268914	0.240954965	0.0719448
18.09_115.9630m/z	-0.207106844	0.411189542	0.0720505
9.83_531.3640m/z	-0.23295132	0.693401289	0.0720875
12.79_119.0852m/z	-4.577501062	0.71311708	0.0721734
10.17_282.2221m/z	-0.365475811	2.927422942	0.0722535
13.82_585.4755m/z	-0.107789726	0.266267622	0.0726284
3.59_262.1639m/z	-0.361322003	1.635734251	0.0727106
13.05_423.0232m/z	-0.188394406	0.38341842	0.0728065
1.74_177.1016m/z	-0.778634392	0.302725312	0.0730215
8.70_356.1192n	0.686331327	0.55442693	0.0731249
1.44_187.0571m/z	-0.104294367	0.415594138	0.0733298
1.70_115.0495m/z	-0.861181827	2.849381697	0.0733336
11.18_264.1574m/z	-0.468143284	2.111746351	0.0734211
1.71_340.0333m/z	0.572185085	0.998677418	0.0736036
6.37_125.0240m/z	-0.203540033	0.109918948	0.0736523
13.81_359.3152m/z	-0.168088434	0.566081428	0.0736556
12.92_518.2489m/z	0.354145565	0.359986899	0.0736794
1.27_105.0695m/z	-0.751623031	4.482404313	0.0739505
18.17_72.0438m/z	-0.324309214	1.964942674	0.0740375
7.94_268.1905m/z	4.244534238	0.644630864	0.0744169
12.24_295.2263m/z	-0.460280207	1.197937458	0.0747419
8.81_496.1336n	0.49490383	0.104133441	0.0749082
8.19_318.1201n	0.21806495	0.32430596	0.0753396
11.83_255.1211m/z	0.270411029	0.352848911	0.0757653
8.62_343.1003m/z	-0.24762916	0.623826504	0.0760499
7.64_548.3623m/z	-0.239147278	1.106931555	0.0761811
1.74_113.0340m/z	-0.249833473	0.587821794	0.0762086
14.40_574.3113m/z	-0.281761521	0.286396068	0.0763327
10.55_167.9927m/z	-0.832853849	0.681108537	0.0765585
1.80_170.0954m/z	-0.263750831	1.504513942	0.0765636
10.11_227.0896m/z	-0.382334604	0.77325836	0.0765784
10.89_288.2524m/z	-1.502520865	1.750337013	0.0768027
10.26_300.1351m/z	-0.153158642	0.906795516	0.0771765
1.76_312.9851m/z	-0.325031405	0.624627232	0.0773681
11.45_464.3358m/z	0.402430967	0.231123731	0.0776199
0.46_155.0695m/z	-0.273968374	2.433762907	0.077756
10.05_293.1951m/z	-0.258814674	2.111351631	0.0783659
9.21_246.0753m/z	-0.276353705	0.408741674	0.0783827
18.11_108.9614m/z	-0.223928011	0.947121455	0.0784064
10.36_151.0393m/z	-0.237883438	1.05886439	0.0785667
8.84_209.1153m/z	-0.22658453	1.287901091	0.0787409
7.51_375.9954m/z	0.580286669	1.394635687	0.0787728
9.87_188.0699n	-1.923001578	0.012657342	0.0788671
7.94_371.1070m/z	-1.049217869	0.392771298	0.0791487
9.09_349.0018m/z	0.211044069	0.288590986	0.0794277
9.05_530.1637m/z	0.256573113	0.186136912	0.0795823
8.29_453.1559m/z	-0.11798548	0.719797361	0.0796085
9.83_177.0540m/z	-2.280360671	0.38041732	0.0796733
6.57_181.0714m/z	-0.097055016	0.022459751	0.0797868
0.13_208.9429m/z	-0.400328361	2.098212677	0.0799144
10.84_549.2332m/z	-1.9960489	0.319395289	0.0799424
9.93_151.0375m/z	-0.701536774	1.373785935	0.0801622
11.43_265.1427m/z	-0.104600082	0.385442341	0.0802141
8.04_322.9817m/z	0.139473759	0.487078247	0.0802308
13.19_500.2732m/z	-0.200590757	0.339050137	0.0804897
11.92_615.2885m/z	-0.325801837	0.380444434	0.0805159
9.83_351.0035m/z	-1.540738565	0.186508415	0.0805855
8.40_388.1872m/z	0.337679943	0.052937499	0.0808222
6.70_310.9297m/z	-0.360489805	0.861283735	0.0808611
8.20_447.0920m/z	0.983696603	0.427639633	0.0808621
12.46_366.2443m/z	0.670815393	0.048388583	0.0809716
10.71_195.1007m/z	1.283324675	1.221139258	0.0811971
10.54_247.1323m/z	-0.427569849	1.234611629	0.0812767
13.68_690.2580m/z	-0.119159584	0.054971348	0.081415
10.39_500.1809m/z	0.732918841	1.204779917	0.0816673
1.27_69.0330m/z	1.078330555	1.792926027	0.0817132
7.50_178.0509m/z	0.079151733	0.493733151	0.0817208
9.27_511.2539m/z	0.61241046	0.201027033	0.0817911
9.42_139.0382m/z	4.970165236	0.684735169	0.0817957
12.27_437.3463m/z	-0.696549074	1.489516653	0.0819319
9.10_367.1567m/z	-0.977589436	1.825132278	0.0820324
8.54_220.0615m/z	0.288426175	0.847684131	0.0821349
1.73_244.0688n	-0.125887794	0.075112611	0.0822247
8.17_340.1031n	0.162917087	0.174609588	0.0823132
10.91_212.0209m/z	-0.360724214	1.395606527	0.0823417
9.69_408.2733m/z	-0.193081689	0.790895346	0.0825309
7.61_171.1373m/z	-0.188053139	0.16176376	0.0827606
11.33_299.1362m/z	1.7285995	0.146491605	0.0829654
9.27_376.2338m/z	0.402036901	0.117767556	0.0830272
13.91_778.5347m/z	0.135375802	0.257788	0.0831093
1.26_99.0795m/z	-0.935479487	5.47365426	0.0832737
10.63_409.1484m/z	0.276808921	0.417491202	0.0833473
1.73_363.0236m/z	-0.436216108	0.70091129	0.0837702
10.54_264.1350m/z	-0.579061205	1.373494365	0.0839025
9.08_227.0919m/z	-0.380073178	0.002896392	0.0839259
9.53_375.0150m/z	-0.616514814	0.372258395	0.0840283
11.62_627.5351m/z	-0.457303135	1.843775025	0.0840462
13.16_859.5371m/z	-0.226202979	0.60051838	0.0840624
13.06_239.1653m/z	0.073860602	0.001291774	0.0841413
9.79_314.1032m/z	-0.404739719	0.343215905	0.0844958
9.56_399.1769m/z	0.632551959	1.757973173	0.0845485
9.27_187.1338m/z	0.271257684	0.611786863	0.0845621
9.40_415.1675m/z	2.597116243	2.695134796	0.0847056
10.29_181.1581m/z	-0.164096158	3.35454236	0.0848209
9.54_244.0798m/z	0.480323652	1.430114837	0.0848661
10.64_625.3581m/z	0.185435967	0.708069772	0.0849341
8.57_445.1895m/z	0.204427236	0.265523412	0.0849496
7.40_243.0356m/z	-0.285945315	0.550492289	0.0851371
10.81_410.2869m/z	0.298818346	0.638243841	0.0853454
6.72_284.1843m/z	1.26000246	0.079833351	0.0853665
10.26_181.1595m/z	-0.302971907	1.7463301	0.0853782
9.90_283.1072m/z	5.396517695	0.12490052	0.0855019
1.16_1049.2436m/z	-0.181097417	0	0.0855753
7.43_527.0475m/z	0.555287191	1.234545293	0.0860413
7.00_327.2008m/z	-0.219107432	0.546242999	0.0860534
8.85_217.0174m/z	-0.373166178	0.614134657	0.0864733
7.80_109.0291m/z	0.356778686	0.600276104	0.0867322
7.89_285.0049m/z	-0.386300114	1.960399511	0.0867637
10.66_415.1495m/z	0.12937598	0.149685278	0.0870785
9.86_209.1150m/z	-0.314994088	0.952849791	0.0870874
10.95_241.1803m/z	0.480912581	0.650759394	0.087263
12.73_380.2567m/z	-0.064323419	0.153332035	0.0876642
18.10_187.9414m/z	-0.331891637	0.859957297	0.0878553
8.74_449.1080m/z	1.104038232	0.398178936	0.0880846
8.71_221.0089m/z	0.428074736	0.142935401	0.0881641
18.11_433.2354m/z	0.064100878	0.147205379	0.0882459
12.09_309.1303m/z	-0.24473095	0.931944075	0.0883721
7.19_416.2845m/z	-0.204705432	0.733077182	0.0886581
11.61_237.1477m/z	-0.349821949	1.490516554	0.0888179
7.35_132.0452m/z	0.278765379	0.03108344	0.0889482
11.12_440.2762m/z	-1.202408276	0.677805523	0.0894936
12.85_507.3197m/z	0.106583556	0.272595396	0.0896694
10.05_135.0797m/z	2.706763901	0.157963958	0.0896938
8.84_133.0127m/z	-0.135953551	1.372213368	0.0897704
6.65_190.0757m/z	-0.117532692	0.870725915	0.0898505
8.96_347.2210m/z	0.182722897	0.18089387	0.0901832
1.76_243.0622m/z	-0.035404642	0.088439191	0.0901886
9.37_288.9638m/z	5.922835743	1.128256065	0.0902254
9.83_318.0291m/z	-0.746988758	0.301297603	0.0902255
11.01_615.2457m/z	-0.100119033	0.259988836	0.0903964
7.88_267.9783m/z	-0.316960277	1.934002249	0.0904059
8.12_151.0216m/z	-0.38194565	0.187722515	0.0906531
10.29_289.2482m/z	-0.161621974	1.613392252	0.0906853
18.72_136.9088m/z	-0.313176393	1.642888807	0.0908507
12.71_475.3267m/z	-0.216056057	0.177550113	0.0909682
14.51_530.3219m/z	0.158289805	0.110839536	0.0914604
11.26_326.0151m/z	-0.395937556	4.007305569	0.091702
12.69_542.2491m/z	0.277172873	0.00848641	0.0917084
11.32_295.2111m/z	0.848136391	0.047707501	0.0918047
9.72_297.1247m/z	-0.431128703	1.116957805	0.0918822
10.05_163.0746m/z	3.57135611	0.417280008	0.0920541
12.16_657.3310m/z	-0.21693431	0.114318832	0.0921685
10.17_293.1384m/z	0.448697248	0.647634152	0.0922824
10.56_339.2672m/z	1.357314451	2.075074407	0.0923327
1.16_973.2689m/z	0.204140023	1.115465178	0.0923932
11.68_413.2166m/z	0.558878799	0.000639318	0.0924198
11.83_272.1112m/z	0.528073828	0.717323519	0.0924989
12.26_215.1652m/z	0.335329546	0.459372754	0.0925201
11.91_226.1931n	0.165792261	0.086954787	0.0925994
12.23_232.1325m/z	-0.346321643	2.232846361	0.0926482
11.69_413.0122m/z	1.248732716	0.818002151	0.0927702
12.09_267.1237m/z	0.040511047	0	0.0928273
12.40_420.3097m/z	0.244217921	0.833469243	0.0929841
1.25_60.0804m/z	0.522663173	1.952713448	0.093265
8.09_267.9945m/z	0.402812866	0.359227475	0.0933027
8.40_369.1433m/z	1.85590831	0.283620987	0.0933389
6.62_655.2267m/z	0.055868699	0.600660347	0.0934136
1.11_185.1141m/z	-0.208279585	1.117906555	0.0935848
14.72_355.2234m/z	-0.171126852	1.079563593	0.0937223
1.39_132.0762m/z	-0.096432041	0.296209255	0.0937352
9.72_337.1168m/z	-0.532508035	1.127354911	0.0937973
8.49_647.2337m/z	0.230529983	0.963343164	0.0938433
1.28_305.9175m/z	0.198402029	0.280968845	0.0938974
6.08_131.0482m/z	0.386074852	0.923592602	0.0940264
1.44_382.0541m/z	-0.365077195	0.497663026	0.0940526
10.67_647.2332m/z	0.12171026	0.307368079	0.0941266
9.83_149.0836n	-0.390992696	0.212596207	0.0941912
9.32_187.0969m/z	-0.353627905	1.045503261	0.094253
1.39_138.0540m/z	0.330415435	1.224907519	0.0943547
11.18_208.1697m/z	-0.419766201	2.89275271	0.0945466
12.43_479.1882m/z	0.223269313	0.14311711	0.0947428
10.47_600.2761m/z	0.372429988	0.384468671	0.0949146
1.15_1029.2751m/z	0.156442113	0.762456262	0.095218
7.09_209.1141m/z	1.688017697	0.129055612	0.0956159
8.26_127.1109m/z	-0.270518356	2.567765304	0.0957005
7.30_413.2651m/z	-0.302105613	3.210949789	0.0957072
7.52_458.2715n	-0.185374883	0.770505019	0.0957143
11.29_272.1114m/z	0.482053716	1.21826329	0.0957734
11.43_316.2843m/z	-1.003223068	1.970928864	0.0957877
1.20_526.7649m/z	0.203888474	1.430939926	0.0958519
8.97_163.1317m/z	-0.306125629	3.14818049	0.095941
7.75_350.0948n	0.114145629	0.15912829	0.0959544
13.43_1043.6163m/z	-0.029637934	0.024861037	0.096003
9.81_268.1164m/z	0.998311609	1.374837829	0.0960589
10.57_319.1939m/z	0.305748496	0.764729176	0.0961998
10.34_647.2378m/z	0.223350008	0.469307356	0.0962547
7.38_432.0335m/z	0.335115877	0.57319768	0.0963857
19.80_128.9496m/z	-0.392138695	2.523035119	0.0963972
8.63_297.0976m/z	0.911531319	1.066217209	0.0964945
7.86_350.9778m/z	-0.493208659	0.906501269	0.09652
11.11_285.1876m/z	-0.330232864	0.822359628	0.0965561
8.92_173.1179m/z	-0.228663973	0.843238902	0.0966565
9.53_283.1659m/z	0.809662777	0.049702827	0.0967233
13.41_690.2453m/z	-0.296602711	0.579661317	0.0969748
1.73_313.9931m/z	-0.343096491	0.822275972	0.0969864
1.26_208.0319m/z	-0.734635868	4.042713165	0.0970905
13.25_568.2657m/z	-0.089301203	0.072661979	0.0972505
6.77_283.1746m/z	-0.437729214	1.348543652	0.097304
8.84_297.1273m/z	1.037279223	1.545775786	0.0975125
9.15_304.0134m/z	0.545643043	0.496421751	0.0977096
11.61_329.2354m/z	-0.147438315	0.47511468	0.0978046
1.50_186.1060m/z	0.434741778	0.161694432	0.0980938
7.76_243.0353m/z	-0.357415496	0.043561661	0.0980945
11.23_517.2391m/z	2.835610677	0.241634724	0.0981691
1.44_259.0139m/z	-0.714984109	1.582932064	0.098344
11.35_313.1189m/z	0.279756687	0.483389276	0.0984733
10.55_151.0745m/z	-0.464863221	1.446396079	0.0984928
8.97_294.1472n	0.801519703	0.07155857	0.0985494
8.00_121.0292m/z	-0.212638051	0.487878844	0.0987331
7.41_485.0627m/z	-0.274643363	0.507347151	0.0989487
9.46_187.1338m/z	-1.047254683	0.295101699	0.0990854
9.73_194.1172m/z	-0.29662512	2.236100529	0.0991528
11.17_247.1774m/z	-0.257318469	4.797868747	0.099371
12.21_193.1213m/z	-0.488084904	2.48684635	0.100188
7.19_370.2195n	-0.220820022	0.646560813	0.100295
9.39_65.0396m/z	7.503107774	1.094177146	0.10031
12.34_502.2717m/z	-0.541418137	0.052762392	0.100439
8.95_366.2038n	0.451190922	0.077516403	0.100581
9.66_331.1911m/z	-0.175007696	0.037132246	0.100797
1.77_231.0832m/z	1.157714453	0.163584097	0.100951
1.28_163.0960m/z	-0.542451856	4.661027839	0.101026
8.09_279.1371m/z	0.53346839	0.492700165	0.101877
1.15_1207.2312m/z	0.189581859	0.705652835	0.101982
7.15_197.1277m/z	-0.23192338	0.639895301	0.102062
10.45_425.2209m/z	-0.536968456	0.380501795	0.102154
7.52_429.0819m/z	0.895383996	1.210276896	0.102288
10.79_139.1109m/z	-0.219816255	3.154093684	0.102568
8.45_245.0932m/z	0.392678482	0.3862702	0.102572
9.55_123.0908m/z	-0.212949934	4.686594727	0.102589
10.30_465.2484m/z	-0.298542277	0.828542688	0.102638
13.38_422.3230m/z	-0.299549652	0.517026426	0.102824
9.69_262.0622m/z	4.202237011	0.055752305	0.102902
10.44_401.0867m/z	0.281303614	0.701380502	0.103115
12.25_426.2642m/z	0.382516303	0.535225885	0.103398
10.03_599.2001m/z	4.596591894	0.387983722	0.103513
10.99_222.9378m/z	-0.314614972	0.298897642	0.103516
9.04_253.1344m/z	0.538098894	1.897230241	0.103659
0.07_133.9029m/z	-0.376902109	3.206164931	0.103659
9.61_464.3011m/z	0.165543711	0.502806259	0.103708
13.29_571.3253m/z	-0.438836317	0.173711344	0.103771
1.73_158.1168m/z	0.8173874	2.020234077	0.103862
10.17_448.3059m/z	-0.497419338	0.207486445	0.103885
18.07_303.9112m/z	-0.25241744	0.335383406	0.104036
7.71_146.0593m/z	1.920845316	0.543681043	0.1041
10.05_211.0749m/z	11.44746788	0.616687414	0.104175
10.25_155.1058m/z	-0.209122986	4.26471496	0.104267
8.13_332.2379m/z	1.694814934	2.028608169	0.104314
9.84_227.0200m/z	0.841442861	0.026729869	0.104445
8.45_274.1316n	0.097267665	0.069976549	0.104493
12.75_498.2616m/z	-0.083645977	0.051407582	0.104577
1.30_82.9538m/z	0.10017459	0.195061574	0.104758
11.20_461.2893m/z	-0.655019445	0.877538364	0.104787
9.09_269.1506m/z	0.953250727	0.534301953	0.10484
15.29_297.0809m/z	-0.076806556	0.152530992	0.105046
9.07_219.0275m/z	-0.588841935	0.649135876	0.105046
10.37_495.2115m/z	1.557591913	1.206230562	0.105239
10.60_397.1693m/z	-0.624466529	1.592542809	0.105383
7.68_342.2243m/z	-0.354478367	2.608708423	0.105483
8.13_198.1271m/z	-0.320023886	4.203214815	0.105852
9.04_563.1770m/z	1.375686507	0.016420166	0.105908
11.82_121.1002m/z	-1.238915741	3.327327775	0.106031
8.31_273.0436m/z	1.11572674	0.253477892	0.106176
9.74_366.2408m/z	0.604914817	0.011606053	0.10655
8.21_99.0084m/z	-0.293759896	0.408461269	0.106576
8.05_350.1509m/z	0.184378508	0.037541162	0.106622
9.32_155.0463m/z	-2.060154687	0.124473422	0.106692
12.03_661.1171m/z	-0.453367104	0.425874935	0.106906
2.83_124.9659m/z	-0.54268292	3.882801645	0.10699
8.33_496.1703m/z	-0.513133505	1.298900235	0.107208
9.13_199.1686m/z	-0.213566144	1.533414095	0.107319
9.08_299.1385m/z	0.418635012	0.778757949	0.107344
8.64_170.0593m/z	1.78153476	5.986450779	0.107369
8.46_302.1035m/z	0.287708206	0.373772584	0.107395
18.29_184.8839m/z	-0.229563683	5.617453477	0.107404
12.17_249.1844m/z	-0.607066597	1.663758469	0.107503
9.38_221.9831n	1.954726906	0.239461419	0.107568
12.58_570.2322m/z	-0.598541044	0.411844868	0.107794
1.77_172.9881m/z	-0.193361071	0.058012297	0.10809
10.29_180.0311m/z	-0.345177837	2.414000403	0.108365
12.44_514.2154m/z	-0.31631345	0.734385129	0.108394
8.64_424.1195m/z	10.21259316	0.682316839	0.108411
8.06_466.0562m/z	1.101675932	0.271991355	0.108579
8.92_423.2016m/z	-0.509871304	0.718294111	0.10862
13.18_576.2015m/z	-0.215229387	0.118951038	0.109067
12.23_277.2156m/z	-0.715887724	1.191649913	0.109152
11.00_413.2142m/z	0.631461258	0.361183398	0.109218
6.65_109.0292m/z	-0.132422629	0.024727232	0.109575
9.76_549.1254m/z	3.2073514	0.310187864	0.109651
9.66_397.1772m/z	-0.155416393	0.216992362	0.110013
8.22_312.9874m/z	-1.020050624	0.475234009	0.110216
9.11_456.2215m/z	-1.729453055	0.531326333	0.110298
9.94_421.1530m/z	3.687378455	0.169915842	0.110348
8.28_521.1432m/z	-0.492487861	0.81715184	0.110786
10.82_499.2947n	0.575200627	1.114920484	0.110829
9.15_259.0291m/z	0.913294058	0.309993633	0.111166
6.65_475.1319m/z	-0.167468425	0.890262882	0.111202
9.54_160.9562m/z	2.213900544	0.181291239	0.111379
11.45_270.1710m/z	-0.334556553	1.686014735	0.111491
9.28_474.3091m/z	-0.500687786	1.271608067	0.111555
9.66_414.3354m/z	1.018698341	0.020095777	0.111626
8.09_489.1323m/z	0.921047637	0.382482799	0.111637
9.92_211.1338m/z	1.088610873	0.379523517	0.111882
10.56_197.1530m/z	-0.182942113	2.439928303	0.112072
10.76_601.2229m/z	-0.54131022	0.920287069	0.112174
11.08_166.0160m/z	-0.3527948	3.029285942	0.112485
8.57_345.0910m/z	7.005121505	1.031579632	0.112645
11.37_223.1700m/z	0.281901024	0.16234718	0.112711
9.75_605.2704m/z	14.27156423	0	0.112883
12.40_583.2526m/z	0.548453527	0.236236681	0.11289
7.91_123.0447m/z	0.501283801	0.292843026	0.112916
10.26_462.1035m/z	-0.418991427	1.545775786	0.11303
10.74_203.0001m/z	0.8005695	0.550236279	0.113208
9.84_88.0749m/z	-0.251756754	3.524722615	0.113487
8.36_120.0572n	0.17033365	0.037247215	0.113499
9.87_359.0801m/z	0.612385654	0.198487901	0.113678
9.70_307.1051n	-0.236860474	0.715668545	0.113784
16.23_485.2883m/z	-0.334882916	0.170878347	0.113908
10.71_373.2727m/z	1.560749775	1.390067464	0.113917
6.65_170.0593m/z	-0.103920999	0.689485114	0.114218
11.16_518.3220m/z	-0.705128324	1.312315898	0.114262
12.43_401.1841m/z	-0.231720073	3.237402452	0.114483
10.31_356.0268m/z	4.850724046	0.026992749	0.11463
13.39_609.2553m/z	-0.141810341	0.3253703	0.114715
9.33_518.3340m/z	-0.350283978	1.891874905	0.114863
9.85_193.0302m/z	1.68046261	0.117380417	0.114899
9.37_272.9986m/z	6.086629234	0.627596198	0.11505
3.20_231.0832m/z	1.730536638	1.59590898	0.115085
10.50_213.0130m/z	0.374125458	1.095923657	0.11528
9.14_239.1608m/z	-0.216453761	1.072190944	0.115535
11.30_95.0849m/z	-0.247217912	1.41838822	0.115639
8.69_167.1037m/z	-0.213945232	1.869585814	0.115655
13.62_665.2585m/z	-0.284571425	0.368124181	0.115679
13.19_479.2953m/z	-0.15993147	0.209935207	0.115828
7.88_265.9800m/z	-0.324852171	2.787988281	0.115929
8.48_308.1752m/z	3.088183999	0.009945883	0.115972
6.41_232.1538m/z	0.179299274	1.139830952	0.116146
9.05_606.1332n	-0.60964814	1.426854437	0.116232
9.83_144.0815m/z	-2.199181522	0.05499698	0.116299
7.94_456.0838m/z	5.563278445	0.31038307	0.11638
9.66_411.2376m/z	-0.383221453	0.705465438	0.116499
10.87_577.2625m/z	-0.492200563	0.358989186	0.116597
10.98_333.9387m/z	-0.499666241	0.59678851	0.116644
8.12_156.1376m/z	-3.144036773	0.200869755	0.11666
12.44_413.2124m/z	0.513920532	0.248841807	0.116766
8.98_340.0821m/z	-0.321680071	0.272549027	0.116949
11.51_213.1160m/z	-0.238713174	4.998504263	0.117034
13.12_392.3115m/z	0.611046747	2.759710408	0.117405
11.30_133.1004m/z	-0.280721593	2.93998624	0.117615
9.74_155.0711m/z	0.632751609	0.008460282	0.117701
10.79_379.1939m/z	-0.555104271	0.608837213	0.118006
9.57_343.1893m/z	4.732847771	0.03305287	0.118081
10.82_215.1651m/z	-1.042157712	0.619910016	0.118088
1.73_204.1024m/z	0.472447737	1.527710266	0.11809
9.65_430.2929m/z	0.672471691	1.153898659	0.118091
10.36_243.0692m/z	-0.484649455	0.030907599	0.118107
1.16_90.9759m/z	0.129642743	0.646826492	0.118259
7.40_274.9854m/z	-0.252089379	0.499445196	0.118302
11.59_309.2032m/z	-0.259538939	4.638300488	0.118355
7.90_337.0381m/z	1.44601432	0.35417801	0.118369
3.38_123.0432m/z	0.319200196	4.097810478	0.118388
18.06_799.5436m/z	-0.179772724	0.11423069	0.118391
9.13_547.1820m/z	2.291925601	0.719754079	0.118443
12.06_353.2295m/z	-0.395536872	0.56581926	0.118534
10.32_495.2215m/z	1.096405678	1.822469271	0.118616
1.71_303.0030m/z	-0.737752688	1.457871995	0.119046
1.16_939.2753m/z	0.249734589	1.188642866	0.119134
1.28_81.0328m/z	1.955935043	3.748724451	0.119199
1.41_68.0489m/z	0.836920838	5.358449548	0.119466
18.08_148.9382m/z	-0.371164384	0.895564106	0.119481
9.38_500.2843m/z	1.076887757	2.530927973	0.119805
8.94_416.3148m/z	1.698089883	0.293322321	0.11984
14.94_299.1608m/z	-0.151901804	0.863282603	0.120241
11.22_439.3558m/z	2.16492975	1.163454362	0.120277
11.26_366.0481m/z	3.339258068	0.635843144	0.120309
10.75_483.0316m/z	1.167855731	0.55555078	0.120314
18.49_258.9162m/z	-0.339964038	2.127862965	0.120497
11.41_205.9412m/z	-0.644577745	0.987977314	0.120565
13.18_219.1736m/z	-0.296081297	5.935976523	0.120755
11.90_201.1492m/z	-0.509526376	0.843550802	0.120864
10.38_327.2402n	0.364349716	0.923782043	0.120946
7.51_246.0381m/z	0.279546506	0.230608641	0.121008
11.44_603.2226m/z	-0.272933794	0.314479495	0.121017
11.14_383.3298m/z	0.580600107	2.213842235	0.121017
8.81_264.9650m/z	-0.364340558	1.785503197	0.121126
13.87_770.5714m/z	-0.102587616	0	0.121157
9.89_167.0345m/z	-0.681920847	1.275248306	0.121258
10.68_405.1579m/z	7.737667806	1.626402133	0.121953
15.55_638.2971m/z	-0.264876596	0.489449628	0.12209
10.14_193.0856m/z	3.639591278	1.637005119	0.122129
6.07_149.0580m/z	0.445955763	1.523230666	0.122162
1.44_199.0375m/z	0.167279272	0.295426552	0.122187
10.14_211.0969m/z	4.406661175	0.897336515	0.12245
1.20_886.6283m/z	-0.185055036	0.689844314	0.122993
11.28_179.0709m/z	-0.365063812	1.274081021	0.123299
6.65_132.0800m/z	-0.124690816	0.957700193	0.123313
13.69_578.2539m/z	0.166350711	0.417945732	0.123653
19.12_396.0854m/z	-0.213288368	1.944740198	0.123871
12.00_617.2547m/z	-1.058693948	0.162067671	0.123942
15.36_558.4373m/z	-4.080163462	0.31920052	0.123985
10.41_239.1265m/z	0.689676037	1.465007332	0.124017
11.74_303.1445m/z	2.451467463	0.01150035	0.124053
9.53_531.3641m/z	2.528778033	0.177410258	0.124262
8.98_285.9998m/z	0.326909826	0.916035382	0.124549
11.45_193.0867m/z	-0.239653861	1.162249994	0.124662
1.56_60.0440m/z	-0.514655712	2.056373435	0.124823
1.24_261.0105m/z	2.039989885	1.982912377	0.125023
10.43_413.2660m/z	-0.391988775	1.313697175	0.125117
9.87_172.0750m/z	-1.305661524	0.12279457	0.125336
11.03_405.3446n	-1.200758614	0.646304914	0.126091
10.08_193.1214m/z	-0.254755075	1.729498178	0.126272
10.06_409.2704m/z	-0.223216474	0.936509017	0.126332
1.45_263.9920m/z	-0.873613236	1.396566555	0.12652
8.96_321.0434m/z	0.651621003	0	0.126749
1.78_259.0667n	-0.096766165	0.001794734	0.126949
9.34_287.2095n	0.066313005	0.175421876	0.127036
10.33_597.2352m/z	0.154219666	0.239569977	0.127044
10.06_361.2046m/z	-0.355835621	0.749750821	0.12705
11.06_514.3360m/z	-2.229849283	1.299111185	0.127301
8.20_695.2211m/z	-0.460420493	0.834610241	0.127461
8.48_208.1550m/z	-0.274704049	4.20705179	0.127533
8.34_262.1774m/z	-0.315709842	3.741889745	0.127702
9.34_462.1762m/z	0.317765805	0.379444434	0.127766
8.73_251.0577m/z	1.529203924	0.16206704	0.127776
7.08_138.0557m/z	0.349849773	0.465030139	0.128176
10.02_157.0221m/z	-0.758710385	2.726260476	0.128284
8.78_209.0794m/z	-0.146855753	0.692574567	0.128548
10.89_366.2633m/z	-0.177123153	0.411517641	0.128658
18.07_278.8962m/z	-0.238428206	0.20933139	0.128692
11.43_422.1345m/z	-0.559832535	0.3196527	0.128795
10.31_354.0288m/z	6.445437825	0.37483474	0.128856
10.58_413.2656m/z	-0.153495549	1.07367402	0.128875
9.52_114.0906m/z	-0.28499917	3.898558827	0.129196
9.00_313.1192m/z	0.222364671	0.538990968	0.12926
7.52_383.0433m/z	-0.774942918	0.101555117	0.129305
13.03_424.3432m/z	-0.500521649	0.540101131	0.129355
12.46_362.2445m/z	-0.305455516	1.194459724	0.129478
18.09_140.9945m/z	-0.217939345	3.871930455	0.129583
7.00_515.2616m/z	0.276780515	0.033770948	0.130086
9.41_511.2902m/z	0.628894067	0.111894674	0.130108
8.27_645.1467m/z	1.814010588	1.117589316	0.130271
9.40_215.0363m/z	2.107136622	0.2528773	0.130394
9.48_297.9998m/z	-0.396245906	0.27071531	0.130607
1.20_314.8609m/z	0.096518529	0.624129802	0.130737
9.72_633.2540m/z	0.424532758	1.343136465	0.130763
11.10_295.2258m/z	-0.429949699	1.588079086	0.130885
12.44_465.2093m/z	-0.428379021	0.523395863	0.13098
10.27_394.1155m/z	-0.237812809	2.049934191	0.131351
11.37_388.3049m/z	0.241248892	0.908037752	0.131459
11.60_611.2420m/z	1.090738143	1.559591589	0.131805
9.37_562.3605m/z	-0.292378412	2.874951618	0.131962
8.37_345.1139n	0.529289103	0.785023765	0.132242
10.68_356.0188m/z	1.169635718	0.104548723	0.132522
12.27_282.2785m/z	0.283679096	0.196446613	0.132725
18.08_86.9754m/z	-0.339907479	1.577352718	0.132811
8.21_251.0170m/z	-0.350666254	0.697035196	0.133123
9.30_570.2493n	-0.220059374	0.530621338	0.13324
8.08_512.2081m/z	0.806677028	0.432554842	0.13359
1.28_294.0027m/z	3.503843983	2.712818814	0.133662
8.88_299.1370m/z	0.414509277	0.887204031	0.13374
8.11_189.1019m/z	-4.86024864	0.82131076	0.133891
9.06_464.3008m/z	0.722241586	0.339949826	0.133975
8.01_452.9377m/z	-0.507509829	1.199374326	0.133977
6.62_186.0556m/z	-0.220832948	0.288647542	0.134018
11.69_495.3774m/z	1.246441824	0.9935254	0.13405
11.04_261.1091m/z	-0.193596992	2.098116311	0.134055
10.52_254.1723m/z	0.365493128	3.893102292	0.134084
10.05_305.1758m/z	5.2601244	0.549144535	0.134307
0.08_161.9253m/z	-0.302124048	1.948064523	0.134531
10.08_338.2315m/z	-0.251606677	0.743229353	0.134865
10.05_649.2485m/z	0.186235264	0.210113415	0.135137
9.70_281.2259m/z	-0.576890526	2.967985966	0.135605
12.91_313.2384m/z	-0.08504836	0.155563833	0.135825
12.98_570.3040m/z	-0.243276686	0.653322404	0.135846
9.60_184.1144m/z	-0.477866906	3.829453739	0.135864
8.21_319.0042m/z	-0.425719003	0.608883092	0.135891
18.09_74.9803n	-0.187166208	1.026535929	0.136032
10.88_495.2022m/z	0.914236049	0.777759693	0.136356
1.20_538.7456m/z	0.176857526	1.29086408	0.136383
8.22_195.0659m/z	0.750883577	0.177858738	0.136402
9.66_461.1084m/z	1.386577691	0.099406223	0.136428
1.32_76.0752m/z	0.972354102	2.148745933	0.136464
12.58_431.2148m/z	-0.828232802	0.760357726	0.136913
8.43_266.1509m/z	-0.310014057	3.619734475	0.137194
9.70_426.1749m/z	5.936763632	1.517882804	0.137408
9.93_127.0381m/z	-0.848301659	1.266656657	0.137504
11.57_539.2150m/z	1.383939534	0.190395848	0.137736
12.40_375.2883m/z	1.066682728	1.601997457	0.137788
8.81_313.2156m/z	1.038609376	2.954485348	0.13779
13.00_660.4512m/z	-0.22695498	2.666645439	0.138159
16.92_227.2016m/z	-0.077083036	0.208193601	0.138283
11.23_295.2260m/z	-0.558846285	2.384437095	0.138289
8.04_464.9917m/z	0.302066748	0.04272802	0.138536
7.78_237.1687m/z	-0.260389771	0.985853435	0.138622
9.56_411.2378m/z	-0.54981928	1.106317006	0.138709
9.87_480.2763m/z	-1.374975093	0.915287915	0.138882
12.08_413.2655m/z	-0.203045169	1.844594117	0.139152
1.28_414.0453m/z	1.199964627	1.91892286	0.140163
12.80_576.2862m/z	-0.428791061	0.500245579	0.140189
1.37_160.0960m/z	0.522805564	0.939370141	0.140287
11.33_401.3410m/z	0.96398531	2.696147595	0.140374
9.39_479.1721m/z	-0.525985006	0.822607808	0.140556
12.21_311.2223m/z	0.114432088	0.143063374	0.140558
11.30_151.1473m/z	-0.283189376	2.542507175	0.140618
9.83_308.0619n	1.436391492	0.677908944	0.140728
12.02_465.2837m/z	-1.284738628	0.955938697	0.14083
1.68_410.9850m/z	-0.168470378	0.209095159	0.140859
11.50_292.1898m/z	-0.420292592	1.767850446	0.140995
11.74_524.3353m/z	-0.35287824	0.504945734	0.14102
8.11_224.1046n	0.674656727	0.396607685	0.141022
12.59_482.2863m/z	-0.760040558	0.587415146	0.141056
1.14_995.2816m/z	0.214327585	1.025451926	0.141084
9.89_462.2854m/z	0.721691313	0.361991229	0.141181
1.31_78.9180m/z	-0.092802095	0.721626001	0.141341
12.42_861.5512m/z	-0.368501916	1.714336943	0.141432
7.35_296.9795m/z	0.127453011	0.024821489	0.142308
14.91_619.2883m/z	0.022099209	0.128188968	0.143054
10.22_467.2640m/z	-0.532824511	0.213013753	0.143073
9.34_399.0455m/z	-3.349812818	1.457712485	0.143371
11.30_315.1809m/z	-0.293084112	1.505514244	0.14341
18.93_484.7565m/z	-0.195290213	1.210246591	0.143755
6.83_244.1538m/z	0.64310052	2.616172072	0.144143
18.42_65.0143m/z	-0.271325652	0.659351676	0.144296
9.50_476.1907m/z	-0.895449157	1.685932544	0.144401
8.29_151.0394m/z	-0.374052434	1.977777895	0.144467
13.21_487.3283m/z	-0.127195361	0.136955654	0.144901
18.60_413.2652m/z	-0.260961031	3.216305761	0.144964
7.77_152.0461n	-0.09293606	0.183467058	0.145083
14.18_614.3462m/z	0.054176963	0.100135195	0.145281
10.68_347.2209m/z	0.551707795	0.383865964	0.145436
9.21_230.0372m/z	2.769516004	1.111886807	0.145582
9.15_242.0432m/z	0.376315484	0.185084158	0.145667
12.52_455.3130m/z	-0.927017602	2.99598403	0.145786
10.27_342.1006m/z	-0.241528958	2.077564168	0.145986
12.39_285.1362n	0.170568792	0.270396276	0.146183
1.67_155.9732m/z	-1.05010379	3.019540291	0.146235
8.93_562.2379n	0.177253075	0.074815327	0.146342
10.77_634.2636m/z	0.709620796	0.40833559	0.146614
9.86_141.0200m/z	-0.369770895	1.138076869	0.146738
6.62_507.0958m/z	-0.164105801	0.081228115	0.146767
9.72_329.1746m/z	-0.201669153	0.625898997	0.146779
9.37_464.3011m/z	0.276411646	0.828756364	0.147037
10.04_351.1629m/z	-0.493491425	0.716436464	0.147383
12.02_505.2757m/z	-1.411638505	0.278923443	0.147472
8.96_587.2870m/z	0.8847879	0.037841943	0.147492
11.75_335.1857m/z	1.132325266	1.634206993	0.147579
8.60_243.0773m/z	2.05622429	1.566498984	0.148318
9.65_241.1789m/z	-0.226471806	3.701107642	0.148337
7.45_121.0292m/z	0.314382788	0.093057048	0.148658
7.76_431.0973m/z	1.681981163	0.17574917	0.148862
12.47_331.0015m/z	-0.138124405	1.51323525	0.149169
18.36_420.7866m/z	-0.307204812	4.241886308	0.149174
9.28_445.2339m/z	4.048186298	1.664475907	0.149419
1.72_417.0312m/z	-1.623092729	3.269172521	0.149477
12.71_413.2655m/z	-0.175905155	1.363446914	0.149709
11.53_503.3220m/z	-0.241117365	0.508636905	0.149733
12.28_165.0903m/z	-0.267108419	5.247290237	0.149834
9.17_176.0698m/z	0.393335261	0.216587422	0.150094
9.07_213.0552m/z	-0.530550562	1.395090633	0.15019
9.07_310.2014m/z	-0.170360118	0.553293559	0.150237
8.69_283.9843m/z	0.659321918	1.152769236	0.150395
18.12_196.9062m/z	-0.401775286	1.663970771	0.150775
10.27_344.1009m/z	-0.576591736	3.539482519	0.151111
11.65_183.1024m/z	-0.87607716	0.487993718	0.151176
7.91_317.1143m/z	-0.339738326	2.450891244	0.15122
9.81_200.1290m/z	0.406997693	0.715212952	0.151245
8.21_387.0323m/z	-1.086833654	0.488252962	0.151323
13.43_700.3067m/z	-0.229020651	0.495704522	0.151487
18.07_334.8638m/z	-0.279420853	0.487408982	0.152005
11.50_180.1025m/z	-1.048401782	2.336272697	0.152262
1.79_232.9747m/z	-0.256243317	0.474069358	0.152332
8.06_260.1854m/z	0.211353553	0.377940443	0.152386
11.91_286.1772m/z	-4.817554228	1.115517305	0.152502
10.10_302.1713m/z	-2.883570002	3.465858351	0.152612
10.10_159.1023m/z	-0.275729463	0.625946715	0.153271
8.30_309.2030m/z	-0.316383661	3.915316502	0.153421
18.08_184.9846m/z	-0.177327813	2.373137356	0.153458
11.74_652.3440m/z	-0.444850044	1.005596173	0.153491
10.95_210.1849m/z	-0.245934861	2.925860387	0.153494
1.20_264.8439m/z	0.185973454	0.898314776	0.153545
9.03_172.0521n	0.666110052	1.258693155	0.153579
13.26_516.2813m/z	-0.27227881	0.385780052	0.153704
10.27_327.1530m/z	-0.192036867	1.325058986	0.154784
1.09_640.8401m/z	0.648017712	4.601086526	0.155015
11.20_199.1336m/z	-0.292720805	1.130028263	0.155062
10.10_407.2067m/z	-0.492657415	1.494746889	0.155504
7.38_381.0271n	0.534530777	0.254239939	0.155506
8.86_442.1132m/z	-0.713133883	0.995291803	0.155567
8.69_274.1317n	0.168959107	0.163789221	0.156106
11.34_225.0716m/z	1.279629002	0.099392574	0.156338
1.28_145.0486m/z	1.183574234	2.458073958	0.157069
10.18_408.2868n	0.840310951	1.506936688	0.157149
8.49_275.1033m/z	0.669242553	2.070219483	0.157248
8.85_253.1345m/z	0.645546117	0.741489625	0.157288
1.20_480.7884m/z	0.179907456	0.991715019	0.157631
12.02_359.0146m/z	-0.227598206	3.061315694	0.15775
11.46_685.2124m/z	0.357275587	0.937335301	0.157814
10.79_273.2205m/z	-0.924436594	2.352435134	0.158191
7.83_402.2688m/z	-0.52805761	4.723106414	0.158228
8.22_83.0135m/z	-0.703458279	0.693096975	0.158764
12.10_221.1545m/z	-0.149963014	0.003279111	0.158944
11.09_305.0813m/z	-0.312764445	1.495117467	0.159026
18.14_182.9609m/z	-0.226094867	2.101054437	0.159229
11.31_266.8875m/z	-0.685738929	0.806577622	0.159296
9.77_599.2511m/z	-0.346338643	0.356891935	0.159301
9.90_252.0125m/z	-0.800595489	1.074286294	0.159508
9.90_304.9131m/z	-0.425305273	2.245616494	0.159707
10.69_391.0314m/z	0.993268328	1.721182402	0.159847
10.69_415.1488m/z	-1.311106703	1.531290908	0.159905
1.73_248.1490m/z	0.745002271	2.511866858	0.160056
7.50_215.1247m/z	-0.246800484	0.059479531	0.160302
12.55_434.2074m/z	-0.490738682	0.71076121	0.160331
8.09_699.1282m/z	1.182837736	0.646516549	0.16037
1.33_61.0395m/z	0.082973743	0.564206581	0.160383
9.80_402.2841m/z	1.076273816	1.378802939	0.160385
7.88_413.2653m/z	-0.296572466	3.926314635	0.160566
10.67_529.2066m/z	0.341739163	1.026711857	0.160913
9.47_180.0310m/z	-0.318138425	1.557271014	0.160924
12.03_637.1559m/z	-0.75366457	2.932914258	0.161061
13.70_1113.5809m/z	-0.20906411	0.066510181	0.161263
1.74_352.0204n	0.351836725	0.41684772	0.161361
10.24_399.1630m/z	1.265220793	1.265312958	0.161768
1.73_402.0094m/z	-0.290399073	0.962254871	0.161799
10.47_549.2778m/z	-1.163494652	0.898009047	0.162585
7.74_186.1132m/z	0.468927943	0.343530937	0.162927
6.08_169.0963m/z	-0.207740308	1.323271648	0.162966
9.38_205.0113m/z	3.189291682	0.254256317	0.163108
1.74_141.0398m/z	0.476989562	2.873660753	0.163276
1.15_829.3067m/z	0.506010349	1.484089084	0.163368
8.25_217.0348n	6.064228475	2.054752558	0.163409
12.03_295.2260m/z	-0.60194027	2.568711842	0.163816
9.12_161.0238m/z	1.912395148	0.661270664	0.163881
18.08_334.1692m/z	0.228445558	0.49739674	0.164113
1.37_83.0597m/z	1.721225744	5.264968289	0.164155
18.97_180.9088m/z	-0.234168485	2.50895083	0.164277
12.02_357.0179m/z	-0.2725551	4.738934691	0.164309
12.98_510.2832m/z	-0.276989849	0.711274698	0.164827
11.12_679.3680m/z	0.505403453	1.922835661	0.164913
17.76_305.2477m/z	-0.188435173	0.110585676	0.165022
8.21_697.2339m/z	-0.435255484	0.966242609	0.165075
7.97_446.2947m/z	-0.513344572	4.008841289	0.165212
10.10_247.0590m/z	5.772708515	0.287048249	0.165702
1.68_252.9396m/z	-1.361542417	2.49433867	0.166062
1.17_1107.7203m/z	0.439167158	1.182777177	0.166192
8.82_331.2264m/z	1.084006466	2.584148928	0.16632
11.21_514.2912n	3.235654551	2.548629643	0.16634
10.67_665.2438m/z	0.169547878	0.429905596	0.166844
9.16_80.0489m/z	-0.360942251	2.236042939	0.167006
12.03_271.2420m/z	-1.157270551	0.633086054	0.167371
10.64_391.2120m/z	0.714104001	0.242407368	0.167601
7.29_295.9567m/z	0.88135969	0.185866988	0.167774
9.63_543.1569m/z	-1.045234852	1.259454156	0.167992
9.55_171.1023m/z	-0.182962029	1.202713758	0.16802
1.20_104.9532m/z	0.334789918	1.83980768	0.168142
11.24_387.2528m/z	0.665901468	0.893166808	0.16817
12.51_445.2949m/z	-0.48584357	0.48905573	0.168399
9.34_270.2787m/z	-0.313205258	2.463950637	0.168406
2.53_159.0268m/z	-0.657069012	0.160609323	0.168416
9.44_361.1091n	1.711564282	0.485275644	0.168468
11.30_389.2686m/z	0.498698971	1.634190157	0.168545
11.63_431.2754m/z	0.889925093	0.983355194	0.168624
8.36_211.1300m/z	-0.836010639	2.931932936	0.168737
8.08_325.9997n	0.588036928	0.251393391	0.168789
6.94_436.1437m/z	-0.216615161	4.551851976	0.168801
12.77_459.2015m/z	-3.263189302	0.350489901	0.168809
13.23_385.2729m/z	-0.386683323	1.122613679	0.168952
9.83_350.1751n	0.367223544	0.135713837	0.16911
1.74_139.0453n	-0.499471531	1.681867768	0.16912
9.07_335.0189m/z	1.608049602	0.001741534	0.169362
10.54_399.3265m/z	0.333740173	2.100938809	0.169628
11.33_653.2226m/z	0.150925526	0.367177406	0.169878
10.26_440.1199m/z	-0.739262248	3.693107687	0.170155
11.67_263.0552m/z	-0.216038915	1.200445803	0.170181
9.40_207.0315m/z	-0.435696729	6.663790508	0.170253
10.06_343.1386m/z	0.806758815	0.98537867	0.170512
10.69_323.0443m/z	0.865334292	0.067272633	0.170534
8.40_376.1406m/z	-0.388059604	2.55279544	0.170586
10.69_346.0512m/z	1.004434239	0.396503786	0.170669
11.76_245.2260m/z	0.111321066	0.514421943	0.170787
12.97_251.1642m/z	-0.84324141	2.020657896	0.171153
9.48_133.0655m/z	-0.382183606	0.327049176	0.171229
12.35_470.3143m/z	-0.578440534	0.91749827	0.17131
1.74_119.0483m/z	0.368404892	3.405421837	0.17146
7.75_298.0724n	0.298850525	0.884352883	0.172013
7.34_233.1029m/z	-0.317448653	0.350155193	0.172134
9.63_545.1294m/z	0.905603799	0.286255843	0.172279
1.19_172.9407m/z	0.208221653	1.712982499	0.172927
12.09_470.3252m/z	-1.705593703	3.273940635	0.173116
9.26_299.0649m/z	-5.885141246	0.301868124	0.17361
7.75_129.0558m/z	0.066956379	0.036115411	0.173986
12.06_335.2225m/z	-1.699294601	0.606261638	0.174143
7.48_185.0099m/z	-0.321757557	2.936193942	0.174371
9.13_486.0790m/z	9.852411182	0.083321855	0.174431
12.99_396.1784m/z	-0.514165229	1.095733584	0.174906
6.63_144.0448m/z	-0.310018197	1.376830338	0.174933
8.59_429.1946m/z	-0.321393415	0.843039161	0.175086
18.09_621.3035m/z	0.223887266	1.01291855	0.175241
10.64_454.2915m/z	1.655886975	1.914309926	0.175292
10.11_525.3276m/z	2.688450299	5.697385552	0.175414
6.77_242.9426m/z	-0.548667499	5.332021542	0.17545
12.81_686.2399m/z	-0.470982459	0.553074689	0.175699
1.11_239.0882m/z	-0.115637722	0.690163379	0.17579
9.05_450.0542m/z	1.947735717	0.202400804	0.176312
8.69_355.1119m/z	0.913565807	0.995373437	0.176696
11.62_438.2970m/z	1.328304923	0.360711778	0.176779
11.76_269.0775m/z	1.732440584	0.054890028	0.17689
8.96_330.2266m/z	0.806974112	2.339383032	0.176892
12.57_544.2882m/z	-0.669350628	0.538163953	0.176902
1.66_183.9682m/z	-0.862557326	2.908677802	0.177057
10.31_310.0176m/z	-0.602561121	0.750261252	0.177077
8.65_327.2351m/z	7.239838822	0.524369483	0.177193
10.27_387.0980m/z	-0.368060748	3.131059473	0.177326
11.59_487.2727m/z	0.919492315	0.932330402	0.177484
9.83_273.0488m/z	-1.900442617	0.146900115	0.177984
18.30_228.8620m/z	-0.22682309	3.471062742	0.17803
8.09_442.9804m/z	0.659116592	0.163124819	0.178447
11.02_480.1602m/z	2.492323689	0.084243061	0.178644
8.60_451.1398m/z	-1.06283992	1.369937411	0.179266
13.19_544.2647m/z	-0.179834956	0.250142377	0.179746
11.74_225.1953m/z	-0.424735251	3.68892247	0.179815
1.01_352.8537m/z	-0.483323795	1.350216472	0.180152
6.98_368.9716m/z	0.210441966	0.110984746	0.180711
9.32_381.0623m/z	-4.219432797	0.103895606	0.181022
8.98_201.0226m/z	-0.16517812	0.016027498	0.181203
12.55_680.2112m/z	-0.566493585	0.393583162	0.181328
18.46_213.0047m/z	-0.33082835	3.808895665	0.181466
11.67_601.2704m/z	0.778806054	1.204238127	0.181575
9.19_170.0956m/z	-0.266781438	3.432599525	0.181878
12.11_236.1052m/z	-0.152094999	0.001885451	0.182184
10.49_417.3353m/z	1.066459688	4.399652329	0.182476
1.19_936.6418m/z	-0.384378575	1.39950629	0.182536
5.81_169.0965m/z	-0.254038831	1.334929582	0.18305
10.29_180.1741m/z	-0.208202505	5.125762941	0.183262
9.81_227.0375m/z	0.935267216	0.050440213	0.18331
6.65_130.0643m/z	-0.214604863	2.285320765	0.18388
1.73_388.0197m/z	-0.925540115	2.494962681	0.184272
12.77_397.3186n	-0.079954146	0.115901652	0.184368
1.11_301.1408m/z	-0.073651377	0.51759239	0.184377
12.75_386.3259m/z	-0.45121062	1.106403002	0.184451
11.18_289.1055m/z	-0.475777265	2.83495461	0.184498
1.20_782.6048m/z	0.33710503	1.727673277	0.184721
1.16_746.3174n	-0.492119823	3.283853864	0.18537
11.13_170.0953m/z	-0.198065046	1.435122165	0.185411
11.82_197.0182m/z	-0.365993638	2.066153985	0.185414
12.22_335.2186m/z	-0.556608261	1.309552279	0.185456
12.17_300.2891m/z	-0.769364763	2.7005559	0.185521
8.09_862.9730m/z	1.243882853	0.364378547	0.185574
12.21_395.3025n	0.168952195	0.214705052	0.185662
18.01_337.2731m/z	-0.430885167	1.466349937	0.186088
9.66_452.3008m/z	0.696077916	0.408868584	0.186313
18.39_554.7192m/z	-0.483330789	2.731934779	0.186348
11.65_470.2877m/z	-0.416633669	0.784119321	0.186452
8.65_348.2135m/z	3.908570534	2.69452395	0.186583
18.07_208.8691m/z	-0.367499574	1.566896115	0.18744
1.17_1013.7252m/z	-0.453450026	0.65465372	0.187664
8.79_472.1613m/z	-0.693388536	0.343500285	0.187724
1.13_919.3067m/z	0.35466852	1.125289788	0.187945
12.59_377.1819m/z	-0.408671496	0.797492611	0.18848
10.74_456.1642m/z	-1.141273878	0.363320575	0.18854
11.68_390.2768n	0.379694455	0.894912393	0.18854
13.01_550.2420m/z	-0.372626309	1.753056028	0.188573
11.61_375.2869m/z	0.932235906	0.316728664	0.188838
13.44_500.2778m/z	0.018235617	0.008595368	0.188899
1.14_1063.2687m/z	0.309180017	0.942155195	0.189171
6.65_144.0800m/z	-0.124245467	1.048021229	0.189592
1.75_202.1180m/z	2.578088361	3.180449484	0.190193
9.39_366.2420m/z	1.91293757	0.03953065	0.190595
1.19_674.7204m/z	-0.183167262	0.632085261	0.190794
10.05_860.6581m/z	-0.603038061	3.005185915	0.190985
7.91_170.0952m/z	-0.253543715	4.297817703	0.191042
9.72_245.0387m/z	0.57765356	0.571505603	0.191203
11.47_453.2247m/z	0.914469091	1.971022295	0.191234
11.76_426.9663m/z	-0.394711082	1.697190875	0.191529
10.27_327.1358n	-0.206668243	1.778992859	0.191816
9.03_214.1446m/z	-0.208393609	1.691854077	0.192078
1.22_743.4088n	0.182773296	0.438428783	0.192164
12.37_452.3122m/z	-2.779750991	2.169159937	0.192427
9.32_182.0716n	-0.481120386	0.803876343	0.192513
7.93_211.1435m/z	-0.388894225	1.104199683	0.192729
1.15_1044.2739n	0.35178174	1.614238266	0.19316
1.14_859.3062m/z	-0.336597488	0.327751551	0.193464
9.72_395.1622m/z	-0.584769775	1.15837903	0.194068
9.66_228.1604m/z	-0.154870293	1.116605468	0.194361
9.34_333.0558m/z	-3.714360042	0.008687517	0.194423
1.15_1215.2183m/z	-0.309330465	0.118245694	0.194442
10.08_183.1024m/z	2.525938514	0.232975556	0.195078
18.40_136.0149m/z	-0.284196554	0.840081062	0.196377
19.31_492.8036m/z	-0.343941464	3.31676739	0.196573
11.89_280.2398n	0.07736893	0.330215598	0.196723
13.18_492.2716m/z	-0.34899719	1.395322602	0.197469
11.36_326.2160m/z	-0.434366419	1.022456093	0.198058
12.68_429.2639n	0.134564466	0.052840863	0.198351
1.31_258.9816m/z	0.616195288	0.186505746	0.198767
10.67_157.0867m/z	-0.282492363	0.715914583	0.198946
11.26_601.2643m/z	-2.304675264	1.073804744	0.19912
9.05_363.2158m/z	-0.515555806	2.954082718	0.199147
6.92_502.1175m/z	-0.330269892	0.74277275	0.199469
9.72_327.1596m/z	-0.636231139	2.01104483	0.19979
8.09_148.0385m/z	0.56362668	1.412768482	0.19985
11.39_342.1800n	-0.279675557	5.449792445	0.199877
1.13_885.3132m/z	0.372602898	1.080301258	0.199965
8.97_144.0450m/z	-0.324253803	1.101036899	0.199973
6.66_249.0603m/z	-0.197528631	1.825666844	0.200269
1.23_94.9246m/z	0.078347226	0.426157547	0.200367
12.21_379.2087m/z	-0.696806215	1.227910175	0.201389
13.24_528.2979m/z	-0.642458468	2.130259163	0.201422
1.12_787.3253m/z	1.199745219	2.139227916	0.201675
11.74_346.1157n	7.587140295	0.40525397	0.20171
1.74_241.1542m/z	0.691305643	2.621852936	0.201908
12.15_265.1811m/z	-1.479216976	0.617437279	0.2022
1.44_226.0382n	-0.822236384	1.956877534	0.202488
9.12_568.2945m/z	1.445818686	0.074582185	0.202616
7.41_291.9879m/z	-0.554973851	1.68959348	0.202668
18.08_84.9589m/z	-0.239323197	2.983284146	0.20274
13.03_468.3325m/z	-0.25854924	0.312552198	0.202772
10.49_296.0637n	7.828938403	0	0.202888
1.74_133.0308m/z	0.383261377	2.731307386	0.203402
12.80_734.2459m/z	-0.677103894	0.877567848	0.203483
5.59_103.0535m/z	0.272804549	2.079282014	0.203768
10.36_415.2124m/z	-0.220692255	0.218848751	0.20425
10.67_519.0563m/z	1.292726502	0.368476077	0.204401
10.05_798.6685n	-0.28974336	1.989310032	0.20473
6.38_208.1325m/z	0.7954664	0.502853259	0.204782
7.70_309.2030m/z	-0.329185886	6.885903001	0.204973
1.15_863.3005m/z	0.584602166	2.13793544	0.205334
12.03_348.2009m/z	-0.243831495	2.932337834	0.205465
15.49_822.6253m/z	-0.184090591	0.678117931	0.205504
11.70_506.2397m/z	0.974368236	1.170696871	0.205538
11.39_433.2798m/z	0.373918512	0.49696693	0.205762
1.45_130.1079m/z	6.502264798	0.132053108	0.206104
9.21_338.0600m/z	13.40078229	2.68775069	0.206139
9.15_129.0575n	0.515177431	0.325369381	0.206221
18.08_177.9024m/z	-0.432255106	3.623244253	0.20675
13.59_591.3235m/z	-0.329829623	0.599197888	0.207148
10.61_177.1647m/z	-0.560030557	1.23939283	0.207793
1.30_180.0859m/z	1.268186032	2.005489284	0.207845
1.60_176.1272m/z	1.30512251	4.802727714	0.208088
1.15_1109.2439m/z	0.589428567	1.937429296	0.208479
11.89_207.0909m/z	6.207576232	0.394331936	0.208508
10.31_408.2866n	0.670288156	0.992849895	0.208711
1.28_482.9976m/z	1.513769224	0.592347408	0.208841
1.28_127.0381m/z	1.761975381	2.060893773	0.209071
1.76_152.0332n	-0.206357998	0.159062513	0.209271
13.18_118.9252m/z	-0.35874057	1.788967609	0.209306
7.37_525.0337m/z	0.518766329	0.85518614	0.209425
9.81_337.1303n	4.215547927	1.475022611	0.209699
10.27_401.1393n	-0.293289427	1.561978484	0.210214
10.55_403.2483m/z	1.356976378	3.167807343	0.211348
7.76_185.0100m/z	-0.449636418	1.942025968	0.211378
11.91_330.2468m/z	-0.432395155	1.807789495	0.211745
13.13_887.5580m/z	-0.320018043	1.831093164	0.212326
10.63_298.1846m/z	-0.68448375	1.278501002	0.212337
10.27_225.1495m/z	-0.219378298	1.838602047	0.21252
12.75_662.2388m/z	-1.053027831	1.784931119	0.21272
9.68_464.1430m/z	-0.307639043	1.723561175	0.213022
14.35_339.2888m/z	0.605243041	3.245469727	0.213263
18.72_554.7310m/z	-0.407601578	3.589729036	0.213979
12.52_415.3194m/z	-0.611304268	1.722271629	0.214352
8.35_391.0128m/z	2.885922612	0.058953422	0.214573
7.42_338.1494m/z	8.024389983	0.041861064	0.214962
8.26_185.1145m/z	-0.280309689	5.406437048	0.215124
8.05_271.9843m/z	0.132461767	0.355023062	0.215399
12.28_395.2429m/z	0.39143231	0.592649892	0.215506
11.60_477.2706m/z	1.06187775	0.923610814	0.215545
8.42_294.1100n	5.187486429	0.1460081	0.21586
12.75_195.1373m/z	-1.202851353	3.929212468	0.216341
8.07_352.1648m/z	0.580751141	2.114354433	0.216959
10.74_359.1162m/z	1.284383303	0.406424869	0.217316
9.12_439.1635m/z	9.646897721	1.936726703	0.217488
12.54_422.3255m/z	-0.264492755	0.542631388	0.217655
9.66_475.1934m/z	0.812544727	0.027131414	0.218007
11.91_246.1848m/z	-2.97879754	1.318142141	0.218027
10.72_371.1872m/z	-1.211580954	1.026642124	0.218401
9.34_531.1842n	1.11882664	0.59654659	0.218477
6.64_204.0881n	-0.073878658	0.161753045	0.218506
11.09_179.1802m/z	-0.524675141	1.258831849	0.218771
6.84_144.0449m/z	0.485348845	1.937790428	0.21889
1.74_84.0801m/z	0.809830918	2.656176022	0.219051
7.45_350.1075m/z	-0.478068655	2.742693494	0.219234
11.23_418.1969m/z	-0.619271471	1.976805176	0.219586
12.48_372.0654m/z	-0.220869057	2.722672768	0.219588
13.71_598.2633m/z	-0.29756836	1.102132189	0.219997
7.41_418.0204m/z	-0.358934734	0.838859688	0.220458
9.15_130.0658m/z	0.50052615	0.20642542	0.22079
1.15_897.2942m/z	0.635183652	1.958946987	0.220885
10.57_433.3129m/z	1.074291183	1.282444326	0.221268
8.54_335.0225m/z	0.653791115	0.475140618	0.22165
7.41_333.0176m/z	-0.48203511	0.79172261	0.221781
9.87_250.1446m/z	-0.290476707	2.25317827	0.221865
10.38_356.2928m/z	2.236559132	5.945586138	0.221871
11.31_424.2463m/z	-1.888920355	0.427289837	0.221937
11.29_255.1212m/z	0.556578853	0.372285004	0.222158
18.33_200.8641m/z	-0.258320329	4.297388545	0.222423
7.42_309.0816m/z	1.453513913	3.710600591	0.222678
8.44_408.0902n	1.087082548	0.590482782	0.222959
11.24_553.3370m/z	1.732789767	1.540425087	0.223042
11.31_604.3249m/z	-1.171315217	0.660663856	0.223051
9.28_329.1138m/z	-0.774517571	1.817773716	0.223365
1.65_391.2837m/z	-0.796937653	3.89167519	0.223449
11.06_285.2570m/z	-1.395625039	2.666317001	0.223455
8.80_455.1711m/z	-0.480272556	0.635107706	0.224065
11.83_142.1354n	0.247114527	0.461176267	0.224121
9.17_593.2579m/z	0.49719692	0.539336649	0.224361
11.71_295.0498m/z	-2.325555276	3.221121192	0.224468
8.99_443.1744m/z	0.809981227	0.948839757	0.225233
10.26_627.3750m/z	0.236276223	0.97869904	0.225608
1.16_845.2809m/z	-0.525945664	2.137195032	0.22576
10.26_349.1113m/z	-0.765399696	2.164951518	0.22603
18.55_178.9773m/z	-0.375653244	4.672581801	0.227915
11.16_649.2483m/z	-0.724624746	0.884123336	0.22838
7.41_553.0494m/z	-0.823347876	0.64581278	0.2284
11.59_521.2423m/z	1.552512041	0.105885621	0.228585
1.05_164.9295m/z	0.613902871	4.922715691	0.228879
12.38_527.2591m/z	1.047131572	0.814228435	0.229679
1.76_737.0536m/z	0.318884524	0.319668113	0.230507
6.64_159.0909m/z	-0.177530123	1.775347827	0.230575
13.01_493.2873n	-0.569697507	0.620080195	0.231004
11.83_487.2733m/z	2.535262514	0.631850772	0.231075
10.27_333.1524n	-0.229155666	1.410494969	0.231348
9.06_151.0395m/z	-0.709145646	1.427005326	0.231437
8.91_486.0790m/z	11.84247815	0	0.231485
11.13_425.1989m/z	1.501160842	2.313265445	0.231485
8.35_376.0199m/z	11.16971603	1.53915626	0.231731
8.81_473.1449m/z	0.460112318	0.637270666	0.232044
1.74_150.0574m/z	0.326323671	2.542255828	0.23221
9.23_631.2409m/z	-0.410747837	0.344828898	0.232355
6.98_93.0344m/z	-0.192677666	0.389265332	0.233252
7.22_203.0017m/z	0.378757312	0.282612463	0.233278
10.42_269.2004m/z	-1.830148444	5.053591953	0.233794
1.73_209.0550m/z	0.641335223	2.908931268	0.234024
9.28_406.1284n	4.553999308	1.130618651	0.234996
12.57_652.2168m/z	-0.528386507	0.621293296	0.235424
8.25_150.0557m/z	5.237152072	0.619307682	0.235431
11.09_300.2001m/z	-0.419561042	1.116908347	0.235707
7.93_351.0691m/z	2.072343633	0.260793281	0.236411
9.15_342.1265m/z	6.789331428	1.047803002	0.236717
1.66_188.1274m/z	1.236943694	3.801661879	0.237047
11.03_581.2400m/z	-0.91353135	1.023590866	0.237261
12.56_716.2620m/z	-0.60664921	0.843350918	0.237277
8.73_423.0747m/z	2.232160966	0.326701639	0.237403
5.57_166.0855m/z	-0.079166585	0.390179432	0.237554
7.14_363.1192m/z	0.521123206	1.688837606	0.238336
8.35_195.0665m/z	4.473922779	0.07774749	0.238407
11.50_406.3284m/z	-0.529803187	6.826650537	0.238836
6.56_279.0929m/z	-0.235569387	2.769341646	0.239081
13.37_451.3601m/z	0.339398452	0.508256015	0.239371
11.32_430.0873m/z	13.51315261	0.695020735	0.23979
10.29_208.1691m/z	-0.198860424	4.751671101	0.240231
10.13_637.3539m/z	1.725913663	7.416726393	0.241186
9.72_253.1344m/z	-0.549273398	1.342133711	0.241277
9.34_331.0586m/z	-2.41966797	0.592496924	0.241287
11.57_595.2470m/z	0.994872005	0.92113011	0.241401
8.81_170.0955m/z	-0.24362016	4.375562164	0.24145
6.78_197.1277m/z	0.971265022	4.768026065	0.241461
1.74_123.0436m/z	0.272535363	2.950770345	0.241589
13.40_1091.6161m/z	-0.39646246	0.225325403	0.242069
7.86_282.9906m/z	-0.426877198	2.295749933	0.242101
8.90_549.1605m/z	2.404351045	0.76617926	0.242397
12.17_343.2631m/z	0.914008336	2.15817582	0.242895
1.52_174.0998n	1.06390383	5.249011293	0.243183
1.19_844.6460m/z	-0.327644615	1.056215721	0.243274
11.81_348.1932n	1.877132991	0.898276978	0.243383
7.39_401.0051m/z	-0.477516151	1.131367315	0.243427
1.15_931.2879m/z	0.673237856	2.115065933	0.24358
10.68_397.0483m/z	1.123721883	0.146696117	0.244226
11.29_187.1338m/z	0.284373605	0.410356411	0.244291
10.89_629.2250m/z	0.395324407	0.762167331	0.244417
1.12_855.3132m/z	1.177681978	2.928221058	0.244497
10.28_497.2751m/z	-0.547198422	0.242691294	0.244978
10.27_352.9180m/z	-0.494217792	1.633487391	0.244994
1.12_370.3072n	-0.26647532	1.074861764	0.245047
8.45_339.0963m/z	0.612498892	0.51692503	0.245142
19.01_197.9013m/z	-0.311183679	4.11173624	0.245299
7.47_378.9173m/z	-0.545085832	3.168050282	0.245727
7.57_317.1143m/z	-0.265135118	1.949256872	0.246555
11.21_561.2306m/z	2.184181592	0.063273686	0.247044
12.71_227.1651m/z	-0.25353981	1.826030377	0.247076
8.92_589.3026m/z	0.34408086	0.687600474	0.247084
7.75_569.1203m/z	0.66409444	0.01939222	0.24711
12.59_450.2965m/z	-0.707535275	0.88401692	0.247219
10.52_331.1162m/z	-0.836060753	2.042528721	0.247407
12.15_445.2569m/z	2.364827673	4.858650581	0.247684
7.26_216.9810m/z	1.635372591	0.105332877	0.247806
6.59_465.9738m/z	-0.911095393	3.70100291	0.247823
8.71_549.0340m/z	6.873960516	0.744539341	0.247928
11.35_267.1256n	3.035732365	0.108110344	0.24794
10.70_223.0955m/z	0.161037777	0.220983195	0.248042
9.53_159.1023m/z	0.461350817	1.526041766	0.248202
12.14_226.1218m/z	-0.265451393	5.583552555	0.24861
11.68_511.3007m/z	0.665601857	0.934797609	0.24959
11.76_177.0919m/z	-0.216642112	2.087557397	0.249651
1.28_85.0278m/z	1.754339997	3.139338041	0.250823
18.08_69.9939m/z	-0.216203992	2.149651564	0.250905
12.47_252.9966m/z	-0.258137751	5.38471715	0.250949
9.73_273.1383n	1.945951486	0.007561809	0.252409
6.39_185.1277m/z	0.267789948	0.61677007	0.252519
10.16_599.2506m/z	0.557930619	0.343312593	0.252739
11.79_633.4006m/z	1.552930191	0.345757019	0.254985
7.86_280.9928m/z	-0.471137178	1.153288146	0.256057
11.77_359.2436m/z	-2.031014291	1.96010624	0.256527
9.75_348.2315m/z	3.945840993	0.915398702	0.256618
12.47_374.0621m/z	-0.203653953	2.668732683	0.257012
1.14_821.3197m/z	1.236550981	1.808319882	0.257057
9.06_330.0258m/z	1.143075046	1.437623854	0.25734
7.94_439.0939m/z	2.240710519	1.04430744	0.257783
7.44_319.0040m/z	-0.94504782	0.692732936	0.257889
18.18_139.9625m/z	-0.245484744	2.761339291	0.258474
7.65_230.0125m/z	1.698882466	0.66567897	0.258537
11.69_480.1665m/z	-1.085098384	1.524246028	0.258601
9.81_199.1567n	-0.256178874	2.530731879	0.259185
9.06_549.0699m/z	1.068639996	1.118668991	0.259275
12.81_602.3092m/z	-0.587971803	1.040697155	0.259809
6.62_336.0813n	-0.237589368	1.078456579	0.260144
8.79_677.2407m/z	1.039005003	1.515189275	0.260528
2.66_96.9687m/z	-1.371530211	4.974239593	0.260567
8.78_187.0974m/z	-0.153727569	0.758747465	0.261791
10.84_385.2553m/z	-0.39916914	0.18118247	0.261973
11.68_506.2635m/z	0.567202875	0.646143371	0.262058
18.79_335.8897m/z	-0.384040128	3.967107374	0.262138
9.31_229.0173m/z	-0.828466243	0.552290145	0.262259
12.75_278.2086m/z	-0.193424252	3.609856524	0.26232
1.13_953.3007m/z	0.527424729	0.888142924	0.26241
1.31_260.9796m/z	0.642430248	0.768224676	0.262528
10.11_209.0827m/z	4.428862518	0.907230246	0.262978
7.00_257.9688m/z	-0.27947577	0.512283422	0.263608
7.42_130.0490m/z	1.774741384	4.94578159	0.264615
10.68_499.1307m/z	-1.386951321	1.09657248	0.264718
18.84_396.0853m/z	-0.207712341	2.781845392	0.265326
1.74_205.9864m/z	-0.505770852	3.144925664	0.26547
18.12_457.2351m/z	0.258490696	0.62744699	0.265658
8.41_308.1536m/z	-0.379551543	3.290043514	0.266032
8.50_185.0100m/z	-0.355252386	4.92497889	0.266628
10.26_128.0023n	-4.884683768	0.770814924	0.267313
12.58_381.2043m/z	-0.601456883	0.968575376	0.267722
10.05_431.1373m/z	1.629900952	4.027590712	0.267868
10.72_527.0230m/z	1.111255707	0.52121569	0.267927
8.78_462.1927m/z	8.048350265	0.542039423	0.268282
1.18_884.7142m/z	-0.656859618	1.102689124	0.268334
10.69_151.1126m/z	1.062174491	0.26742291	0.268566
1.16_879.2749m/z	-0.576913289	2.184663372	0.269427
10.56_212.0192m/z	-0.779798846	0.974215036	0.26962
1.15_1037.2627m/z	-0.404092494	0.172456269	0.269934
10.58_441.2118m/z	1.726876604	2.730907544	0.270061
7.47_233.0121m/z	1.010809059	0.335158784	0.270137
11.67_462.2853m/z	0.845349031	1.096177217	0.270185
9.06_311.2075n	2.981465489	0.89289183	0.270208
1.75_295.0657m/z	-2.070949913	1.039572036	0.270248
1.76_128.0352m/z	0.13042433	0.67639112	0.270398
8.83_165.0553m/z	1.881921833	0.559856328	0.271552
14.93_598.3851m/z	-0.842224516	1.761417009	0.272063
11.01_621.2330m/z	-1.564849825	1.321140329	0.272465
10.35_667.2584m/z	-0.61621929	1.146014179	0.27336
7.98_151.0397m/z	-1.035025885	0.987956192	0.273996
11.90_394.2963m/z	0.195308691	0.763966853	0.274182
18.36_204.0039m/z	-0.308658346	4.01807272	0.274913
8.70_477.1031m/z	1.740278882	0.26692156	0.275869
11.08_387.2861m/z	-0.674832643	2.132266242	0.276085
8.19_393.0254m/z	0.394502555	0.09534936	0.276319
7.29_135.0447m/z	-2.503610192	1.44839144	0.276443
1.43_347.0743m/z	2.044036173	2.086807845	0.276561
9.91_488.1914m/z	-0.889243419	1.618480609	0.276804
10.92_251.1286m/z	1.998437605	6.411875138	0.277577
12.44_446.2278m/z	-0.248552381	0.869997709	0.278376
1.03_335.8902m/z	-0.931708917	4.124449129	0.279055
9.66_379.1930m/z	-0.727518013	2.346936137	0.279484
19.83_564.1950m/z	-0.19009864	1.543163483	0.279492
7.37_432.2795m/z	-0.267391594	1.317900974	0.279519
9.25_61.9986m/z	0.50812457	0.037398661	0.280045
11.02_369.1998m/z	-0.99436026	2.297135386	0.28011
10.89_256.1919m/z	-0.309036661	3.807689074	0.280287
8.82_108.0211m/z	2.787582864	3.2005471	0.280563
7.31_378.9173m/z	-0.437948297	2.482615377	0.280845
11.48_389.2694m/z	0.552945282	2.030838122	0.281089
6.81_284.9307m/z	-0.762774531	3.406713933	0.281231
1.16_794.8113m/z	0.265436583	1.388162028	0.28255
12.47_250.9995m/z	-0.249704603	4.791238953	0.283222
12.54_502.2912m/z	-0.519190137	1.575762119	0.283358
11.13_665.3532m/z	2.37925587	2.795692768	0.284432
11.00_491.1873m/z	-1.269804339	1.304449157	0.28552
12.75_634.2442m/z	-0.4705639	1.496448994	0.285731
12.31_270.3152m/z	-0.229609882	0.91954308	0.28659
10.39_428.2318n	3.290889154	0.096036332	0.286656
18.06_269.2267m/z	-0.18186952	0.120561181	0.286777
1.53_400.9353m/z	0.591746508	2.483390597	0.287156
8.25_194.0457m/z	5.115136286	0.385905706	0.288903
9.92_437.1503m/z	1.100858394	0.243293163	0.289029
1.74_147.0434m/z	0.308286271	4.357797718	0.289252
10.69_422.1613n	2.163922816	0.542392083	0.289749
8.70_422.0483n	11.68238601	0.524096475	0.290027
8.08_406.1634m/z	13.69925891	0.284712998	0.290415
14.35_616.3613m/z	-0.407400924	1.008381907	0.290492
10.75_381.2087m/z	-0.963040986	2.428729176	0.290599
8.69_527.2856m/z	0.923252807	1.078700661	0.290654
9.79_496.2080m/z	0.940591625	3.021192469	0.290875
10.27_264.1582m/z	-0.210158381	2.161295069	0.291091
13.26_361.2742m/z	-0.357117196	1.545716276	0.291609
13.43_484.2810m/z	0.639204987	2.382149735	0.292011
1.30_435.0564m/z	2.685895528	1.992367423	0.292334
1.76_306.9352m/z	0.779722088	2.467099183	0.292747
11.19_221.1180m/z	-0.280294719	2.020468925	0.293256
12.11_361.1627m/z	-0.185181291	0.028279413	0.293796
10.03_513.2293m/z	7.8651584	0.10000833	0.29385
7.45_165.0191m/z	0.622357917	0.047755491	0.294088
13.43_524.2740m/z	0.420370706	1.919254495	0.294493
18.29_314.7833m/z	-0.380847551	5.292434933	0.294587
1.39_405.9462m/z	0.74811256	3.689058287	0.295087
12.02_593.1295m/z	-0.295553417	0.738323261	0.295132
9.69_255.2102m/z	-0.910424471	2.557570405	0.295405
10.16_439.1762m/z	-1.022766798	0.680261186	0.295543
10.70_284.0684n	0.796047823	0.514067155	0.296264
13.25_548.2969m/z	-0.933237868	3.800272241	0.297281
10.68_400.1548m/z	-1.076688362	0.451428794	0.297512
10.05_209.0091m/z	-0.325449588	1.604418523	0.297773
1.13_987.2942m/z	0.629730502	1.396373947	0.298071
18.72_486.7663m/z	-0.391001765	5.901827159	0.299595
7.40_259.0134m/z	-0.347189192	0.65634134	0.300839
18.44_179.0093m/z	-0.392146731	4.286414544	0.301439
1.75_165.0052m/z	-0.485117077	2.25419081	0.301602
1.75_563.0123m/z	0.442714365	1.179004921	0.301702
9.68_273.2208m/z	-1.338202265	2.172088843	0.301747
9.05_399.1474m/z	-1.080634352	0.482673437	0.30194
10.70_353.1771m/z	-0.963325311	0.954051462	0.301986
1.18_192.9094m/z	-0.694814396	2.797326453	0.30228
7.42_248.0913m/z	1.796103064	4.791832852	0.302647
11.36_299.1154n	8.24107418	0.067516596	0.302694
9.06_313.0357m/z	1.293605021	1.071708637	0.303418
9.63_549.1749m/z	-0.643438168	1.394676634	0.305868
1.21_177.0502n	0.604320542	2.569467015	0.305906
1.74_171.1254n	-0.40873937	6.656768705	0.306018
11.56_197.0096m/z	-0.598065785	3.976891643	0.306097
10.41_222.1135m/z	-0.651802489	1.764347847	0.306522
10.63_611.3434m/z	0.771951582	3.177478219	0.306859
10.83_423.1189m/z	-0.724829438	1.417191473	0.307245
10.55_467.0834m/z	-1.651869726	4.033537712	0.307376
7.80_243.1349m/z	1.67191742	0.89777217	0.307379
7.40_502.1533n	0.669588538	0.897871711	0.307572
11.85_271.2625m/z	-0.267344278	4.154221272	0.307704
12.01_549.2671m/z	-0.875020889	0.025556473	0.308001
10.71_601.1676m/z	-1.492833852	1.938653091	0.308203
10.24_331.1759m/z	1.047722292	0.63736487	0.309196
8.71_475.0300m/z	8.351877143	0.571902479	0.309268
9.87_189.0784n	-1.367718729	0.164978821	0.309534
12.33_453.2805m/z	-0.885253154	1.200252232	0.310094
10.08_777.6919m/z	-0.257186637	2.200053929	0.310918
9.21_334.0482m/z	7.680263151	0.552029977	0.311106
18.44_430.7973m/z	-0.351311637	5.666419737	0.311177
8.09_439.0695m/z	1.557332266	1.055567176	0.311598
10.10_179.0715m/z	6.690907446	0.436004237	0.311764
13.59_315.2558m/z	-0.321032173	0.393768084	0.312292
9.05_513.1101m/z	2.410095767	0.312527224	0.312829
10.12_403.3197m/z	1.315382696	8.168141099	0.313167
1.15_1181.2249m/z	-0.48095673	0.376377583	0.313328
6.64_146.0595m/z	-0.126773649	1.197867589	0.315693
13.38_592.2653m/z	-0.15485614	0.319784183	0.31574
1.18_952.7497n	0.497996984	2.439781226	0.316054
9.78_498.2882m/z	0.699280092	0.267111908	0.316215
11.39_493.2791m/z	-1.627124912	1.323415206	0.316709
6.60_416.9985m/z	-0.708312313	0.5411477	0.317321
8.39_465.0521m/z	6.291640536	1.103643014	0.317487
11.69_339.2676m/z	1.113376191	1.583286284	0.318015
11.12_611.3797m/z	0.266954917	1.086969643	0.318092
9.46_432.2172m/z	4.937053589	0.139580533	0.318257
11.19_253.1055m/z	1.215011744	0.311245687	0.318306
10.50_378.1009m/z	-1.195614181	0.533734584	0.318866
8.06_413.9831n	0.409828076	0.357880876	0.319148
9.05_519.1273m/z	-1.024384462	1.694019145	0.320041
1.19_632.7842m/z	-0.442969903	2.82014098	0.320062
1.19_708.8067m/z	0.174948968	1.610270585	0.320802
10.46_448.1420m/z	-1.686489171	2.118108867	0.32098
10.87_509.2746m/z	-0.486777078	0.627568563	0.321013
1.76_166.0125m/z	0.380373487	1.898228876	0.321061
18.07_149.9256n	-0.342344125	2.305213225	0.321421
1.77_247.0444m/z	-1.069961231	1.821739798	0.322104
1.07_178.9485m/z	0.944429435	5.94839219	0.322607
10.05_347.0228m/z	3.423886581	0.767202034	0.322701
13.61_281.2493m/z	-0.268625439	0.316050172	0.324405
6.62_142.0659m/z	-0.243023306	0.353723738	0.324639
12.43_411.2015m/z	0.327882644	0.375160179	0.326315
11.57_385.2047m/z	1.305526594	0.877984107	0.326969
1.20_431.8400n	0.408169159	1.795752462	0.32728
8.32_413.2653m/z	-0.33758667	5.801046155	0.327756
11.49_387.2520m/z	0.592883522	2.157085115	0.32797
18.32_346.8113m/z	-0.405728919	5.941194513	0.329205
1.19_896.6567m/z	-0.39339234	1.968817832	0.329702
1.19_854.6751m/z	-0.36376036	1.842410274	0.33146
11.02_415.1514m/z	-1.156534981	1.118328381	0.331476
1.12_979.3069m/z	1.280354773	1.720755238	0.331835
7.29_231.1005n	-5.550994738	0.966258682	0.33307
8.67_119.0500m/z	0.918446778	0.406646357	0.333978
11.35_341.1851m/z	9.628673139	0.080850229	0.335175
9.83_211.0607n	-1.179653246	0.019166578	0.335266
6.56_250.1450m/z	-0.435879126	3.220853186	0.336239
8.21_390.0560n	-0.259671256	0.627393583	0.336535
9.16_259.0105m/z	0.223034232	0.010983803	0.337387
13.60_615.3481m/z	-0.528379108	1.937974871	0.33858
1.74_130.0850m/z	0.706148302	2.717541033	0.338768
12.86_377.1819m/z	-0.614025601	1.326862006	0.340024
1.16_1023.2370m/z	-0.743609182	2.295316812	0.340177
1.07_359.8705m/z	-0.345472504	2.680612834	0.340534
8.79_155.0695m/z	-0.2714454	6.88024608	0.340708
9.55_906.2575m/z	-0.328916519	2.996910155	0.34214
12.33_337.2378m/z	-2.025120455	1.225610787	0.342284
8.29_469.1058m/z	5.549590942	0.225599835	0.342783
8.35_374.0227m/z	7.365270376	0.057943805	0.343564
15.31_205.0853m/z	-0.083009942	0.267474363	0.344481
17.28_329.2484m/z	-0.280854594	0.487136908	0.347379
1.28_480.9991m/z	1.31640728	0.692230208	0.347488
10.04_435.0741m/z	2.842525795	0.1360749	0.347547
12.01_487.3419m/z	0.895917891	0.488297076	0.348183
6.58_469.0144m/z	-0.693091177	3.730148625	0.348307
9.09_482.0674m/z	16.05411841	0	0.348615
11.02_448.3060m/z	0.741119391	0.286112305	0.350262
1.37_129.0651m/z	1.340240162	4.509684674	0.351249
14.78_660.3489m/z	-0.374133178	0.99536914	0.351586
1.13_1089.2753m/z	0.989612535	2.079310685	0.351893
8.45_171.0661m/z	-0.252352045	0.370002564	0.352747
8.39_330.0848n	7.999981731	0.194295975	0.352783
12.27_278.0265m/z	-0.77577191	2.067455719	0.352967
11.90_263.2366m/z	0.111384439	0.429607688	0.353706
1.12_911.3197m/z	1.17928367	2.465194895	0.354287
9.32_479.2279m/z	0.679391936	0.28596546	0.354425
10.66_536.0468m/z	1.753750062	0.294713736	0.354572
9.08_454.2077m/z	-2.385688967	1.374095172	0.354894
11.98_179.0711m/z	-2.381997452	1.633801253	0.354956
9.22_336.0627m/z	6.722743355	1.239647643	0.355046
7.25_158.9781m/z	-0.404862546	5.061444752	0.355262
9.27_231.0776m/z	-4.138618581	0.116099059	0.355443
9.61_440.1691m/z	4.933158875	1.596082002	0.355471
12.75_579.3056m/z	-0.499406632	1.32648054	0.355472
7.75_281.1007m/z	0.204841381	0.325789411	0.355793
11.31_317.1010n	7.579434165	1.104484085	0.356063
10.37_357.0612m/z	0.946896711	0.61014137	0.357421
1.15_1003.2691m/z	-0.546716438	0.684646917	0.357431
8.41_380.0952m/z	3.078343513	0.387958255	0.357567
8.09_304.2115m/z	0.54496707	1.636329742	0.357609
11.52_254.2110m/z	-0.264218928	6.577810828	0.357681
18.07_319.8891m/z	-0.316889091	1.604434243	0.357802
13.41_756.5520m/z	-0.144076264	0.215943587	0.358588
10.65_459.1398m/z	0.226912392	0.540793032	0.358748
12.19_354.2472m/z	-0.566728522	2.070660276	0.359332
10.37_427.2245m/z	2.235597441	2.285736479	0.359336
11.33_647.2354m/z	-0.582252266	0.970482302	0.360223
11.03_563.2833m/z	-1.081851884	0.956056432	0.361751
13.42_600.2020m/z	0.393702124	1.059363503	0.361778
6.03_100.0751m/z	-0.623894614	0.415196285	0.36298
9.05_462.1765m/z	0.399384473	0.287870753	0.363356
13.01_497.3331m/z	-0.428304413	3.04534125	0.364683
1.28_97.0278m/z	1.606763417	2.848195154	0.365304
18.42_188.0098m/z	-0.353607829	5.174235148	0.36569
1.34_113.0580n	-0.236258899	1.54175357	0.365867
1.20_698.6426m/z	0.426142583	3.443509346	0.365885
1.15_684.8425m/z	1.036782934	2.810883222	0.365889
16.29_429.3175m/z	-0.195992341	2.839798671	0.366327
18.08_453.0859m/z	0.435866614	0.604724292	0.366927
8.83_369.1396m/z	3.37444123	0.584434077	0.367009
1.16_989.2431m/z	-0.785541425	2.344492764	0.367011
12.58_612.2233m/z	-0.711864302	0.897885443	0.367277
11.68_344.1002n	11.29894596	0.579216084	0.367366
9.56_357.1084m/z	-0.86318188	1.939211534	0.367887
10.09_523.3146m/z	3.060526242	5.334661081	0.367992
13.73_526.2924m/z	0.17840487	0.451833007	0.368006
1.04_146.9620m/z	0.265264631	2.416184807	0.368019
11.60_543.2531m/z	1.100929561	2.632478221	0.368258
12.89_398.9356m/z	0.566171146	1.26507302	0.368342
1.16_853.2679m/z	-1.372970639	4.172066253	0.368607
11.17_489.2696m/z	1.828684014	3.6595777	0.369098
7.76_381.0755m/z	0.707109171	1.577781258	0.369419
16.28_556.5284m/z	-1.054895995	0.330695209	0.369771
8.39_309.0402n	11.53295623	0.617070277	0.370226
13.72_258.0605n	0.15892562	1.03941555	0.371382
9.60_533.1290m/z	2.645799666	1.165611727	0.371827
11.49_301.1197m/z	-0.485466244	3.956602351	0.372506
1.11_255.0621m/z	-0.917391886	5.448140299	0.372519
9.86_296.1276m/z	10.24602315	0.441464222	0.372916
7.34_279.0930m/z	-0.239086091	3.799480545	0.374455
1.77_279.0355m/z	-0.229689264	0.618134356	0.375737
10.55_584.2797m/z	1.17015365	1.235071792	0.375838
9.59_193.0149m/z	-0.353974925	2.782731941	0.376828
9.47_397.1133m/z	2.726005597	3.708147389	0.377689
9.02_362.2086n	-0.503935317	2.315451747	0.378002
6.62_159.0927m/z	-0.218020165	1.909562057	0.379769
9.51_339.1085m/z	4.366414019	0.037667133	0.380209
10.35_511.2905m/z	-0.200331892	0.378531862	0.380351
11.59_417.3178m/z	0.902468317	0.756780826	0.38121
16.18_537.3778n	-0.641966696	1.126346973	0.38275
11.01_301.1192m/z	-1.217020757	2.294940648	0.383295
8.37_599.2508m/z	0.546085068	0.636160592	0.384068
12.99_407.2198m/z	-0.491101897	2.104852152	0.386325
10.13_385.3087m/z	1.21954226	7.414644191	0.387399
9.39_341.1232m/z	3.461347231	0.496793761	0.387512
1.20_302.8346m/z	0.345172142	2.296632949	0.387841
10.27_511.2178m/z	0.782117291	1.523868616	0.387963
6.61_397.9865m/z	-0.514373675	2.779410792	0.388117
7.17_246.1694m/z	0.51348421	1.712301259	0.389222
14.33_546.2809m/z	0.24753159	1.232314395	0.38931
1.15_969.2750m/z	-0.625762441	1.603107034	0.38946
10.83_649.3955m/z	2.197424403	0.242844722	0.38947
9.10_439.0693m/z	0.326229199	0.152748245	0.390052
7.93_283.0820m/z	1.743189363	1.117941882	0.390958
1.20_530.7141m/z	0.549476757	3.747540196	0.391342
9.84_606.1199m/z	8.929759512	0.62153487	0.391368
6.60_633.1170m/z	-0.566969149	3.24975473	0.391407
11.65_239.0595m/z	-0.194109107	1.160074062	0.392016
10.39_349.0381m/z	2.98145238	1.393828308	0.392618
10.70_163.0382m/z	-0.244563916	4.780979008	0.392723
11.67_378.2397m/z	-0.354928926	2.053059674	0.39295
11.59_495.2590m/z	-1.326148995	0.569299443	0.393117
12.80_603.3062m/z	-0.660553783	0.817867931	0.393737
13.91_432.3243n	0.712610324	2.465930721	0.393837
13.42_684.2618m/z	-0.383810419	0.912932348	0.394242
19.78_452.8114m/z	-0.311946441	2.237092723	0.394335
12.85_550.3144m/z	-0.526901531	2.296168025	0.394347
1.23_92.9274m/z	0.113277809	0.562355646	0.394603
6.63_116.0503m/z	-0.220481802	1.785352158	0.395255
1.16_921.2557m/z	-1.06664447	3.895413886	0.395384
9.61_343.1392m/z	3.59245024	0.861687826	0.396069
13.24_519.2961n	-0.711655218	4.564415206	0.396708
1.19_920.6640m/z	-0.770178704	4.102181641	0.39747
9.53_138.0193m/z	-0.229617134	1.443136898	0.397518
12.27_165.0918m/z	-0.265787819	2.144029219	0.398448
13.79_555.3245m/z	-0.282333186	1.471434218	0.399098
1.22_643.5036n	0.311909574	1.860517624	0.399163
18.75_480.7174m/z	-0.315776717	4.087881612	0.399721
12.58_660.2294m/z	-0.587259763	0.926982216	0.39973
1.66_248.9481m/z	-1.41612479	3.882586173	0.399842
1.25_130.0490m/z	0.428991954	6.589745922	0.401205
10.76_393.2644m/z	1.467533307	1.209957039	0.401808
12.98_678.2328m/z	-0.356263874	1.760995992	0.403191
1.16_955.2498m/z	-0.924708898	3.78577891	0.405763
7.40_197.0429m/z	-0.360708972	0.702955516	0.406209
1.20_482.7874m/z	0.506526489	3.178572946	0.406544
6.65_188.9863m/z	-0.233734749	0.051415893	0.406798
11.34_457.1151m/z	3.18496389	1.094387047	0.40825
1.76_124.0147m/z	0.277337238	1.691749416	0.409354
18.29_246.8853m/z	-0.36579816	5.059224609	0.410326
1.18_842.7333m/z	-0.961086822	3.400501198	0.410769
7.80_153.0190m/z	0.388940369	0.318652916	0.41096
12.10_390.1095m/z	4.467093704	0.24859386	0.41198
8.04_420.0797m/z	0.785981939	0.146939099	0.412178
13.36_528.1768m/z	-0.685647416	1.232893876	0.412442
9.24_541.0083m/z	0.457241426	0.066284489	0.413864
9.27_564.1652m/z	10.15296861	0.011386202	0.414599
10.41_530.0900m/z	-1.891507447	1.62533229	0.41509
13.25_396.1775m/z	-0.937367191	4.280182476	0.41582
6.75_182.0576n	0.445087639	0.521408977	0.416126
9.83_555.1217m/z	6.858416321	1.830237423	0.41778
10.32_665.2463m/z	-0.581198283	1.263367688	0.418148
6.57_179.0574m/z	0.537420163	0.11475472	0.419208
11.18_414.2077n	-0.790947818	1.944449667	0.420169
13.88_100.9330m/z	-0.159393609	0.536187609	0.420605
9.40_451.0692m/z	1.176349159	0.891265891	0.420792
9.61_480.1614m/z	9.505293798	0.104713952	0.421134
12.65_557.3289m/z	-0.919156751	5.672798462	0.421201
8.58_413.1418m/z	5.861037905	0.078129963	0.421326
11.81_389.2691m/z	1.253108486	1.898029652	0.421572
1.36_178.8576m/z	-1.255972981	6.447204069	0.422485
1.76_218.1380m/z	0.716616386	1.969983506	0.423365
8.21_183.0299m/z	-0.371968353	0.851471379	0.423678
6.62_201.0092n	-0.354256881	1.990272977	0.424113
11.49_422.0989m/z	7.28515388	1.11902015	0.424348
9.21_517.1347m/z	1.722662819	0.186206253	0.424389
11.32_484.2673m/z	-1.280313138	0.667822195	0.425132
11.02_631.2406m/z	-0.391506196	0.44916406	0.425309
10.63_465.2484m/z	-0.439689009	0.807694652	0.425621
11.46_138.0192m/z	-0.5905807	3.010321081	0.426267
7.17_195.0874m/z	-0.545829541	0.000716743	0.428495
9.65_505.1478m/z	-1.405904994	3.368363479	0.428975
1.75_86.0960m/z	0.232979553	1.999405424	0.430102
8.67_389.0903m/z	0.846394604	3.593834667	0.430924
1.46_105.0189m/z	0.860798212	0.198191686	0.432899
16.28_239.1480m/z	-0.260480919	2.376266018	0.433014
11.59_459.2719m/z	0.859393377	0.435979348	0.433665
1.30_175.0950n	1.263011077	4.973082863	0.433885
10.77_566.2762m/z	0.587194325	1.11189355	0.435857
11.23_350.2098m/z	-0.37739644	1.839918815	0.435948
11.67_533.2836m/z	0.662654963	0.709509062	0.436148
1.35_61.9885m/z	0.099980283	0.47762359	0.436776
10.67_421.1541m/z	2.284805619	0.343253238	0.436875
1.36_197.1926m/z	-0.910706024	3.4381214	0.436941
9.73_443.2104m/z	0.94915494	2.14485776	0.437125
14.92_590.3804m/z	-1.875112576	2.017518004	0.438272
10.03_236.9805m/z	-3.48628767	0.468547908	0.438551
1.16_1031.2238m/z	-1.456628615	5.2443797	0.43865
9.75_360.1930n	-0.620445395	0.934375476	0.439626
9.77_414.0263m/z	-8.600083619	0.314016556	0.439805
8.29_470.1458m/z	-0.56441079	1.430048196	0.440228
10.40_633.0904m/z	-1.144573929	2.43463513	0.440435
8.73_409.2705m/z	-0.418550063	3.139450588	0.440904
12.02_279.0272m/z	-1.071084426	1.231108203	0.442313
10.15_489.0460m/z	1.997736614	0.389228084	0.442677
1.22_728.4242m/z	0.447624412	2.617090058	0.442728
1.16_930.7856m/z	0.409718429	2.149879033	0.442757
11.61_357.2781m/z	0.728182793	0.459285213	0.443334
1.15_901.2877m/z	-0.806719063	1.134573239	0.443385
11.68_463.1761m/z	-0.725569969	1.598661506	0.443487
11.16_423.1190m/z	-0.851376695	1.963287288	0.443653
8.71_481.0468m/z	7.789986796	0.011238212	0.447565
9.11_394.1619n	4.505003479	2.158400295	0.448891
11.35_283.1205n	4.026522384	0.341022776	0.449072
14.89_465.2882m/z	0.343755353	0.634880948	0.449894
12.34_580.2866m/z	-0.681530228	1.039445036	0.450279
18.32_224.0619m/z	-0.728148605	1.395658367	0.45172
1.19_670.7724m/z	-0.301578416	2.315763436	0.453697
1.19_812.6938m/z	-0.412058611	2.55401615	0.453979
10.70_407.2795m/z	1.041392563	1.202276931	0.454267
18.02_797.5892m/z	-0.265424947	0.822180796	0.454471
9.17_385.1675m/z	-0.363234617	0.601764771	0.455233
10.68_505.1469m/z	-1.012683714	1.430998502	0.455625
1.19_170.9438m/z	0.30046314	3.170261507	0.455639
10.89_424.2815n	1.658088633	2.525718159	0.455961
9.66_362.2086n	-0.173500261	0.293187519	0.459406
10.27_311.1706n	-0.224178024	1.19173027	0.459562
11.65_444.2123m/z	-0.581774305	2.295465997	0.459677
8.72_250.1447m/z	-0.406705704	5.441541041	0.460214
1.33_165.0403m/z	0.854320347	4.090122648	0.46023
9.72_360.1935n	-0.378380779	1.576100718	0.460356
18.66_180.9731m/z	-0.319523705	3.231345622	0.46206
11.35_294.1134m/z	9.432592194	0.447497261	0.463613
1.20_424.8312m/z	0.655818207	3.249906813	0.464382
14.51_667.2740m/z	-0.46966003	2.955358341	0.465344
6.62_288.0602m/z	-0.170515595	1.16636912	0.465626
11.79_348.1939n	3.063713526	1.142817723	0.465728
11.30_175.1476m/z	-0.206956282	4.842836487	0.465808
10.49_417.2126m/z	1.975794181	2.176208317	0.467004
1.79_291.0570m/z	-1.500292463	5.398118106	0.467693
18.24_234.8192m/z	-0.343472935	1.801161537	0.467895
18.07_147.9299n	-0.297240765	1.907816416	0.468907
7.98_230.9965m/z	-1.091930617	0.277130898	0.470176
18.07_130.9657m/z	-0.317967473	3.279757155	0.471472
11.67_223.0632m/z	-0.174112865	2.078533068	0.472305
19.06_273.8632m/z	-0.260094968	3.885425709	0.472955
10.16_605.2378m/z	0.693002116	0.875150303	0.473916
18.09_59.9999n	-0.304757095	5.262774747	0.47434
11.97_218.0105m/z	-0.252136515	3.087067812	0.474576
9.26_443.2160m/z	1.790728131	2.35646146	0.475602
13.20_356.3521m/z	-5.703565129	0.414111955	0.476041
7.41_335.0746m/z	-0.450280423	0.805125052	0.47664
18.38_136.9988m/z	-0.299739768	2.483413069	0.479577
11.70_252.0970n	-1.466421397	3.758510798	0.481803
8.71_298.0719m/z	8.914883922	0.496397234	0.483329
14.77_335.2793m/z	-0.59533598	5.549199903	0.483753
13.90_353.2658m/z	-0.862874028	0.883900558	0.484036
18.29_160.0146m/z	-0.346609171	4.89355411	0.484329
1.75_132.1012m/z	0.227255292	1.918530272	0.485784
1.18_1139.6705m/z	-0.97043189	5.46756541	0.485892
1.18_952.7015m/z	-1.320686753	2.115470843	0.48604
1.32_146.0823m/z	0.958508492	4.010484331	0.491115
11.92_370.2950m/z	0.267921252	0.33753022	0.492789
1.15_1113.2371m/z	-0.765162143	2.56677918	0.49363
11.06_597.3637m/z	3.166235659	2.502170884	0.495222
10.86_469.2251m/z	1.927257242	4.395778268	0.496242
11.70_165.0919m/z	-1.033731832	2.385981749	0.497055
11.48_386.2449n	0.545065773	1.507857279	0.50181
10.22_431.1351m/z	6.564202984	1.206532314	0.50197
1.19_881.6882n	-0.559197469	4.511549408	0.503212
15.09_750.5431m/z	-0.146498104	0.333942766	0.503773
1.22_718.4413m/z	0.693935851	3.086880514	0.504211
1.22_705.4588n	0.415372789	2.641486479	0.504466
1.20_506.7957m/z	0.390354195	2.998011149	0.505476
1.20_574.6950m/z	0.75780625	5.145590712	0.505608
12.30_536.2986m/z	-0.351554982	1.201100173	0.507027
15.74_484.4713m/z	-10.50360422	0	0.508146
12.11_293.1759m/z	-0.167403937	0.021887076	0.50884
0.32_159.8931m/z	-0.398878389	5.408835183	0.510038
10.97_567.1183m/z	-1.567222159	1.178768888	0.510657
14.59_533.3396m/z	-0.86859372	2.332615232	0.510822
9.73_408.1426n	9.876297324	2.9270997	0.511612
10.96_318.3001m/z	-2.419741717	0.059093721	0.512287
10.97_517.1036m/z	-1.505268388	2.197014309	0.512656
10.72_505.0413m/z	0.941846305	0.038054272	0.513088
6.59_407.0440m/z	-0.68858501	3.417554808	0.513927
18.06_132.9229m/z	-0.268637136	1.115375103	0.516503
10.98_469.0983m/z	-1.718830398	2.066172193	0.5171
18.14_393.2965m/z	-0.198659516	2.599384311	0.517305
11.24_337.0739m/z	6.383231745	0.196708166	0.517832
1.19_836.6998m/z	-0.549488658	3.442847838	0.518684
8.59_215.0017m/z	2.560804966	0.374095172	0.519594
14.91_902.5186m/z	-0.204042277	0.406453656	0.519862
7.68_403.0656m/z	2.68198967	1.82584421	0.519979
13.25_520.3037m/z	-0.944420429	5.916888134	0.521208
9.72_457.1720n	4.302208197	0.245166413	0.522373
9.72_422.1814m/z	-0.626442096	2.625290137	0.524799
10.53_469.2257m/z	1.228378222	2.259813433	0.525156
0.85_146.8977m/z	-0.479771348	4.380930682	0.525359
8.60_422.1056m/z	7.055093317	0.011219048	0.528293
8.67_374.1558m/z	6.339452206	0.406922267	0.528554
12.10_345.2099m/z	-0.601426747	1.909403393	0.530725
1.68_300.9878m/z	-0.612307611	1.103791352	0.531967
11.36_436.1404n	9.522458232	0.614063216	0.532024
14.80_595.2877m/z	-0.153088393	0.336945816	0.532121
1.22_860.3166m/z	0.422661587	2.065792017	0.533357
1.15_935.2814m/z	-0.960952986	3.808808969	0.534546
11.34_379.0903m/z	15.82891636	0.627786005	0.535635
1.28_486.9973m/z	1.202839257	0.916500963	0.535833
7.35_446.9930m/z	0.727379338	0.286480897	0.535876
1.19_256.9028m/z	-0.577497221	2.861031368	0.536397
17.27_415.2523m/z	-0.403997529	1.636623092	0.537986
6.98_173.9987n	-0.16361662	0.35106164	0.538034
9.55_321.0442m/z	4.521296952	0.007130265	0.538677
1.18_412.8466m/z	-0.691281896	6.826373831	0.540218
6.62_497.1411m/z	-0.186143554	1.982123945	0.540585
1.22_714.4466m/z	0.749597346	6.526569966	0.541654
9.71_502.1708m/z	6.810419988	0.552263811	0.542112
1.75_304.9337m/z	1.088032353	4.010198795	0.54276
12.80_527.2965m/z	-0.51543507	1.210778293	0.542984
18.07_342.8541m/z	-0.324852609	1.843996331	0.543054
14.91_634.3705m/z	-1.243025766	4.419824572	0.543149
8.83_167.0346m/z	2.712963981	3.177174436	0.545514
9.48_213.0224m/z	-0.41541781	0.303212153	0.54752
12.32_453.2307m/z	2.150231173	3.330746362	0.547672
9.88_371.1880m/z	-0.909864344	1.000469292	0.547738
8.19_401.1744n	-7.112518592	0.316617009	0.547865
1.75_159.0269m/z	-1.609657396	1.853335632	0.548051
6.62_565.1294m/z	-0.347335485	4.08146171	0.548733
10.30_160.9992m/z	-0.370102107	3.124751741	0.548909
10.47_367.1849m/z	-1.432644541	4.420918699	0.551111
13.06_390.2772n	2.091891936	1.857479139	0.551175
10.70_533.1795m/z	-1.233343838	2.166537326	0.551387
8.80_387.1839m/z	-0.364581703	0.559988758	0.552182
12.97_249.1498m/z	-0.531864518	5.265633882	0.554624
1.19_238.9315m/z	0.157594417	1.333375331	0.555945
1.22_680.4701m/z	0.625616744	4.133065542	0.557866
12.15_378.2769n	1.129731201	2.259567829	0.558261
10.97_427.1320m/z	-1.472171994	1.158398418	0.558717
18.88_262.8571m/z	-0.303655132	6.322623942	0.558748
10.52_695.3626m/z	1.016584166	4.148670702	0.55955
10.97_368.0156m/z	-1.305806831	1.093135076	0.56173
12.64_421.3165m/z	-0.182164655	1.363194272	0.562635
1.16_1059.7452n	-0.256212933	1.543462409	0.565681
7.40_367.0987n	0.833511009	3.693394858	0.565997
12.58_979.6035m/z	-1.011071031	0.301278483	0.569979
8.83_245.0124m/z	1.830179984	0.259755771	0.571069
1.68_435.0162m/z	-1.113569727	4.116303369	0.571506
13.25_512.2249m/z	-1.019952291	4.684867581	0.571713
6.62_288.0420n	-0.263712247	2.428172423	0.571999
12.66_455.2464m/z	0.721226704	0.608715479	0.572718
11.92_301.2980n	-1.181415738	0.904492414	0.572885
1.30_117.0781n	1.359868247	5.720451682	0.572974
13.26_412.2080m/z	-1.050733169	7.303456651	0.573004
7.39_498.0944m/z	1.639765205	2.097929085	0.573249
10.42_481.1346m/z	-0.949927954	4.501504738	0.574642
9.66_443.2146n	-0.42672746	1.389932073	0.575904
12.99_638.2384m/z	-0.45597029	2.087071527	0.576371
1.76_187.0418m/z	0.17693821	1.482011479	0.583214
8.39_398.0720n	10.31046426	0.99160851	0.583922
10.95_467.2063m/z	-1.881453757	2.087152202	0.585278
9.39_411.1842m/z	-0.498575484	1.555238741	0.58692
10.42_513.0880m/z	-1.483338109	4.230661821	0.591094
1.18_910.7205m/z	-1.080761097	5.342130846	0.592308
8.93_540.2568n	0.253994754	0.318376209	0.592673
13.91_520.2651m/z	-0.341569646	1.790123224	0.593555
9.96_193.0149m/z	-0.35852989	2.857432222	0.594225
1.18_1194.6138m/z	-1.226806352	4.293885017	0.59485
10.49_294.0667n	11.68915768	1.009508858	0.595265
8.71_445.1945m/z	0.92800083	1.126498625	0.597461
1.76_547.0413m/z	0.516791111	1.761023546	0.598226
18.85_389.8083m/z	-0.310810554	4.135026985	0.598244
13.04_448.3414m/z	0.222940523	0.244132764	0.599507
8.17_356.0473n	2.202339051	0.494471536	0.600529
1.79_307.0346m/z	-0.367769959	2.895396819	0.602079
9.72_529.1614m/z	8.357434289	0.296791189	0.603038
11.30_211.1688m/z	-0.21062751	5.898527883	0.6033
18.49_144.9424m/z	-0.339173816	5.332253881	0.604313
10.49_450.2052n	-1.480874487	3.941547402	0.604382
9.39_93.0344m/z	2.576268303	0.248602328	0.60454
10.12_610.3599m/z	1.150152159	5.065856704	0.605076
1.14_317.1148m/z	-0.424750263	5.717461718	0.605467
1.15_1121.2245m/z	-1.549898243	3.846447315	0.605601
15.40_797.6067m/z	-0.17199933	0.752977332	0.608969
16.44_816.5854m/z	-0.130261616	0.238079675	0.610716
1.74_114.0768n	0.730010367	4.304211099	0.611054
7.38_364.0468m/z	0.481532455	0.502668055	0.612034
1.73_71.0733n	0.481939793	2.335409729	0.613605
8.71_302.0898n	9.065640807	0.502972163	0.613719
9.60_502.1707m/z	5.879670315	0.000999592	0.61516
6.61_304.0135n	-0.372717197	3.44898085	0.617548
0.14_112.9547m/z	-0.30072638	7.495519623	0.617901
1.18_396.8718m/z	-0.570552123	7.494684478	0.6199
11.00_641.1237m/z	-1.587502812	2.248283742	0.62129
14.39_521.3119n	-0.395371533	2.289252392	0.623693
3.47_103.0399m/z	0.36599792	0.916021064	0.623955
18.99_390.7956m/z	-0.27358654	4.07201354	0.624314
14.40_522.3187m/z	-0.4220653	4.280362991	0.625458
0.24_160.8918m/z	-0.414847076	5.406111656	0.625596
10.09_224.0620m/z	-0.621075395	1.02762172	0.625948
6.50_159.9854n	-0.362863555	0.357032227	0.626245
11.51_270.2074m/z	-0.263438029	2.742381415	0.627895
14.40_461.2666m/z	-0.335626298	1.42112709	0.629226
18.93_128.9499m/z	-0.280772518	6.176613812	0.629358
8.76_460.1789m/z	10.01623203	0.927066654	0.629385
8.70_344.1420m/z	12.48458001	1.114125056	0.630051
18.71_165.9022m/z	-0.32439312	4.86377424	0.63144
1.19_290.8469m/z	-1.411785603	4.571334006	0.631953
1.74_136.0750m/z	0.41455299	6.0089561	0.632444
4.67_218.1378m/z	1.206401896	4.399305839	0.633314
7.40_145.0615m/z	1.57576513	1.953465817	0.634063
7.42_183.0297m/z	-1.148192483	1.143021719	0.634366
15.31_149.0220m/z	-0.128722495	1.415328485	0.637844
12.57_529.2893m/z	-0.619068761	0.924551587	0.639527
9.24_513.1669m/z	8.560993008	0.292158262	0.641644
13.30_605.3218m/z	-0.456188374	1.858180372	0.642185
1.74_165.0540m/z	0.372853414	5.262719076	0.643101
13.01_466.2994m/z	-0.529734094	1.266266019	0.646501
7.36_212.0025m/z	0.156913935	0.026649512	0.64679
1.19_754.7354m/z	-0.486608002	4.949539039	0.647645
12.99_541.3242m/z	-0.436730602	3.040222363	0.649233
10.45_381.1367m/z	-1.356326548	1.393782064	0.651482
11.41_218.0104m/z	-0.365315986	3.905235481	0.652183
12.99_686.2445m/z	-0.438482033	2.28660187	0.652373
14.39_429.3022m/z	-0.199449003	0.540566799	0.653089
1.19_306.9188m/z	0.186671177	1.401159175	0.653385
11.20_329.2336m/z	-0.386941948	1.766722071	0.654156
10.49_369.1722m/z	-1.481770941	3.064754296	0.657785
10.10_681.3471m/z	1.277790042	7.436510609	0.662378
18.07_174.9557m/z	-0.289160942	2.012883653	0.664392
1.15_868.2939n	-1.523287634	4.417785456	0.668617
11.24_513.3051m/z	4.766053813	0.295189103	0.670736
13.26_502.2917m/z	-0.230028704	1.831962393	0.671488
8.91_593.3335m/z	2.570406304	0.540265339	0.675238
9.83_547.1448m/z	2.518134509	0.946038493	0.676069
9.03_158.9781m/z	-0.420208621	4.815379538	0.676127
11.61_405.2639m/z	1.448541035	2.678985992	0.676542
1.19_794.7189m/z	-0.772080681	6.415795463	0.677423
8.40_345.1549m/z	6.090817312	0.122273991	0.680048
1.12_766.8576m/z	0.879832904	1.389300454	0.681524
8.05_79.9569m/z	0.586659594	0.43994385	0.68281
19.02_245.8690m/z	-0.267274125	3.363655555	0.683349
9.39_297.0381m/z	8.185829804	0.479356666	0.68484
1.22_832.3621m/z	1.110735	6.482517747	0.6853
8.39_414.0549m/z	10.05328553	0.47774622	0.685686
10.68_262.0816n	0.98576891	0.891113771	0.686386
15.48_804.5499m/z	0.065901018	0.181345304	0.687398
8.79_609.2528m/z	0.782694479	0.851576282	0.688921
8.47_226.0178m/z	2.034316186	1.283654367	0.691231
12.92_454.3281m/z	-2.214531078	6.732842357	0.692321
1.18_978.7085m/z	-1.14476063	6.413510591	0.693775
10.50_413.1358m/z	-1.421028159	2.975136849	0.693946
9.83_143.0730n	-1.980353189	0.191686376	0.698216
9.84_493.1334n	11.31016956	0.580425872	0.69931
9.81_436.1381m/z	12.91873868	0.246475923	0.700169
8.27_407.1173n	7.11002729	0.218628841	0.700243
11.68_446.2910m/z	1.102424638	1.82747296	0.700435
15.47_815.5780n	-0.153511628	0.47937631	0.707708
1.76_260.0233m/z	0.942985218	4.619625928	0.707711
1.74_182.0806m/z	0.378575795	5.059259951	0.708028
18.90_412.7630m/z	-0.298386653	6.424094315	0.709792
11.65_223.0282m/z	-0.214283367	1.855640658	0.710226
10.88_224.0621m/z	-0.670172259	1.50734296	0.710458
1.18_578.8695m/z	0.402163063	1.369690123	0.710503
1.19_642.7687m/z	-0.524208603	4.146578633	0.711961
1.19_862.7063m/z	-0.984552142	7.538363433	0.716813
16.28_336.3269m/z	0.303435797	1.367276544	0.719693
15.26_184.0716m/z	-0.325051987	2.382790954	0.719752
11.21_493.2432m/z	2.253139363	0.021118146	0.7224
8.17_345.1549m/z	8.99848026	0.660846804	0.723966
18.28_214.8587m/z	-0.35664497	6.315435585	0.728763
9.62_498.1770m/z	-0.840223608	2.49337322	0.732656
7.40_331.0909m/z	1.329481196	1.696819068	0.733896
16.32_195.1184m/z	-0.390929809	3.249045968	0.73421
14.52_592.3609m/z	-0.467071634	1.784238219	0.735226
10.03_234.9836m/z	-3.311832935	0.074426998	0.736112
12.73_536.2988m/z	-0.593189	2.631973584	0.737028
10.42_520.1225m/z	-1.682674436	2.098825125	0.737866
18.67_163.9284m/z	-0.338146562	3.593986401	0.738042
9.47_550.2437m/z	1.946624624	3.532742727	0.74304
11.35_250.1238m/z	6.416763386	0.239875442	0.743084
10.99_499.1312m/z	-1.310038949	1.509708549	0.753167
9.82_454.1484m/z	10.64232297	0.235566805	0.755698
1.22_673.5092n	0.518974182	4.023962899	0.756065
16.54_902.5174m/z	-0.273585102	0.851860263	0.759315
13.72_524.2992m/z	-0.753639613	5.185442114	0.759755
12.64_393.2917m/z	-0.273575809	6.00862372	0.761607
11.35_435.1340m/z	1.81114531	0.492176499	0.762024
5.90_392.1197m/z	-0.514758326	0.969922717	0.762877
14.58_233.1550m/z	-0.390818248	3.020999163	0.763942
18.54_102.9482m/z	-0.348370953	4.711082627	0.764866
8.67_199.0070m/z	0.782751924	0.289327635	0.768049
11.39_467.2075m/z	-2.942049087	3.615469176	0.770621
12.38_391.2848m/z	0.509701153	0.293654386	0.770909
11.24_420.0367m/z	6.101052539	0.618819915	0.771882
15.50_837.6160m/z	-0.197991265	0.88401027	0.774491
18.36_68.9954m/z	-0.782774248	4.573200931	0.774934139
9.63_454.1509m/z	-1.428180209	3.637611783	0.776293
11.33_363.1076n	11.93357172	0.650920719	0.777653
14.78_532.3402m/z	-0.399240581	1.509533033	0.781056
9.17_525.2700m/z	0.609278233	0.969270778	0.782493
12.17_472.3179n	2.632554205	1.016016683	0.783669
13.62_425.3502n	-0.114289132	0.255818931	0.78781
1.41_70.0649m/z	0.673108803	6.213546015	0.789509
1.79_201.0381m/z	-0.222635663	1.654220595	0.790287
1.74_137.0455m/z	-0.54433544	0.385042704	0.79498
1.22_708.4560m/z	0.72650631	6.362228171	0.796231
10.72_185.9941m/z	-0.505876234	5.670571609	0.797399
14.55_616.3620m/z	-0.242924457	0.803351352	0.798341
16.67_790.5727m/z	-0.100477491	0.470620984	0.80114
1.19_319.9017n	-0.323787715	2.782610821	0.802326
1.20_230.8995m/z	0.554646439	5.044130971	0.804433
10.68_454.1496m/z	-0.954355689	1.399986005	0.805704
1.76_333.0938m/z	-0.492620829	1.877993945	0.806715
10.49_253.1944m/z	-1.431678146	3.678523777	0.808258
13.25_357.2783m/z	0.942030869	0.918674299	0.812208
1.37_146.8651m/z	-0.888196136	3.205860644	0.813566
12.60_413.9730n	-3.290359779	0.536565426	0.816644
10.68_195.1025m/z	0.957044897	0.87731239	0.823883
18.11_133.9992m/z	-0.337128918	2.48303385	0.825908
10.46_206.0916n	-0.967680428	2.383787138	0.827875
15.48_779.5435n	-0.060907643	0	0.829265
10.44_367.1339m/z	-1.313268645	1.264943509	0.831606
12.52_431.3161m/z	-1.101904503	3.638644306	0.837393
10.52_263.1291m/z	-1.023760866	2.416463447	0.837775
9.10_438.1529n	5.297706856	2.97597432	0.838217
13.77_590.3446m/z	-0.225196787	0.59641625	0.838385
8.59_541.2648m/z	0.769301301	4.059974864	0.840123
10.98_573.1357m/z	-1.339814891	1.793168729	0.842977
18.03_552.4003m/z	-0.766405407	2.82083327	0.85036
17.76_540.5337m/z	-11.28176876	0.358329609	0.850807
10.09_397.2054m/z	-1.223016875	4.081960222	0.851014
10.42_515.0879m/z	-1.48630092	3.747292567	0.851117
13.27_552.3089m/z	-0.640830665	3.003952202	0.855243
12.10_322.1229m/z	12.44982975	0.248523814	0.858805
15.92_800.5457m/z	-0.169614699	0.286947332	0.859983
10.56_550.2446m/z	1.086679408	2.318217137	0.86409
9.39_137.0241m/z	2.100502252	0.207390517	0.864541
13.94_502.2931m/z	0.390314891	1.132220898	0.86946
13.49_391.2851m/z	0.312966297	0.897442816	0.869594
15.09_536.3696m/z	-0.740253927	2.695085294	0.87033
18.88_408.7863m/z	-0.324282907	6.827648145	0.87057
12.44_378.2411m/z	-0.253737909	1.010243259	0.872442
10.70_482.1823m/z	-0.579791584	1.790761199	0.874862
1.18_326.8862m/z	-0.55058526	7.31088835	0.876996
6.64_188.0704m/z	-0.116383034	0.901543182	0.881265
18.90_195.9111m/z	-0.257040183	6.429208463	0.882081
12.79_414.2038n	-1.999869148	0.403387512	0.882307
13.93_640.2581m/z	-0.393780506	2.132328082	0.884467
9.44_481.2430m/z	0.655074351	0.24855999	0.884776
8.70_430.0499m/z	13.11231665	0.552848173	0.888713
15.24_437.2666m/z	-0.954093534	4.893380801	0.890986
7.43_268.0073m/z	-0.918189422	1.857210216	0.892269
1.15_588.8978m/z	0.15594641	0.498227546	0.895363
13.49_357.2785m/z	1.118465179	1.959421392	0.897433
6.61_294.0591n	-0.466225241	5.21101756	0.89756
7.42_408.0664n	-0.879243116	1.475942877	0.90289
7.40_416.1311n	1.563599248	0.738684781	0.905011
1.20_173.8753n	0.748509648	5.024211711	0.905072
13.47_910.6243m/z	0.796870144	0.162055687	0.907004
11.07_471.2412m/z	1.283298969	2.140253036	0.911111
8.67_371.1506n	14.25160414	0.791373248	0.912851
18.53_320.8858m/z	-0.308272061	5.058949442	0.914171
12.99_610.2449m/z	-0.340563426	1.773023955	0.914274
1.22_707.4774n	0.675075841	5.188861519	0.919474
7.89_345.1551m/z	6.87627806	0.223105678	0.923826
11.26_246.9049m/z	0.675613073	0.376365186	0.924048
12.02_277.0303m/z	-1.027809547	0.597886561	0.927314
8.17_637.0844m/z	1.349648633	2.208232181	0.927408
1.68_216.0245n	-0.498248211	1.147173685	0.927655
9.48_832.2394m/z	-0.321478297	5.694173746	0.927914
12.89_194.0824m/z	-0.307781905	3.807298767	0.929039
9.63_481.1871m/z	-0.751666893	1.878660149	0.929777
9.66_392.1460n	-1.254669375	2.89641177	0.93073
19.10_196.8948m/z	-0.298512301	5.749345835	0.933373
13.72_527.3206m/z	-0.368241822	3.564818407	0.933434
10.90_273.2669n	-0.858545422	1.309891674	0.935755
9.05_468.1301m/z	-1.120862259	2.275978226	0.937041
9.73_513.2016n	7.085363527	0.011387986	0.942079
10.99_761.3382m/z	-1.978134344	2.068344352	0.943231
1.45_352.9965m/z	4.740332602	4.889945913	0.943398
11.41_351.0546m/z	6.419657915	0.211220228	0.944141
13.47_459.2522m/z	-0.47977574	1.562415896	0.946763
12.01_481.2804m/z	-0.769255613	0.516342822	0.949462
11.26_244.9077m/z	0.678736029	0.356861313	0.95183
1.19_338.8665m/z	-1.105882296	4.6975024	0.952623
8.29_385.1686m/z	-0.389117245	0.895161362	0.954649
9.83_539.1633n	9.610525665	0.814605185	0.957644
10.53_627.3752m/z	0.390125981	2.289720122	0.960479
1.17_996.7289m/z	-0.559690044	7.271786676	0.960586
13.47_492.2488m/z	-0.610903364	3.432282138	0.961135
8.05_107.0501m/z	0.575299772	0.469993792	0.963167
17.54_902.5179m/z	-0.390894022	1.127994736	0.964119
9.80_515.2910n	-1.48347625	0.019306399	0.966952
1.17_266.9332m/z	-1.169934213	6.527520008	0.968665
12.45_397.2211m/z	-0.703246113	1.512715941	0.977381
1.41_116.0703m/z	0.701358906	6.397755473	0.980623
1.33_158.8456m/z	-0.54023871	4.892522072	0.98207
1.18_942.7208m/z	-1.234866354	7.005234264	0.982627
9.59_385.1684m/z	-0.951727403	1.414547167	0.985083
13.24_433.2357m/z	-0.876801113	7.627393583	0.985573
15.38_843.5531m/z	-0.285245515	0.426049808	0.988586
14.79_624.2965m/z	-0.721788077	3.468609228	0.989403
18.03_816.5854m/z	-0.184064827	0.586941764	0.992733
1.22_785.3937n	0.762763875	6.601856789	0.994382
17.48_487.3614m/z	-0.252858225	3.455074141	1.00127
15.24_668.2874m/z	-0.735058943	3.6791789	1.00634
15.44_765.5309n	-0.2620478	0.31055883	1.00669
1.17_350.8937m/z	-1.722550473	2.057643658	1.01603
10.12_469.2256m/z	1.535761975	6.989263424	1.01904
8.70_414.0669n	7.031202982	0.735952316	1.02614
1.09_242.9431m/z	0.810638425	6.612960955	1.02876
15.09_580.3612m/z	-0.569449329	2.246471327	1.03549
1.31_118.0859m/z	0.51860872	3.727668637	1.03579
14.98_494.3589m/z	-2.612606135	7.42449579	1.0436
8.28_651.1004m/z	1.859693799	0.738354169	1.04513
10.18_471.2408m/z	1.899184093	5.400507751	1.04597
13.47_520.3038m/z	-0.649104223	5.783794498	1.04632
13.24_712.2612m/z	-0.684393751	4.885449061	1.04979
9.27_526.2484m/z	1.17742449	6.431788886	1.05056
11.59_392.2921n	0.789690556	0.225518801	1.05299
1.20_251.9142n	0.429254321	4.876167952	1.05463
18.12_371.3146m/z	-0.258106117	4.569376776	1.05496
14.08_609.3211m/z	-0.311109993	2.081992218	1.05635
10.88_427.2152m/z	0.911496783	1.346390047	1.06808
1.17_418.8813m/z	-1.309574785	6.095815343	1.07462
18.76_262.8581m/z	-0.336595113	4.922981124	1.07985
9.77_392.0444m/z	-6.084363475	0.281135582	1.08156
9.60_181.0153m/z	-0.325467215	3.184219097	1.08927
16.39_512.5026m/z	-4.151790578	0.070841218	1.10063
18.03_818.6001m/z	-0.154446023	0.546771892	1.10314
10.16_371.1891m/z	-0.984748158	1.274664271	1.10406
13.96_563.3029n	-0.184837936	0.932122337	1.10626
1.26_145.0616m/z	0.58908431	3.805813237	1.10698
1.18_722.7828m/z	-0.993891343	6.891188134	1.11151
1.20_286.8609m/z	0.829000556	6.493279903	1.12009
9.22_266.0182m/z	0.655338663	0.126596268	1.13072
10.49_271.2052m/z	-1.495897018	2.162213397	1.13429
1.17_334.9209m/z	-0.975722709	6.995360547	1.1369
10.49_351.1618m/z	-1.340351246	3.058136901	1.13852
12.58_580.2868m/z	-0.589861026	1.196250039	1.14264
10.67_437.1591m/z	-1.34536002	2.301189845	1.14454
1.18_1050.6914m/z	-1.216735837	7.558683565	1.15611
1.17_1174.6830m/z	-0.777123756	7.272273353	1.15825
0.13_195.9129m/z	-0.39807376	3.419616805	1.16876
1.31_366.1084m/z	1.504458054	2.761585029	1.17183
11.18_567.3164m/z	2.493001588	6.431879274	1.18327
1.16_112.9854m/z	-0.337033728	4.957322127	1.18548
12.75_502.2928m/z	-0.515923205	1.939570372	1.18684
16.40_757.5616n	-0.015112517	0.1993757	1.19349
0.09_146.9381m/z	-0.381012613	3.847739182	1.19522
13.98_540.3011m/z	-0.657755196	4.200482322	1.21768
8.70_346.0800n	9.070843039	0.301224603	1.21784
1.20_288.8579m/z	0.897069532	6.800584934	1.2218
13.69_1103.6627m/z	-0.708642934	3.369061849	1.22745
1.30_234.1575n	1.622921896	7.174204662	1.24162
17.82_96.9585m/z	-0.279482551	1.195919887	1.24422
1.27_203.0522m/z	1.521277528	2.722837915	1.24662
17.69_233.1545m/z	-0.365509949	2.632075954	1.25004
10.46_398.1387m/z	-1.690560771	2.894374019	1.26076
1.18_610.8169m/z	-0.595205141	5.053643546	1.26648
10.57_414.2992m/z	1.061299834	2.697071948	1.26925
10.45_565.1023m/z	-1.940616801	3.07758338	1.27642
10.45_366.0062m/z	-1.701967581	3.552716352	1.28828
10.44_639.1090m/z	-1.713465991	2.294640122	1.31513
1.47_143.0941n	0.911175141	0.730585133	1.31742
11.03_495.2957m/z	-1.52354374	3.349203078	1.32608
11.68_395.1892m/z	-0.542866758	1.564410427	1.32862
18.03_742.5730m/z	-0.183168564	0.649546516	1.34334
14.01_1041.6892m/z	-0.310339561	0.645607249	1.34865
10.70_465.1922m/z	-1.018830369	2.75401628	1.36889
14.27_428.3725m/z	-0.448724131	3.244635168	1.39843
9.06_246.0560n	1.497259047	1.682973527	1.40249
14.00_1005.6549m/z	-0.846677233	3.994647864	1.42449
10.24_181.0152m/z	-0.432202278	6.534983181	1.42766
15.89_594.3777m/z	-0.449136031	1.233912252	1.43497
15.47_817.5940n	-0.185073913	0.765457409	1.46688
10.45_425.1155m/z	-1.807939273	3.759538119	1.50095
14.41_625.4544m/z	-0.561963051	3.060803843	1.52445
1.16_706.8074m/z	-1.011938451	7.366671955	1.54638
1.22_270.7974m/z	0.63586712	6.440187901	1.55702
17.90_820.5255m/z	-0.339780839	1.312656568	1.5586
1.76_357.0311m/z	0.484910364	2.147628594	1.5613
10.67_240.1002n	1.024504274	0.722590217	1.5635
0.10_96.9598m/z	-0.329054787	4.773815257	1.56995
13.26_1061.6539m/z	-1.21435084	5.097147854	1.57167
14.76_464.3125m/z	-1.028212598	4.791365189	1.57367
18.29_199.8505m/z	-0.389507612	6.514994472	1.5746
13.39_400.3421m/z	-0.317108768	1.115257864	1.57997
6.62_226.0721n	-0.328980123	5.32936457	1.61413
16.40_838.6259m/z	-0.319319798	2.182994881	1.62094
10.46_497.1154m/z	-1.794711106	3.844846222	1.6247
13.24_581.3214m/z	-0.777517589	4.683241507	1.62554
1.36_90.0314n	1.25517833	6.522284169	1.64221
12.99_606.3021m/z	-0.419330165	2.664696587	1.64666
13.45_1131.6713m/z	-0.490073839	1.233738885	1.68678
12.57_452.2778m/z	-0.59133348	1.066438818	1.69379
11.83_392.2919n	1.822663715	1.205215089	1.70307
10.46_571.1208m/z	-1.619146808	3.200239835	1.70836
18.02_829.5572n	-0.147076295	0.791598957	1.7313
13.67_552.3292m/z	-0.454057585	1.850113019	1.73147
10.10_613.3593m/z	1.152816865	7.483357553	1.75445
13.72_993.6771m/z	-1.33028096	5.851533083	1.77923
8.05_397.0029m/z	0.719183911	0.549607691	1.78373
13.52_449.2541m/z	-0.635309767	1.096721679	1.81488
13.26_466.2933m/z	-0.744223295	4.282158143	1.81609
14.62_149.9941m/z	-0.376561086	1.249225556	1.82053
13.72_478.3282m/z	-0.713133113	7.002275574	1.83683
8.09_428.1895m/z	8.640933339	0.022038284	1.83918
11.87_457.2083n	9.343887742	0.22394711	1.85403
15.00_793.5584n	-0.227182994	0.946237985	1.87662
1.16_180.9730m/z	-0.442779456	5.594278085	1.87897
10.45_735.3261m/z	-2.629369111	3.594467529	1.88555
8.17_308.0559n	1.283974424	0.622143942	1.89315
1.30_217.0300m/z	1.297496541	2.311223456	1.90364
10.55_449.3136n	1.010751691	0.678190376	1.93241
18.85_278.8525m/z	-0.384120724	6.542473856	1.93867
16.17_770.5704m/z	-0.307681055	0.820215613	1.94757
15.57_463.2825m/z	-0.888913571	2.995700126	1.96902
13.71_409.2359m/z	-0.79412752	6.308123177	1.97351
13.70_1037.6555m/z	-0.795455977	5.584841281	1.97734
15.95_731.5425n	-0.339355778	1.086024112	1.97913
15.25_636.3493m/z	-0.700464019	4.968010172	1.9843
1.74_204.1228m/z	0.689520026	3.937591016	1.99978
13.70_435.2502m/z	-0.873742846	5.652638756	2.00433
13.88_116.9282m/z	-0.382336783	4.954364129	2.00652
8.73_346.0802n	10.56765981	0.382909452	2.01141
13.38_525.2854n	-0.226034646	0.52472843	2.02205
18.01_833.5913n	-0.281400526	1.411132458	2.03695
18.02_779.5440n	-0.104190312	0.167337834	2.04664
1.04_174.9560m/z	0.756062434	6.272847668	2.08028
12.30_205.0852m/z	-0.232047826	6.694416496	2.09178
14.94_398.2427n	-0.224810074	5.247520546	2.09229
13.80_569.3468n	-0.546825149	3.386320937	2.11847
1.17_348.8951m/z	-1.337496	6.97730775	2.18097
19.08_78.9589m/z	-0.276092122	4.923210327	2.18154
16.23_554.3820m/z	-1.426079581	5.435613299	2.18178
10.98_454.1506m/z	-1.148730571	1.259118836	2.22158
6.62_204.0905n	-0.1909058	1.971249861	2.23063
10.96_399.2191m/z	-2.031490802	4.010808789	2.25149
14.82_550.3506m/z	-1.018758223	5.334744617	2.26729
15.46_789.5637n	-0.216300211	0.791894707	2.27488
10.15_421.0593m/z	1.962742577	0.036427957	2.29382
18.03_792.5866m/z	-0.211931259	0.833084647	2.29722
8.30_315.0632n	1.848717477	1.509507765	2.29736
12.99_478.2932m/z	-0.364691565	2.14397416	2.33284
10.46_383.1532m/z	-1.474322662	3.791924293	2.33769
14.75_462.2979m/z	-1.079296706	4.858986308	2.34054
10.27_243.1833n	-0.295270326	4.118295875	2.34394
13.44_552.3097m/z	-0.630862284	3.119376739	2.3637
10.46_757.3080m/z	-2.384500742	3.938690801	2.38527
10.46_503.1326m/z	-1.489427811	2.680933518	2.38599
13.40_476.2782m/z	-0.243276004	0.511597364	2.42916
13.24_632.3182m/z	-0.697633073	5.994562077	2.46394
10.55_528.2632m/z	0.989661673	2.055379659	2.47604
7.40_264.1111n	1.677723371	4.518385408	2.48546
13.50_528.3090m/z	-0.263930546	1.117499938	2.49053
18.67_194.9049m/z	-0.33344399	5.566324553	2.50172
14.40_583.3371m/z	-0.438181047	2.021227128	2.54815
1.16_1128.7088m/z	-0.968885273	6.969825471	2.58011
13.71_557.3201m/z	-0.717359083	3.83386603	2.58697
13.79_569.3686n	-0.536559655	3.870706566	2.59174
12.80_586.3151m/z	-0.584484968	0.988467617	2.61689
11.46_331.2837m/z	-0.889534058	0.753809277	2.62801
17.45_369.3509m/z	-0.19559523	0.297033819	2.64154
13.48_623.4385m/z	-0.6970781	6.083739816	2.6526
1.31_367.1051m/z	1.462103085	3.382500612	2.69498
1.17_264.9343m/z	-1.061965858	7.669113631	2.7637
10.07_301.1407m/z	-0.260560535	7.437663113	2.76501
9.05_383.1532m/z	-1.048740165	1.697249269	2.88368
18.03_832.5810m/z	-0.15291727	0.681698703	2.92648
1.16_316.9482m/z	-0.303225185	2.346844431	2.94945
11.24_335.0593m/z	6.997711503	0.03722261	3.0996
1.30_215.0331m/z	1.30721732	2.348182362	3.14297
11.67_449.3140n	0.705945613	0.87241256	3.16897
10.99_437.1605m/z	-1.188253595	1.327655496	3.1915
12.75_562.3149m/z	-0.525868024	1.845156239	3.23374
13.71_612.2608m/z	-0.550001374	6.44533643	3.24332
15.25_508.3401m/z	-0.750800875	4.139047826	3.25654
1.16_400.9088m/z	-0.631705192	6.5038151	3.26864
9.63_413.1999m/z	-0.787611264	2.537302592	3.30283
9.65_388.1914n	-1.346313854	2.027774475	3.34782
14.38_436.2825m/z	-1.080794961	4.893605097	3.41178
9.73_445.1917n	8.081709248	1.079857361	3.43328
1.17_332.9218m/z	-0.903628665	7.494292583	3.55863
16.43_771.5770n	-0.139996583	0.47954398	3.58663
1.16_248.9609m/z	-0.381286227	4.133571464	3.62898
11.86_435.2274n	10.12556268	0.268089863	3.79286
16.40_761.5852m/z	-0.197579579	0.731859819	3.82996
14.39_1017.6877m/z	-0.870187977	5.447576371	3.85561
1.34_162.8390m/z	-0.733663385	6.02234223	3.97588
14.00_599.4385m/z	-0.528710807	8.355668766	3.9771
15.57_640.2921m/z	-0.574662357	4.102651166	3.99476
10.68_369.1728m/z	-1.084759532	1.57984779	4.08634
1.44_215.0671m/z	1.412044154	4.974649069	4.10322
13.99_975.6458m/z	-0.676484469	3.123951983	4.18005
13.30_588.3310m/z	-0.399036031	2.524453744	4.31095
12.57_512.2994m/z	-0.596575671	0.960712816	4.46497
13.99_557.3203m/z	-0.533284805	2.951138866	4.74037
13.72_1013.6528m/z	-0.904307865	7.865759124	4.92451
13.26_526.3143m/z	-0.68647178	4.277741312	4.97158
10.46_435.1453m/z	-1.426779429	2.132207355	5.36179
17.81_804.5501m/z	-0.379196194	1.363512104	5.5653
1.76_168.0287n	0.540719115	3.542352716	5.56662
16.44_810.5986m/z	-0.147218142	0.491249487	6.06002
13.50_588.3314m/z	-0.256551156	0.982803831	6.08989
13.43_612.3310m/z	-0.614001415	3.630110951	6.23807
16.43_834.5977m/z	-0.266032301	1.437602442	6.71249
14.41_526.3504m/z	-1.110624113	7.001100593	6.77711
14.75_554.3461m/z	-0.767772555	3.489835835	7.3329
13.70_480.3093m/z	-0.663728625	6.782313432	7.52748
15.24_568.3626m/z	-0.788099439	4.420002737	9.59904
10.98_370.1812n	-1.132122827	1.56735134	9.60306
16.41_786.5989m/z	-0.210954159	0.904391344	10.0275
13.47_504.3092m/z	-0.651426752	6.574552191	10.3672
16.42_805.5604n	-0.239489707	0.911679597	14.019
10.45_367.1588m/z	-1.516707577	2.482500598	17.266
14.40_566.3470m/z	-0.426607417	3.534290064	18.1053
13.70_540.3315m/z	-0.665658064	6.62913917	20.6847
13.47_564.3314m/z	-0.660667563	6.496654731	27.8989
