Compound	log2FC	-log10(pValue)	vip
9.63_543.1569m/z	-0.000835112	0.2099007	0.000180191
11.02_415.1514m/z	0.001131874	0.072097619	0.000374088
11.67_601.2704m/z	0.00111876	0.1358397	0.000500231
8.46_170.1164m/z	-0.008783752	0.025102541	0.000618112
9.20_322.1798m/z	0.014388109	0.27994163	0.000667002
7.89_285.0049m/z	0.002220696	0.088385424	0.000681672
9.53_248.1678m/z	-0.006555506	0.11396016	0.000749815
11.61_488.3360m/z	0.007816949	0.101338432	0.000792896
1.74_133.0308m/z	-0.000980597	0.081405133	0.000803973
8.72_337.1376m/z	0.002990214	0.496896018	0.00104679
9.72_327.1596m/z	0.002947231	0.000982616	0.00160382
10.27_383.1037m/z	0.005122329	0.123030303	0.00177235
9.46_187.1338m/z	-0.010036143	0.105844612	0.00180055
12.92_518.2489m/z	-0.005248483	0.074321337	0.0018297
10.46_414.2033n	-0.01763474	0.1654407	0.0018305
8.67_384.0466m/z	0.257990658	0.140900148	0.00197911
11.25_288.2683m/z	-0.00725083	0.088151268	0.00199506
1.28_294.0027m/z	-0.01731366	0.089236366	0.00201864
9.72_253.1344m/z	-0.003124485	0	0.00203912
1.76_166.0125m/z	0.001229141	0.025399431	0.00210546
11.83_255.1211m/z	-0.005255114	0.228643322	0.00210714
10.11_161.0592m/z	0.058034986	0.024293914	0.0021231
13.59_591.3235m/z	-0.002465944	0.087608405	0.00215428
12.80_576.2862m/z	0.004346864	0.006746344	0.00233906
1.27_69.0330m/z	0.016378184	0.132552548	0.00242054
11.24_387.2528m/z	-0.005149295	0.044313212	0.00245553
10.67_386.0370m/z	0.466380841	0.216390812	0.00247582
8.55_423.0321m/z	0.058169361	0.25550674	0.0028159
6.65_170.0593m/z	-0.00208698	0	0.00303765
7.61_156.1010m/z	0.054376537	0.039376081	0.00325352
10.68_499.1307m/z	0.011973339	0.286371714	0.00327758
9.43_252.0298m/z	0.259401978	0.166959402	0.00350232
12.69_450.2617m/z	0.008495657	0.012919892	0.00374134
10.72_371.1872m/z	-0.016825293	0.09008791	0.00380297
1.24_180.0026m/z	-0.022432844	0.14099868	0.00381488
7.41_185.1277m/z	-0.017185926	0.003949573	0.00383263
9.50_476.1907m/z	-0.022681455	0.021011014	0.00390776
18.11_108.9614m/z	0.008369948	0	0.00402983
9.53_531.3641m/z	0.037583014	0.36831277	0.00411825
13.20_624.2036m/z	0.005819222	0.011720705	0.00422803
7.86_282.9906m/z	-0.004431864	0.017536996	0.00429965
8.23_185.0438m/z	-0.012580827	0.039290497	0.00431722
8.38_348.0035m/z	-0.028704033	0.615214836	0.0043372
11.57_539.2150m/z	-0.024620646	0.203682434	0.00436077
12.58_612.2233m/z	0.004679385	0.087875232	0.00439757
9.05_200.0370m/z	-0.783251541	0	0.00442545
9.58_356.2435m/z	-0.020270714	0.23971778	0.00448632
8.93_409.2226m/z	-0.00589572	0.103882917	0.00453966
9.63_261.0152m/z	0.204960061	0.127862965	0.00469999
12.99_396.1784m/z	-0.010979766	0.32910412	0.00492213
6.91_342.2110m/z	-0.021880959	0.205470129	0.00515187
1.44_84.0802m/z	0.047623207	0.215606687	0.00545535
11.16_518.3220m/z	-0.028198131	0.058652577	0.00557829
1.28_127.0381m/z	-0.023034383	0.048598848	0.00565802
12.92_454.3281m/z	-0.016285254	0.534535354	0.00586929
6.72_284.1843m/z	-0.05294582	0.034241085	0.0058748
6.69_126.0905m/z	-0.099755161	0.005669647	0.00608176
1.20_431.8400n	0.003544534	0.004013564	0.00609466
1.74_166.0709m/z	0.011010334	0.006955472	0.0063074
9.29_368.0872m/z	0.089548872	0.058078318	0.00636876
18.09_140.9945m/z	0.008822364	0.017707958	0.00663471
10.55_385.0700n	6.020263636	0	0.00671884
9.05_382.0672m/z	-0.37856551	0.238354018	0.00672214
9.37_368.0676m/z	0.391363894	0.066251101	0.00676852
8.22_167.0332m/z	0.048250315	0.049733993	0.00677821
9.59_385.1684m/z	0.004659475	0.02725024	0.00705841
8.54_213.1589m/z	0.0606169	0.072003801	0.00715753
12.81_686.2399m/z	0.012200942	0.103709181	0.00730622
11.98_179.0711m/z	-0.025664211	0.048314311	0.00734894
9.68_345.2050m/z	-0.041900243	0.066043745	0.00744059
1.74_119.0483m/z	-0.010702826	0.082717209	0.00747935
8.50_408.0289m/z	0.020927231	0.103912708	0.00759564
3.20_231.0832m/z	-0.055682664	0.160967789	0.00761669
12.46_247.2412m/z	-0.05142744	0.027740216	0.00762333
1.74_84.0801m/z	0.024282593	0.447815008	0.00765446
11.47_453.2247m/z	-0.019164245	0.137674782	0.00771151
1.28_81.0328m/z	-0.059464441	0.040316232	0.00783103
8.54_372.1105n	0.073310535	0.094895224	0.00791568
4.30_170.0949m/z	0.036669229	0.051367008	0.00812272
10.99_499.1312m/z	-0.01032551	0.001096674	0.00821298
6.62_159.0927m/z	-0.003349392	0.14538065	0.00830346
9.42_139.0382m/z	0.159170006	0.053651408	0.00872458
10.36_243.0692m/z	0.027285585	0.062783109	0.00882072
10.68_356.0188m/z	-0.039241682	0.073058496	0.00888475
10.11_227.0896m/z	0.032009585	0.002808087	0.00890556
12.58_570.2322m/z	-0.034443259	0.133064362	0.00905605
1.27_120.0646m/z	0.021166961	0.094825524	0.00910676
8.26_127.1109m/z	0.015972659	0.053698585	0.00911422
7.88_267.9783m/z	-0.024620573	0.038635866	0.00945434
12.99_472.3413m/z	0.009473066	0.036509672	0.00950646
9.64_111.0433m/z	0.06515174	0.14874104	0.00951631
1.75_95.0484m/z	-0.021030389	0.048227918	0.00960067
11.10_295.2258m/z	-0.025104067	0.044677441	0.0096037
1.33_146.0804m/z	-0.084072876	0.05328105	0.0096957
9.66_362.2086n	0.001893888	0.150036063	0.00978925
9.04_253.1344m/z	-0.027071701	0.238665401	0.0100224
11.71_295.0498m/z	-0.107312525	0.443883321	0.010081
7.61_139.0745m/z	-0.174891357	0.267353779	0.0102475
1.28_145.0486m/z	-0.039547551	0	0.0103129
6.65_475.1319m/z	0.012787052	0.00411746	0.0104812
9.15_566.2211m/z	0.22020173	0.092196446	0.0106715
10.47_460.2678m/z	-1.273867002	0.128939297	0.0108187
10.63_409.1484m/z	-0.026222326	0.193866172	0.010836
10.17_282.2221m/z	-0.040422907	0.066252618	0.0108396
7.14_170.1165m/z	0.156320575	0.152314464	0.0108935
1.32_76.0752m/z	0.052051113	0.042429105	0.0110025
9.55_171.1023m/z	0.006600071	0	0.011182
12.08_425.0797m/z	0.039515083	0.217144849	0.0111991
6.86_171.1122m/z	0.101570951	0.363272455	0.0112529
12.58_431.2148m/z	0.0444096	0.024678962	0.0113505
1.73_204.1024m/z	0.02790274	0.081418753	0.0114806
8.23_229.0077m/z	0.082209636	0.438958276	0.0115655
7.87_283.0069m/z	0.050789363	0.381269081	0.0117624
12.65_557.3289m/z	0.014631714	0.032549377	0.0119793
9.04_467.0443m/z	-0.439575827	0.244857968	0.012109
12.59_450.2965m/z	0.021735885	0.041862498	0.0121098
1.66_188.1274m/z	-0.034430324	0.124203375	0.0121475
10.97_567.1183m/z	0.027773877	0.107771232	0.0122562
10.54_399.3265m/z	-0.018556842	0.148554517	0.0124041
12.24_295.2263m/z	0.080492626	0.326615028	0.0124623
13.25_548.2969m/z	-0.031956825	0.10338561	0.0128388
10.69_415.1488m/z	0.088866313	0.364528317	0.0130622
10.13_269.1280m/z	-0.066985818	0.068839728	0.0132655
1.23_94.9246m/z	-0.003198003	0.032617256	0.0135648
9.04_153.0774m/z	0.216988938	0.675795766	0.013696
7.17_246.1694m/z	-0.011237666	0.017872651	0.0138383
1.19_170.9438m/z	-0.004653919	0	0.0140792
7.08_138.0557m/z	0.018356818	0.348441918	0.0141133
8.37_203.1047m/z	-0.178738823	0.146138198	0.0141458
8.01_526.9588m/z	-0.034587618	0.227683429	0.0144331
8.57_445.1895m/z	0.019973958	0.027078716	0.014705
1.28_414.0453m/z	0.074564759	0.027479659	0.0147218
13.38_592.2653m/z	0.004084337	0.021170581	0.014737
10.46_398.1387m/z	-0.013172523	0.03138865	0.0147914
10.32_495.2215m/z	0.080446262	0.082677805	0.0148467
10.70_353.1771m/z	-0.036809767	0.024257633	0.0149259
11.82_121.1002m/z	-0.160784813	0.343664104	0.0150074
18.09_74.9803n	0.01574128	0	0.0151241
10.17_398.3410m/z	-0.039352431	0.04880484	0.0152863
12.08_351.0754m/z	-0.057994621	0.031612326	0.0153533
7.15_197.1277m/z	0.027331484	0.002528862	0.015387
12.31_433.3300m/z	-0.052764057	0.258638005	0.0155927
11.74_652.3440m/z	-0.034408401	0.289687966	0.0156035
12.99_638.2384m/z	0.00743089	0	0.01585
9.05_468.1301m/z	0.012938084	0.101713173	0.0159123
1.74_147.0434m/z	-0.012084709	0.117574513	0.0159889
11.24_453.2736m/z	1.196521624	0.029285478	0.0160958
8.19_401.1744n	0.286104229	0.358633981	0.0161974
1.71_340.0333m/z	-0.084569632	0.000332362	0.0164987
10.27_256.1555m/z	-0.034390792	0.005412762	0.016612
1.30_175.0950n	-0.02561794	0.009050543	0.0166999
11.24_345.2823m/z	0.081272815	0.427016935	0.0168734
10.68_369.1728m/z	-0.002791779	0.059268413	0.0170239
9.03_172.0521n	-0.045344168	0.149446269	0.0170728
10.68_454.1496m/z	0.013259175	0.023339201	0.0172821
12.03_577.1321m/z	0.043060313	0.051585567	0.0172916
10.38_283.2417m/z	-0.132804119	0.080066719	0.0175352
11.70_252.0970n	0.040260542	0.276305491	0.0176877
9.06_151.0395m/z	0.037311905	0.087843332	0.0180544
10.02_133.0640m/z	-0.186418258	0.091636172	0.0182038
9.55_615.1836m/z	-0.217836107	0.252192923	0.0183317
9.65_193.1575m/z	-0.040678263	0.16682164	0.0183669
11.12_440.2762m/z	0.147462609	0.030081585	0.0183688
1.14_995.2816m/z	-0.01607897	0.258275762	0.0186586
9.15_373.1637m/z	-2.808480774	0.096939872	0.0186628
13.91_778.5347m/z	-0.022173864	0.057797427	0.0189857
12.51_445.2949m/z	0.027162751	0.038954033	0.0190605
10.42_347.2294m/z	-0.149465915	0.379057552	0.0194059
13.05_423.0232m/z	0.037459522	0.1080112	0.0197424
1.39_90.0542m/z	-0.064580907	0.087222805	0.0198256
12.65_449.3475m/z	-0.038281452	0.11505348	0.019848
9.72_633.2540m/z	-0.047581485	0.170164462	0.0198613
9.32_381.0623m/z	-0.301043038	0.105959336	0.0200363
10.84_385.2553m/z	-0.024901133	0.233210283	0.0200461
8.21_457.0355m/z	-0.080665826	0.027050521	0.0201525
1.28_97.0278m/z	-0.04593314	0.006906049	0.0207069
8.27_121.0277m/z	0.114846054	0.314680224	0.0208003
10.79_273.2205m/z	0.09734993	0.005180641	0.0208884
10.27_273.1584m/z	-0.03232772	0.049991686	0.0209385
6.65_118.0644m/z	-0.018962824	0.042214148	0.0212783
1.28_85.0278m/z	-0.072802466	0.028882401	0.0212912
9.33_229.1425m/z	0.134184217	0.022123733	0.0213282
10.30_227.1632m/z	0.055654732	0.108560116	0.0213685
9.34_333.0558m/z	-0.293845302	0.079463455	0.0214159
11.30_412.0569m/z	0.820233906	0.364712333	0.0217899
11.32_484.2673m/z	0.033317686	0.050185666	0.0218144
12.97_251.1642m/z	0.094898519	0.044455595	0.0218429
8.21_99.0084m/z	0.04074905	0.012533056	0.0219651
8.63_297.0976m/z	-0.13640473	1.337853443	0.0221285
10.10_407.2067m/z	0.041670922	0.153437757	0.0221822
8.99_455.2021m/z	1.453637484	0.071532454	0.0222295
8.95_558.2897m/z	-0.060671775	0.101509576	0.0222307
10.71_195.1007m/z	-0.205747581	0.04311874	0.0223184
13.22_380.0683m/z	0.664940994	0	0.022388
9.28_461.1070m/z	1.065541173	0.124042699	0.0224551
10.27_507.3411m/z	-0.016671756	0.067280239	0.0225053
10.03_157.0842m/z	0.046551369	0.209854227	0.0228292
8.98_121.0655m/z	0.088858119	0.00877747	0.0229445
12.02_593.1295m/z	0.015039912	0.011988939	0.0230648
13.69_578.2539m/z	0.021232123	0.024782404	0.0231369
8.52_188.0698m/z	0.05912029	0.215709443	0.0234452
10.31_225.0401m/z	0.085576659	0.129044505	0.0241082
1.30_435.0564m/z	0.084783142	0.108194466	0.0244586
9.04_385.1978m/z	-0.132771389	0.159012405	0.024475
9.84_281.9763m/z	-0.095125994	0.042659501	0.0246047
9.38_500.2843m/z	-0.121816252	0.363042958	0.0246952
8.21_251.0170m/z	0.046215847	0.128427648	0.0247896
1.73_282.1191m/z	0.046005798	0.124524328	0.0247952
13.41_690.2453m/z	-0.053140434	0.089473242	0.0251937
11.22_439.3558m/z	-0.225674581	0.007136004	0.0252282
6.65_142.0642m/z	-0.047527813	0	0.025483
6.65_117.0564m/z	0.057285122	0.223870747	0.0255696
0.10_128.1061m/z	0.190390793	0.339182885	0.025756
11.21_421.3452m/z	-0.263923589	0.136407128	0.0258241
9.10_367.1567m/z	-0.273093688	0.256592942	0.0262792
11.17_225.1948m/z	-0.049046333	0.252721842	0.0265409
10.82_499.2947n	-0.093504839	0.360309361	0.0266517
10.08_193.1214m/z	0.03281042	0.2165674	0.0266812
12.93_337.2340m/z	-0.138701998	1.397229433	0.0268705
9.83_528.2919m/z	0.052449196	0.039319499	0.0270893
12.59_377.1819m/z	-0.040213294	0.061448755	0.0271572
10.44_367.1339m/z	0.026778322	0.227469266	0.0272077
8.49_275.1033m/z	-0.06712994	0.125332096	0.027258
9.88_371.1880m/z	0.0281801	0.05764961	0.027284
10.43_369.0918m/z	-1.1073703	0.262149256	0.0272862
12.52_455.3130m/z	-0.139249096	0.089514335	0.0273799
12.52_277.2174m/z	-0.050080326	0.038930756	0.027553
10.71_601.1676m/z	0.102292874	0.008582965	0.0275625
9.88_293.1374m/z	-0.469624157	0.794481671	0.0276698
9.38_221.9831n	-0.248730346	0.038454094	0.0278416
8.76_144.0120m/z	-0.070729261	0.007219454	0.0278569
10.69_346.0512m/z	0.080337742	0.018652625	0.0279062
12.28_225.1833m/z	0.088674798	0.304624283	0.0282379
12.99_492.3096m/z	-0.08304556	0.253752012	0.0282871
13.19_337.2732m/z	-0.033608164	0.030208669	0.0282976
8.21_319.0042m/z	0.063361901	0.01495679	0.0285628
9.02_362.2086n	0.024126069	0.187020502	0.0286943
12.58_660.2294m/z	0.02246309	0.046504153	0.0287391
8.92_423.2016m/z	0.083385728	0.053745767	0.0288158
10.11_179.0695m/z	0.335858284	0.797920559	0.0290295
12.08_413.2655m/z	0.030516388	0.116881062	0.0292208
13.40_778.5342m/z	-0.037820029	0.003202103	0.0293076
8.21_139.0397m/z	-0.038905155	0.093715072	0.0293681
12.54_422.3255m/z	-0.028717053	0.0000169	0.0297918
12.07_447.3096m/z	-0.116278963	0.242373219	0.0298892
11.93_476.1820m/z	0.120304421	0.260039416	0.0299054
1.44_182.1015m/z	0.103606329	0.232850073	0.0299084
9.98_398.0621m/z	-0.475355863	0.531739833	0.0299996
14.91_634.3705m/z	0.051515261	0.023625257	0.0303061
11.90_201.1492m/z	0.107120598	0.149479355	0.0305763
6.94_276.0005m/z	0.249761671	0.204726333	0.0307423
9.71_168.0420m/z	-0.284609055	0.625726522	0.0310489
10.70_284.0684n	-0.0452079	0	0.0314372
1.37_160.0960m/z	0.09437353	0.043109627	0.0314848
8.45_245.0932m/z	-0.065488933	0.009264333	0.0314891
7.86_350.9778m/z	0.089579137	0.290722405	0.0314935
1.73_186.1116m/z	-0.113368865	0.161300735	0.0316654
11.50_180.1025m/z	-0.140938813	0.148111464	0.0316682
10.75_381.2087m/z	-0.087779123	0.124523749	0.0317208
10.68_397.0483m/z	-0.070750349	0.175376998	0.0317388
12.33_453.2805m/z	0.050333998	0.042847835	0.0321727
11.69_413.0122m/z	-0.247191222	0.439781226	0.0323538
1.16_1117.2311m/z	0.053086118	0.436457216	0.0323958
11.68_467.3470m/z	0.113209018	0.214650231	0.0324934
10.70_523.2861m/z	0.191559844	0.007552528	0.0324996
12.03_661.1171m/z	-0.092406235	0.237462474	0.0325522
10.16_439.1762m/z	-0.082821293	0.301455813	0.0326046
1.11_541.1192m/z	0.085166313	0.203479784	0.0327014
9.39_65.0396m/z	-0.448064325	0.059186782	0.0328337
9.32_143.1074m/z	0.060294567	0.053658779	0.0329792
11.92_615.2885m/z	-0.079158173	0.045534128	0.0330012
1.44_187.0571m/z	0.03822374	0.057653081	0.0330285
7.98_135.0432m/z	0.239509487	0.969663444	0.033033
1.74_150.0574m/z	0.029922096	0	0.0330334
10.29_191.1421m/z	0.179799085	0.607199321	0.0331401
8.99_366.0715m/z	-2.903597088	0.158435946	0.0334739
10.40_345.2049m/z	-0.411440269	0.261775345	0.0335139
1.30_180.0859m/z	0.112272354	0.039749517	0.0336329
10.84_549.2332m/z	-0.642835394	0.010730434	0.0337836
10.78_377.1929m/z	0.132151575	0.303514303	0.033872
9.27_459.0923m/z	1.049790046	0.127524973	0.0339271
1.74_141.0398m/z	-0.056232633	0.168889465	0.0340026
1.50_186.1060m/z	-0.113419048	0	0.0340053
9.75_605.2704m/z	0.418787243	0.024654599	0.034021
12.92_283.1523m/z	-0.103016072	0.007560483	0.0341384
6.25_234.1236m/z	0.15076359	0.666601095	0.0341861
7.88_265.9800m/z	0.070778347	0.229939272	0.0342268
7.57_114.0907m/z	0.086884519	0.571623818	0.0342874
8.74_271.1647m/z	-0.166184948	0.436159524	0.0343416
1.44_130.0855m/z	0.176282853	0.17225476	0.0343612
10.11_525.3276m/z	-0.311642575	1.526005312	0.0345255
7.70_319.1646m/z	-0.123715954	0.02935703	0.0346015
11.65_183.1024m/z	0.153683157	0.202128192	0.0346576
11.23_295.2260m/z	0.111371254	0.123906344	0.0347217
8.09_135.0434m/z	-0.389759519	0.251997363	0.034762
11.57_385.2047m/z	-0.064073761	0.037359374	0.0347893
10.06_361.2046m/z	0.061757584	0.103570242	0.0348801
6.65_132.0800m/z	0.026956783	0.080680235	0.0349406
7.76_929.2397m/z	-0.161008918	0.065625795	0.0350244
13.37_451.3601m/z	-0.035250893	0.058062929	0.0351824
9.88_187.0624m/z	-0.196224788	0.272809411	0.0355054
13.40_368.1475m/z	0.038918647	0.025225876	0.0355577
9.83_177.0540m/z	0.271412689	0.503507633	0.0356943
8.22_263.0535m/z	0.257793713	0.011136163	0.0357277
10.97_368.0156m/z	-0.060065834	0.26829039	0.0357448
9.72_397.1512m/z	-0.134568304	0.063992224	0.035783
8.02_153.1264m/z	-0.17239333	0.04802705	0.0358068
10.31_137.1321m/z	0.139739589	0.334827231	0.0362099
9.26_299.0649m/z	-1.877775449	0.12152244	0.0362893
1.74_113.0340m/z	0.082124521	0.212892489	0.0364601
11.11_285.1876m/z	-0.107859175	0.244342346	0.0367987
11.51_211.0360m/z	-0.136352778	0.348336333	0.0370339
12.03_295.2260m/z	-0.107798225	0.29030952	0.0370653
10.11_244.0799m/z	-0.217044793	0.298664334	0.0372999
10.13_345.2053m/z	-0.242841725	0.177973874	0.037402
8.96_365.2315m/z	-0.078617785	0.027730032	0.0375263
11.67_321.2569m/z	-0.453709121	0.321463412	0.0376469
9.37_288.9638m/z	-0.561418064	0.125609226	0.0376996
13.38_422.3230m/z	-0.083414928	0.126241836	0.0378529
8.97_163.1317m/z	0.071576509	0.408208836	0.0378704
11.33_401.3410m/z	-0.145691594	0.248042264	0.0379311
7.16_130.1582m/z	0.04614506	0.162113718	0.0380189
9.89_366.0707m/z	-1.067307975	0.200840099	0.0381179
6.52_195.1124m/z	-0.056968399	0.07500988	0.038345
1.19_708.8067m/z	-0.01418346	0.098050446	0.0383653
10.64_283.1721m/z	-0.178611731	0.273000729	0.0386643
11.50_285.1229m/z	0.225620386	0.117573374	0.0387592
7.86_280.9928m/z	0.042503292	0.18526443	0.0388148
8.96_329.2104m/z	-0.191251568	0.778319789	0.0388609
10.29_289.2482m/z	0.049881824	0.212500561	0.0390585
12.23_560.2986m/z	-0.105682619	0.088566981	0.0391018
13.18_492.2716m/z	-0.044481701	0.132977052	0.039111
11.14_207.1736m/z	-0.178089398	0.26769713	0.039194
9.35_251.1251m/z	-0.121627532	0.365961276	0.0394025
7.93_165.0553m/z	0.053088603	0.15819645	0.0394315
1.19_172.9407m/z	0.025472169	0	0.0395879
2.77_259.1898m/z	0.13480173	0.425602921	0.0397975
9.31_229.0173m/z	-0.066064056	0.07987824	0.0398713
11.84_175.1474m/z	0.091652055	0.363128128	0.0399801
9.72_297.1247m/z	-0.123737233	0.017039419	0.040032
7.08_133.1002m/z	-0.676505766	0.266278045	0.0400499
12.44_514.2154m/z	-0.074382076	0.060407872	0.0401207
1.04_146.9620m/z	0.017021645	0.009406327	0.0402727
10.05_121.0640m/z	-0.276151844	0	0.0404441
6.96_171.1002m/z	-0.388028919	0.024656438	0.0405617
9.50_336.2167m/z	-0.23068795	0.405249553	0.0406478
13.03_424.3432m/z	0.095661838	0.12884171	0.0406927
11.23_350.2098m/z	0.021215174	0.012941368	0.0407002
10.49_417.3353m/z	-0.158858801	0.842473726	0.0409155
9.03_214.1446m/z	-0.024755887	0.060123475	0.0411391
7.97_335.2223m/z	0.276856726	0.89374109	0.0412158
1.20_264.8439m/z	-0.024145751	0	0.041509
3.64_259.1897m/z	0.153732144	0.319414318	0.0416258
11.61_237.1477m/z	-0.136628864	0.224039491	0.041895
1.74_130.0850m/z	0.080889245	0.353581569	0.0420539
8.11_189.1019m/z	1.130579991	0.36350408	0.0424381
11.49_387.2520m/z	-0.049149292	0.090312953	0.042489
8.12_156.1376m/z	-1.58890663	0.439362987	0.0426448
9.45_253.1931m/z	-0.376290607	0.186000929	0.0428071
6.65_190.0757m/z	0.042193563	0.162142736	0.0429226
11.61_329.2354m/z	0.04434593	0.068997513	0.0429996
12.35_470.3143m/z	-0.094640454	0.205245742	0.0432768
11.70_395.2989m/z	-0.166284238	0.481892908	0.0435446
10.29_288.1539m/z	0.075515009	0.345918802	0.0437283
10.38_327.2402n	-0.095909352	0.228232519	0.0438511
1.41_68.0489m/z	-0.166880174	0.52154606	0.0438876
8.51_160.0749m/z	0.166542778	0.529554226	0.0439961
9.08_349.1459m/z	-0.804404027	0.515294534	0.0443785
10.16_371.1891m/z	0.027199092	0.072574199	0.0447743
9.56_399.1769m/z	-0.407730715	2.393340303	0.0448627
10.84_303.1955m/z	-0.27646047	0.051944202	0.0449844
8.64_135.1157m/z	-0.249193019	0.069020422	0.0452808
10.58_413.2656m/z	0.037915725	0.151908841	0.0454795
11.63_295.2249m/z	-0.224859919	0.958216626	0.045667
9.34_399.0455m/z	-0.759461298	0.295875233	0.0462634
11.74_524.3353m/z	-0.083039128	0.260765572	0.0463116
12.55_434.2074m/z	0.100149401	0.105321253	0.0463767
10.40_188.0924m/z	-0.179158556	0.14982936	0.0464268
10.57_319.1939m/z	0.106318403	0	0.0464348
11.83_272.1112m/z	-0.182781706	0.593151665	0.0465512
8.50_340.0407m/z	0.114751264	0.256885513	0.0465737
1.53_400.9353m/z	0.047512348	0.081153244	0.04658
10.70_533.1795m/z	0.074693077	0.08748249	0.0466357
10.69_323.0443m/z	-0.123211261	0.087063036	0.0466764
9.57_285.1798m/z	-0.501349097	0.194612658	0.0467013
7.41_553.0494m/z	0.100257718	0.013608104	0.0467638
1.81_146.9824m/z	0.030578541	0.02452867	0.0468231
10.41_171.1389m/z	-0.057669751	0.142349138	0.0468545
1.70_115.0495m/z	0.346576734	0.761176378	0.047235
11.41_211.1335m/z	0.059005284	0.093995385	0.0473056
8.79_677.2407m/z	-0.095958424	0.050424604	0.0475657
10.97_427.1320m/z	-0.09495253	0.269678094	0.0476062
12.10_291.1195m/z	-0.155200628	0.504992966	0.0476672
11.83_142.1354n	-0.03717224	0.269687792	0.0477583
8.87_431.2277m/z	0.055712311	0.023103713	0.0478277
9.54_244.0798m/z	-0.170542046	0.351617543	0.0478559
1.43_347.0743m/z	-0.126468377	0.086815801	0.0478718
10.18_223.1321m/z	-0.423852965	0.601065727	0.0478823
3.38_123.0432m/z	-0.09173867	0.546264387	0.0481504
7.28_402.2325m/z	-0.14775386	0.075042917	0.0482086
8.12_151.0216m/z	-0.147531366	0.022918711	0.0484321
10.76_601.2229m/z	-0.162788077	0.031902016	0.0484618
12.57_652.2168m/z	-0.060090885	0.172566105	0.0484678
6.62_507.0958m/z	0.032869374	0.03428009	0.048471
8.36_147.0447m/z	-0.117442859	0.079483794	0.0484969
10.82_215.1651m/z	-0.26821292	0.145601035	0.0488803
1.77_172.9881m/z	0.040787166	0.047851972	0.0490564
9.70_281.2259m/z	0.145129958	0.360607153	0.0491313
9.66_331.1911m/z	0.043704167	0.018785931	0.0491758
9.18_315.2312m/z	-0.301540302	0.028401334	0.0493147
12.10_369.1941m/z	-0.627725731	0.290629959	0.04956
11.43_270.2788m/z	-0.13037202	0.216364366	0.0496187
8.07_252.0169m/z	-0.410519588	1.199989913	0.0496207
8.20_447.0920m/z	0.261139725	0.106167248	0.0499934
10.08_163.1228m/z	0.198976441	0.954688759	0.0500967
11.00_491.1873m/z	0.188317555	0.138469771	0.0501826
7.83_277.0024m/z	0.4968941	0.10634419	0.0503778
9.05_363.2158m/z	0.089469319	0.316868274	0.0505616
10.69_391.0314m/z	-0.15883299	0.614131084	0.0510829
1.12_444.1119n	0.05457614	0.120424768	0.0511047
7.00_327.2008m/z	0.059798226	0.312639617	0.0511275
7.98_208.1325m/z	-0.191861876	0.960046818	0.0511934
18.17_72.0438m/z	0.155603515	0.626460931	0.05122
12.55_680.2112m/z	-0.098056708	0.074005025	0.0514772
8.66_140.1064m/z	1.154888162	0.278935826	0.0514952
9.64_547.1427m/z	0.777370984	0.273179912	0.0516704
12.59_482.2863m/z	-0.188607522	0.297015747	0.0517578
8.85_253.1345m/z	-0.109819248	0.049854783	0.0517718
8.05_350.1509m/z	-0.056718257	0.08577588	0.0520122
9.08_332.1825m/z	-0.317664209	0.551350869	0.0520329
7.18_361.1581m/z	0.382339037	0.844457494	0.0521346
12.47_421.2191m/z	0.504982611	0.348627964	0.0525664
10.54_264.1350m/z	0.348360649	0.116524244	0.0528648
12.54_502.2912m/z	-0.061271673	0.042498067	0.053067
12.60_97.9992m/z	0.290793385	0.798198815	0.053117
1.77_136.0385m/z	0.496004744	0.400722962	0.0534588
8.09_279.1371m/z	-0.204584986	0.175373746	0.0536572
9.74_155.0711m/z	-0.185649162	0	0.0537048
8.98_269.0099m/z	0.228553945	0.073055413	0.0537221
7.60_490.2846m/z	-0.151688954	0.005931967	0.0538142
12.10_251.1272m/z	-0.08574939	0.349198226	0.0539057
9.99_277.1405m/z	-0.149878513	0.297550507	0.0540492
10.62_399.3449m/z	0.082686795	0.132247986	0.0541093
10.34_449.2124m/z	-0.439086591	0.023938118	0.0542698
11.35_243.1960m/z	0.160169317	0.145805735	0.0543558
7.71_146.0593m/z	-0.638765556	0.354470644	0.0544844
7.62_395.0961m/z	-0.739361643	0.057889714	0.0545724
8.81_313.2156m/z	-0.237290886	0.259225321	0.0549513
10.27_514.1245m/z	0.110003927	0.467296568	0.0549736
11.70_414.2722m/z	0.280687061	0.17517608	0.0550754
8.06_260.1854m/z	-0.055641513	0.051982383	0.055243
10.46_383.1532m/z	0.022086078	0.031393318	0.0554729
9.87_188.0699n	-0.673764101	0.243323583	0.0555693
10.02_382.2578m/z	-0.324302892	0.410890773	0.0557583
9.87_249.1129m/z	-0.14267756	0.031302292	0.0560063
9.03_315.1333m/z	-0.175876243	0.234444689	0.0560412
13.19_500.2732m/z	0.101763117	0.062516713	0.0561179
12.43_349.2214m/z	0.180021106	0.965463786	0.0564522
10.56_194.0085m/z	0.59681361	0.063785944	0.0566877
14.01_1041.6892m/z	0.009994012	0.065130537	0.0566918
12.17_249.1844m/z	0.266364579	0.124467638	0.0568129
9.72_337.1168m/z	-0.246148292	0.113597835	0.0569393
10.74_359.1162m/z	-0.168708641	0.24958804	0.0569662
10.77_634.2636m/z	0.139431758	0.14243775	0.0569728
12.08_357.0925m/z	-0.076214148	0.314114117	0.0570105
10.97_517.1036m/z	0.122880196	0.00782837	0.0570523
11.31_424.2463m/z	0.301193468	0.131831842	0.057053
10.10_159.1023m/z	-0.069342621	0.106615012	0.0571725
14.92_590.3804m/z	0.314114128	0.105064513	0.0571751
9.66_411.2376m/z	0.109357192	0.105969314	0.0573852
12.27_237.1494m/z	0.121089758	0.036613136	0.0575054
9.81_183.1371m/z	0.173952992	0.901335512	0.0575082
1.25_74.0596m/z	0.19860214	1.075393565	0.0578341
10.09_435.0653n	2.062744666	0	0.0580962
10.09_523.3146m/z	-0.223723909	1.174185852	0.0581937
7.25_185.1276m/z	0.148325996	2.008198201	0.0584182
11.77_359.2436m/z	0.293747577	0.245410881	0.0586826
7.78_175.0334m/z	0.084197123	0.343883583	0.0587783
10.60_252.1361m/z	0.168540078	0.711042437	0.0588561
11.88_253.1443m/z	-0.08097103	0	0.0589159
1.25_130.0490m/z	-0.039002274	0.206466637	0.0591584
10.70_289.2520m/z	0.292585903	0.346838639	0.0594482
7.90_337.0381m/z	-0.338829854	0.147653609	0.0594743
11.29_272.1114m/z	-0.193805316	0.520728529	0.0595927
7.37_135.1161m/z	-0.266659133	1.594233723	0.0596126
10.71_373.2727m/z	-0.494986071	0.615204093	0.0597764
8.80_455.1711m/z	-0.094856135	0.220682788	0.0598725
1.24_261.0105m/z	-0.448288753	0.053848013	0.0600217
9.91_488.1914m/z	-0.161351746	0.048796093	0.0601125
12.44_465.2093m/z	0.134665279	0.046027319	0.0604024
1.20_782.6048m/z	-0.05490124	0.217076116	0.0605893
12.10_209.1166m/z	-0.078573339	0.358781782	0.0611214
9.40_215.0363m/z	-0.372093217	0.468752342	0.0612247
6.83_244.1538m/z	-0.167970809	0.306884483	0.0613669
7.19_416.2845m/z	0.073751404	0.331765087	0.0614434
10.50_213.0130m/z	-0.091677906	0.01732497	0.0615355
10.49_369.1722m/z	0.116036613	0.090199081	0.0616083
9.73_315.1331m/z	-0.330192941	0.362341189	0.061759
9.79_496.2080m/z	-0.08667735	0.148948449	0.0618647
10.46_448.1420m/z	0.288999591	0.269636883	0.0619098
9.57_209.1164m/z	-0.185535416	0.488313118	0.0619298
10.45_425.2209m/z	0.251398295	0.358735155	0.06197
8.70_141.0916m/z	-0.171289555	0.454961462	0.0620353
7.46_160.1324m/z	-0.319271541	0.834702244	0.0621402
1.11_309.2029m/z	0.11279035	0.369057786	0.0621986
1.16_973.2689m/z	-0.089214309	0.45892523	0.062323
9.90_199.0247m/z	0.497788999	0.045005365	0.0624232
9.40_191.0696m/z	-0.665539009	0.166815901	0.0624959
12.06_353.2295m/z	-0.150905756	0.068736944	0.0625041
12.85_550.3144m/z	-0.056614822	0.183996798	0.0626513
9.47_281.0098m/z	0.26467263	0.103741165	0.0627244
1.77_231.0832m/z	0.382490662	0.289512838	0.0627911
1.21_177.0502n	-0.07653273	0.227362224	0.0628203
13.61_281.2493m/z	0.029696027	0.043325988	0.0628678
13.60_615.3481m/z	0.063403251	0.06397612	0.0630727
9.03_259.0959m/z	-2.243997043	0.149315176	0.0632078
8.36_250.0331m/z	-0.170276211	0.031355972	0.0632647
12.99_407.2198m/z	-0.053895223	0.148605879	0.0632867
1.74_123.0436m/z	-0.051572515	0.258074297	0.0636082
9.72_329.1746m/z	-0.066271091	0.053118075	0.0637636
10.29_173.1314m/z	0.189155737	1.325540285	0.0638361
10.00_149.0604m/z	-0.471068229	0.253682687	0.0640911
10.79_379.1939m/z	0.204049494	0.053443104	0.0641176
9.69_262.0622m/z	-0.933412609	0	0.0641599
9.48_413.2534m/z	-0.390828459	0.108727437	0.0643963
7.93_211.1435m/z	-0.104327452	0.324574551	0.0644304
10.54_247.1323m/z	0.315848309	0.062924652	0.0649907
8.27_645.1467m/z	0.378084453	0.073102176	0.0652197
12.46_362.2445m/z	-0.124619025	0.095298517	0.0654547
1.36_87.0433m/z	0.42698207	1.765875176	0.0654978
9.39_137.0241m/z	-0.073767703	0.040850763	0.0657257
11.07_345.2810m/z	-0.602458192	0.380363098	0.0660365
10.56_161.1314m/z	0.125877641	0.843157178	0.0660405
1.75_295.0657m/z	0.548196553	0.340615352	0.0660465
11.00_641.1237m/z	0.125000149	0.1209592	0.0661525
3.77_73.0642m/z	0.262848554	1.207127351	0.0661564
1.26_99.0795m/z	0.576694291	2.185046916	0.066219
10.46_757.3080m/z	-0.05065913	0.595629892	0.0664664
9.65_505.1478m/z	0.144601136	0.027470406	0.066811
9.25_169.1209m/z	-0.281946897	0.768586484	0.0669025
11.18_208.1697m/z	0.200639204	0.938449514	0.0671088
1.74_136.0750m/z	-0.030950254	0.243414854	0.0672612
11.74_213.1860m/z	-0.233465534	0.183976897	0.0672708
12.75_634.2442m/z	-0.076295541	0.0935766	0.0673378
9.77_414.0263m/z	-4.791247941	0.217260145	0.0673551
11.36_326.2160m/z	-0.103817347	0.031878647	0.0681675
13.03_468.3325m/z	0.050977527	0.028571525	0.0687641
9.38_205.0113m/z	-0.503586556	0.123752707	0.0687782
8.31_273.0436m/z	0.310424961	0.030073672	0.069576
0.73_155.0694m/z	0.1786615	0.543033052	0.0696733
9.77_308.1940m/z	0.235385446	1.705165772	0.0699551
10.68_505.1469m/z	-0.108025939	0.269815492	0.0703729
7.77_212.1183m/z	0.272414635	1.447723677	0.070695
10.03_236.9805m/z	-0.42209045	0.090943804	0.0707518
8.64_170.0593m/z	-0.566375382	1.291214649	0.0708351
9.76_478.2047m/z	-0.862553639	0.079036042	0.0708469
12.71_543.3141m/z	-0.328188423	0.005905552	0.071099
12.27_437.3463m/z	-0.604455245	0.584742783	0.0713731
11.45_464.3358m/z	-0.249058326	0	0.0715551
1.32_146.0823m/z	-0.059720444	0.032174127	0.071606
7.52_252.1488m/z	-0.639667915	0.583995592	0.0716341
9.08_227.0919m/z	-0.218180367	2.952495387	0.071885
11.02_369.1998m/z	0.146704586	0.254730757	0.0721034
9.04_563.1770m/z	-0.463672981	0.153935181	0.0721762
1.25_60.0804m/z	-0.245882784	0.844023623	0.0723506
1.75_86.0960m/z	0.025399655	0.053569352	0.0724916
1.33_653.1901m/z	0.304754683	0.885499104	0.072669
9.21_207.1583m/z	-0.306571862	1.7806408	0.0727705
11.23_418.1969m/z	0.134390329	0.014560951	0.0731141
13.01_550.2420m/z	-0.122612532	0.41759911	0.0731757
12.57_452.2778m/z	0.012736119	0.014804882	0.0735038
1.33_61.0395m/z	0.025735581	0.050376806	0.0738424
12.37_452.3122m/z	1.016100738	0.2675017	0.0741093
13.26_1061.6539m/z	0.048463751	0.117263774	0.0741397
9.27_511.2539m/z	-0.320641178	0.112881412	0.0745181
1.16_939.2753m/z	-0.102486401	0.440399762	0.0748728
7.29_231.1005n	0.480815374	1.466540624	0.0749542
8.51_158.0608m/z	0.108297693	0.275159096	0.0752111
10.13_219.1736m/z	-0.349089708	1.891201656	0.0752546
9.86_209.1150m/z	-0.191958609	0.098459405	0.0754276
9.00_135.1159m/z	-0.409484843	0.172383275	0.0758352
14.40_574.3113m/z	0.158027255	0.103773152	0.0758752
12.03_637.1559m/z	0.248317707	0.101161873	0.0760099
11.31_153.1267m/z	0.213778341	0.681266948	0.0760851
13.70_435.2502m/z	0.020704497	0.018757362	0.0762752
12.20_327.0058m/z	0.27906124	2.603275979	0.0765969
11.83_172.1688m/z	-0.260080706	0.244083241	0.0766929
10.29_181.1581m/z	0.095824245	1.497553761	0.0768367
12.44_446.2278m/z	-0.042606842	0	0.0769008
10.43_413.2660m/z	0.096244136	0.495977936	0.0771429
9.39_93.0344m/z	-0.136645644	0.11917955	0.0772307
11.41_205.9412m/z	0.281185513	0.025291238	0.0773472
10.55_167.9927m/z	0.600024979	0.634641199	0.0775072
1.74_165.0540m/z	-0.031469436	0.217591163	0.0777092
9.93_151.0375m/z	0.654160393	0.196682209	0.077837
9.66_375.1805m/z	-0.244585109	0.284309962	0.0779357
10.45_381.1367m/z	-0.115285837	0.166944093	0.0779515
8.82_331.2264m/z	-0.291521589	0.177180314	0.0780494
3.59_262.1639m/z	0.279729922	0.930387396	0.0780992
11.61_375.2869m/z	-0.276676784	0.07526701	0.0781487
1.27_105.0695m/z	0.538099593	2.910928969	0.0782248
15.24_437.2666m/z	0.053997123	0	0.0785918
12.09_290.1128n	-0.060257726	0.273318423	0.0786371
1.52_174.0998n	-0.183142772	0.363273458	0.0787015
10.72_368.1878m/z	-0.955396038	0.714379689	0.0787754
12.75_662.2388m/z	-0.309866552	0.006892812	0.0790026
9.68_273.2208m/z	0.281289579	0.121187623	0.0792978
1.77_247.0444m/z	-0.201632698	0.091030022	0.0793726
10.60_397.1693m/z	-0.342194293	0.073196232	0.0793747
8.37_345.1139n	-0.258741451	0.691783588	0.0795686
11.33_183.1024m/z	-0.398219214	0.080287151	0.0796338
1.39_132.0762m/z	0.063409767	0.091525168	0.079741
9.61_203.0615m/z	0.247279676	3.058681409	0.0798036
10.70_465.1922m/z	0.038763121	0.061431745	0.0798123
10.16_239.1285m/z	-0.258385303	0.095976199	0.0798652
9.21_281.1656m/z	-0.213263528	1.466020882	0.0799976
11.75_289.2154m/z	0.388836195	0.546062773	0.080457
9.11_456.2215m/z	1.16854219	0.054184413	0.0805622
7.45_121.0292m/z	-0.100630222	0.250279913	0.0807506
18.08_84.9589m/z	-0.08300941	0.488682258	0.0808096
1.41_132.1000m/z	0.980683591	1.544258524	0.0811394
13.29_571.3253m/z	0.23197186	0.548652685	0.0812767
8.21_474.0260m/z	0.25293875	0.060707438	0.081478
6.64_204.0881n	0.019604514	0.051593392	0.0815724
1.80_170.0954m/z	0.203403245	0.766569812	0.0824777
7.90_311.1396m/z	-0.203340348	0.756121475	0.0827214
9.96_237.1105m/z	-0.274371293	0.332580671	0.0828127
8.79_472.1613m/z	0.220935292	0.176983129	0.0828375
0.46_155.0695m/z	0.210882207	1.31270207	0.0830075
13.91_457.3479m/z	0.301914865	1.239689875	0.0830916
10.52_254.1723m/z	-0.133377887	0.879166228	0.0834544
10.03_599.2001m/z	-1.425652963	0.389217443	0.0835184
8.54_335.0225m/z	-0.138080383	0.121797149	0.0839221
12.75_278.2086m/z	-0.040929478	0.362962813	0.0841412
10.88_495.2022m/z	-0.320611747	0.21316343	0.0841892
0.10_61.0283m/z	0.207770326	1.543248436	0.0845055
8.13_332.2379m/z	-0.787115661	0.135130714	0.0845149
1.16_837.2941m/z	0.123975496	0.044558083	0.0845216
8.75_194.0618m/z	-1.087403052	0.259284491	0.0845421
18.14_182.9609m/z	0.089325601	0.353311086	0.0846499
9.28_165.0917m/z	-0.469944227	0.142187632	0.0847566
10.98_573.1357m/z	0.094628789	0.053072433	0.0847899
14.51_667.2740m/z	-0.055576749	0.114871823	0.0849491
14.27_428.3725m/z	-0.019758647	0.024747001	0.0850466
10.40_465.1356m/z	-0.149408967	0.149763751	0.0850639
12.75_195.1373m/z	-0.47096698	1.411671138	0.0853886
8.69_283.9843m/z	-0.188357048	0.080059408	0.08553
11.91_330.2468m/z	-0.133295529	0.36331857	0.0857087
1.11_185.1141m/z	0.119191481	0.606851404	0.08586
10.63_298.1846m/z	-0.181717765	0.180972919	0.0858777
9.13_123.0909m/z	0.17546129	2.446159434	0.0859572
9.08_337.0380m/z	0.815121295	0.770008606	0.0860216
1.14_803.3000m/z	0.152985139	0.161056508	0.0860608
11.94_478.1958m/z	-0.368454739	0.145454707	0.0862676
7.64_548.3623m/z	0.139136301	0.905280874	0.086403
10.50_378.1009m/z	-0.267142998	0	0.0864873
9.94_421.1530m/z	-1.389439293	0.083487623	0.0864975
16.92_227.2016m/z	0.028790537	0.026706315	0.0865113
9.30_331.1280m/z	0.433235346	0.52121569	0.0866327
9.37_272.9986m/z	-1.098862141	0.167233142	0.0869633
1.73_363.0236m/z	0.316216586	0.720791771	0.086971
10.08_428.2759m/z	-0.735889542	0.631042198	0.0874564
13.70_1037.6555m/z	-0.027400904	0.119416187	0.0874881
8.09_489.1323m/z	-0.500347159	0.359402303	0.0875228
9.87_172.0750m/z	-0.415471791	0.545786469	0.0877628
9.08_299.1385m/z	-0.240116826	0.287418478	0.0878984
9.56_411.2378m/z	-0.222019587	0.103893951	0.0879443
0.13_208.9429m/z	0.312899505	1.284615131	0.0879758
7.36_462.9708m/z	-0.135934581	0.09890256	0.0880726
8.96_347.2210m/z	-0.128188784	0.064934307	0.0882249
9.55_162.9534m/z	-0.494098287	0.033676606	0.0882466
10.55_151.0745m/z	0.386741861	0.117521	0.0883897
9.46_266.1722m/z	0.200527791	1.839012547	0.0884123
9.72_221.0807m/z	-0.479597425	0.319919335	0.088429
10.95_241.1803m/z	-0.277476937	0	0.0886601
12.09_470.3252m/z	-0.848907612	1.265377764	0.0887079
14.35_339.2888m/z	0.130303908	0.230212946	0.0888918
13.24_528.2979m/z	-0.205266728	0.500362397	0.0889231
12.98_678.2328m/z	-0.051026928	0.095012497	0.0891868
1.68_133.9033m/z	0.191492675	0.827038224	0.0895481
10.70_223.0955m/z	-0.046003764	0.000415819	0.0896921
11.70_506.2397m/z	-0.255036778	0.004271376	0.0899088
11.69_495.3774m/z	-0.516009661	0.479004524	0.0899552
10.27_511.2178m/z	0.096234941	0.014806679	0.0899817
1.76_737.0536m/z	0.060335382	0.151077822	0.0900956
12.27_428.2782m/z	-0.580583858	1.169052882	0.090156
1.37_83.0597m/z	-0.464363912	0.621238825	0.0901715
6.49_122.9631m/z	0.223414077	1.554163924	0.0902864
10.03_282.1332m/z	1.058384991	0.354765441	0.0903737
9.04_138.0540m/z	-0.727115096	2.294594762	0.0905775
10.26_128.0023n	1.599184763	0.262134166	0.0907552
6.56_105.0691m/z	0.200029939	1.390928766	0.0908792
1.31_258.9816m/z	-0.15309163	0.039469767	0.0909265
1.73_466.0154m/z	0.744537671	1.22524515	0.0912367
8.11_224.1046n	-0.207201464	0.089123308	0.091579
11.31_604.3249m/z	-0.336033646	0.258857071	0.0916329
6.98_240.9784m/z	0.177475118	0.080067241	0.0916788
10.31_310.0176m/z	0.233617197	0.058251112	0.0917671
7.75_417.0746m/z	0.063647539	0.302106642	0.0918513
12.34_580.2866m/z	-0.070719301	0.141114664	0.0918932
11.09_179.1802m/z	-0.154469458	0.256422039	0.0919307
1.31_78.9180m/z	-0.038668008	0.260137432	0.0920982
8.08_512.2081m/z	-0.392629249	0.028369344	0.0922601
12.23_277.2156m/z	0.560444	0.301626257	0.0925781
10.26_181.1595m/z	0.204306468	0.704235039	0.0926213
6.77_283.1746m/z	0.150869448	0.957838111	0.0931665
11.75_335.1857m/z	-0.356755778	0.170991648	0.0932394
9.81_268.1164m/z	-0.599231814	0.358370246	0.0932399
9.41_353.0959m/z	-1.22856081	0.091597022	0.0934732
12.99_541.3242m/z	-0.033710934	0.081285716	0.0939762
9.43_360.1019m/z	-4.108835023	0.46795304	0.0940594
8.06_466.0562m/z	-0.652243127	0.216042852	0.0941307
11.68_511.3007m/z	-0.134560284	0.105780335	0.0941701
9.96_169.1231m/z	-0.169246494	0.332983429	0.0945723
8.72_159.0308m/z	0.344611564	1.00969001	0.0946551
1.85_161.0953m/z	0.340079607	2.638141895	0.0950361
9.83_144.0815m/z	-0.875694093	0.066566876	0.0952748
10.55_179.1422m/z	0.181024479	1.44993928	0.0956056
1.73_334.1127m/z	0.260036795	0.856785283	0.0957066
9.21_246.0753m/z	0.21352786	0.157419465	0.0957817
1.85_341.0169m/z	0.076771289	0.444321643	0.0959624
11.18_264.1574m/z	0.408162468	2.362991864	0.0962507
10.00_236.1289m/z	0.605625831	0.562073536	0.0965319
13.43_483.2466m/z	0.33378531	1.212860583	0.0965809
8.09_267.9945m/z	-0.318970453	0.307940457	0.0965862
18.29_184.8839m/z	0.136238838	2.365816053	0.0966341
11.06_514.3360m/z	-1.556364702	0.823960859	0.0967415
12.22_335.2186m/z	0.301658014	0.024113454	0.0968791
13.23_385.2729m/z	-0.156894984	0.2567796	0.0969957
7.39_152.0466n	0.108970078	0.184612214	0.0970348
13.41_337.2731m/z	0.155829069	0.182064613	0.0970883
10.31_241.1051m/z	-0.668529813	0.002242396	0.0971162
9.93_409.2222m/z	-0.168238701	0.02304967	0.0971236
9.66_379.1930m/z	0.200975313	0.215663057	0.0971978
11.48_386.2449n	0.055896884	0.02207301	0.0973799
12.76_253.2179m/z	-0.090176616	0.260544749	0.0974973
8.22_83.0135m/z	0.305420464	0.050079405	0.0975944
7.76_243.0353m/z	-0.152544157	0.224216306	0.0978066
13.19_479.2953m/z	0.095767762	0.044837761	0.0981111
12.88_268.2264m/z	-0.380423537	3.061464264	0.0985121
9.63_549.1749m/z	0.134531166	0.061143677	0.0987055
9.37_449.1104m/z	1.392042709	2.387769427	0.0989739
9.83_272.0255m/z	-0.989820228	0.165931071	0.0991569
9.83_318.0291m/z	-0.343347648	0.398240862	0.0995887
9.15_310.0305m/z	-0.407788987	0.157040222	0.0997745
13.40_534.2113m/z	0.24569904	0.327796815	0.10012
9.01_153.1265m/z	-0.525110294	0.199237571	0.100125
10.93_68.9940m/z	-0.363137501	4.096849759	0.100207
11.67_263.0552m/z	-0.101431408	0.540048417	0.100353
1.15_1029.2751m/z	-0.092016911	0.413129259	0.100382
9.07_219.0275m/z	-0.462619323	1.136464209	0.100399
7.19_370.2195n	0.11749534	0.536474302	0.100689
19.80_128.9496m/z	0.301661073	1.378216339	0.10088
9.05_519.1273m/z	-0.253342253	0	0.101099
1.60_176.1272m/z	-0.336024593	0.394246881	0.101164
1.31_260.9796m/z	-0.13082898	0.008032711	0.10135
1.75_132.1012m/z	0.030942437	0.079187152	0.101759
11.27_370.2035m/z	-0.71665097	0.476577424	0.101871
7.92_294.0228m/z	0.156921307	0.279100958	0.101942
12.02_279.0272m/z	0.188425557	0.171384566	0.102163
10.80_317.1148m/z	0.115944781	0.314499205	0.102199
9.72_269.1315m/z	-0.320009031	1.081472188	0.102433
10.55_467.0834m/z	0.41335705	0.26855871	0.102542
10.02_219.1736m/z	-0.36718996	2.445599283	0.102842
9.69_255.2102m/z	0.244912137	0.106648876	0.103057
11.59_487.2727m/z	-0.331077864	0.426777852	0.103295
7.52_458.2715n	0.103720405	0.565597181	0.10347
10.49_253.1944m/z	0.14668548	0.120453996	0.103551
12.62_390.2384m/z	0.161451123	0.379737945	0.103904
10.41_239.1265m/z	-0.301081356	0.411736139	0.104248
12.10_345.2099m/z	0.077307332	0.065975491	0.104835
12.09_223.1337m/z	-0.097804796	0.35310148	0.104972
12.58_580.2868m/z	-0.02736381	0.059342591	0.105244
18.09_621.3035m/z	-0.072028043	0.195437388	0.105349
1.73_451.0499m/z	0.567007139	0.826513618	0.105355
10.37_257.2261m/z	-0.315261164	0.218847313	0.105971
10.56_339.2672m/z	-1.052041353	1.071500708	0.10608
1.07_384.8786m/z	-0.134708014	0.607484187	0.106422
11.28_179.0709m/z	0.191396942	0.09395063	0.106853
10.68_400.1548m/z	-0.314886911	0.480906072	0.107654
8.25_217.0348n	-0.928225781	0.503340141	0.107662
9.05_229.9965m/z	-0.587282432	0.420679517	0.10779
12.21_379.2087m/z	0.271865167	0.017525239	0.108088
1.44_382.0541m/z	0.342095233	0.105040727	0.108244
11.59_309.2032m/z	0.166934985	2.195206551	0.108325
10.05_135.0797m/z	-2.102618033	0.216387953	0.108614
9.83_351.0035m/z	-1.237914032	0.037045684	0.108953
10.64_625.3581m/z	-0.124372436	0.205653488	0.108954
1.11_239.0882m/z	0.045301584	0.241124426	0.109407
7.94_268.1905m/z	1.687068136	0.060849305	0.109521
9.77_392.0444m/z	0.291263942	0.032242883	0.109638
11.34_639.4114m/z	-0.37712657	0.074030775	0.110015
13.01_493.2873n	-0.250923618	0.729286235	0.110048
7.75_350.0948n	0.064196586	0.300468382	0.110206
12.46_366.2443m/z	-0.688277225	0.025340037	0.11026
6.70_310.9297m/z	0.278387528	0.379785842	0.110419
1.75_202.1180m/z	-0.639472594	0.566719923	0.110624
10.42_269.2004m/z	0.65074314	0.494464756	0.110667
10.42_513.0880m/z	0.222536886	0.307555849	0.110699
11.14_383.3298m/z	-0.344427113	0.562585591	0.110709
1.73_269.0735m/z	0.447575644	0.533093843	0.110844
11.32_526.4298m/z	0.287154042	0.856819637	0.110966
10.03_234.9836m/z	-0.33097364	0	0.111081
10.49_296.0637n	-0.906306599	0.272857436	0.11121
9.15_372.0006m/z	-0.491985673	0.243850178	0.11138
12.81_602.3092m/z	0.161395375	0.060692455	0.111549
14.52_243.1972m/z	-0.068818703	0.087644539	0.111611
9.68_302.2321m/z	-0.20819009	0.031612326	0.111771
1.17_1107.7203m/z	-0.156848318	0.33269277	0.111777
1.74_241.1542m/z	-0.232142742	0.361151476	0.111957
9.16_80.0489m/z	0.163200404	0.609441091	0.112059
9.30_299.1381m/z	-0.432456379	0.590401598	0.112232
12.92_215.1653m/z	-0.073530797	0.080039565	0.112455
6.08_131.0482m/z	-0.299118794	0.549584598	0.112785
1.11_1032.7575m/z	-0.157144499	0.311106095	0.112863
1.44_259.0139m/z	0.646394667	0.907275847	0.113171
7.75_411.0576m/z	0.119401761	0.253289534	0.113258
13.05_307.1524m/z	-0.242207118	0.012201054	0.113476
10.49_450.2052n	0.232932224	0.16671261	0.113659
9.83_149.0836n	-0.323558182	0.125786728	0.113709
1.44_201.0346m/z	-0.200567101	0.042748147	0.113814
13.72_478.3282m/z	0.035610177	0	0.113924
9.87_359.0801m/z	-0.374223539	0.115076688	0.113948
12.99_478.2932m/z	-0.010120939	0.031591775	0.114065
0.07_81.0694m/z	0.232591397	1.320822031	0.114336
9.40_415.1675m/z	-2.730335434	1.653269627	0.114403
7.98_245.0783m/z	5.600902954	0.397047366	0.11502
1.74_318.1192m/z	-0.379917747	0.039429341	0.115055
14.35_616.3613m/z	-0.108247027	0.148635843	0.115236
10.48_337.2515m/z	-0.882390357	0.621318719	0.115779
18.79_186.9553m/z	0.192164134	1.329444312	0.115788
14.98_494.3589m/z	0.292763309	0.061723508	0.1158
9.90_283.1072m/z	-7.122604351	0.094749893	0.116101
7.30_413.2651m/z	0.241918805	2.825524423	0.116191
13.01_497.3331m/z	-0.1001019	0.365708176	0.116249
13.23_474.3571m/z	0.113847378	0.092757445	0.116434
1.73_209.0550m/z	-0.179885178	1.085128711	0.116494
9.81_386.0163m/z	-0.672376069	0.250370339	0.11655
12.21_193.1213m/z	0.357908729	1.858678809	0.117038
1.28_137.0700m/z	0.69667358	0.547817816	0.117433
9.13_547.1820m/z	0.912608798	0.104189746	0.117563
8.43_228.1957m/z	0.322773221	0.992286353	0.117567
12.56_716.2620m/z	-0.183857574	0.361674508	0.117729
12.86_377.1819m/z	0.1370154	0.045700553	0.118503
8.98_285.9998m/z	-0.184490208	0.801576615	0.118918
8.04_322.9817m/z	-0.124379159	0.482866149	0.119138
9.70_426.1749m/z	-1.63192049	0.477851918	0.119236
13.27_552.3089m/z	0.055510674	0.009204	0.119308
9.83_460.0203m/z	-0.433636309	0.167326981	0.119409
9.87_480.2763m/z	-0.657721169	0.408019886	0.119504
10.25_155.1058m/z	0.164322151	2.965885141	0.119824
11.20_461.2893m/z	-0.577555913	0.132913939	0.119932
10.50_413.1358m/z	0.210560168	0.085120786	0.12012
9.17_189.0907m/z	4.65292624	0.222471685	0.120262
9.84_227.0200m/z	-0.542370383	0.513332955	0.120372
11.32_498.0741m/z	-9.195689525	0	0.120776
13.77_590.3446m/z	0.018750213	0	0.120849
10.17_448.3059m/z	0.290870468	0.443929185	0.120884
8.96_330.2266m/z	-0.383055153	0.689393768	0.120952
2.83_124.9659m/z	0.453637826	2.789296325	0.121347
10.45_366.0062m/z	0.108994175	0.007214596	0.121403
11.61_357.2781m/z	-0.153238794	0.14924842	0.121645
8.27_182.1897m/z	0.957108309	2.545392924	0.121778
6.08_169.0963m/z	0.108207247	0.473641335	0.121793
9.72_395.1622m/z	-0.217071512	0.031730048	0.121834
8.36_211.1300m/z	-0.392268626	1.489449628	0.121911
9.40_207.0315m/z	0.180231448	2.330654291	0.122222
11.68_506.2635m/z	-0.143787294	0.059210175	0.122496
1.20_104.9532m/z	-0.132079306	0.444111483	0.122931
11.31_266.8875m/z	-0.265314587	0.088045407	0.122983
13.01_466.2994m/z	0.055386143	0.087830572	0.122985
1.18_952.7497n	-0.101485524	0.549286045	0.123184
11.26_326.0151m/z	0.356638924	3.703611267	0.123267
10.72_185.1545m/z	-1.0244235	0.127971411	0.12339
1.73_158.1168m/z	-0.63934501	1.197430133	0.123493
12.73_448.2440m/z	-0.17658726	0.132724068	0.123629
7.09_209.1141m/z	-1.589845492	0.030202151	0.123642
10.08_338.2315m/z	-0.194740984	0.529410183	0.123652
1.28_163.0960m/z	0.48691363	3.435894028	0.123691
9.03_435.1273m/z	-2.268326788	0.76626292	0.123763
10.05_163.0746m/z	-3.717546393	0.580364724	0.123952
7.94_371.1070m/z	1.009537514	0.607030599	0.124026
8.60_243.0773m/z	-0.696277801	0.520210259	0.124066
9.66_392.1460n	0.110089622	0.023230146	0.124209
8.13_198.1271m/z	0.269297716	3.01799757	0.124229
8.23_401.2614m/z	0.358780796	2.461495387	0.124273
7.29_295.9567m/z	-0.405842689	0.400401823	0.124788
11.04_261.1091m/z	0.134442681	0.613035777	0.124932
9.39_479.1721m/z	-0.339097096	0.503874679	0.125026
10.68_405.1579m/z	-2.172888669	0.504902675	0.125118
9.15_378.0173m/z	-0.464928047	0.230436588	0.125278
10.40_633.0904m/z	0.25384705	0.087840674	0.125395
12.99_606.3021m/z	-0.017736845	0.040634678	0.125788
9.15_264.0248m/z	-0.853292806	0.384240323	0.126165
1.76_218.1380m/z	-0.133437624	0.074583216	0.126697
10.42_515.0879m/z	0.166880242	0.183872759	0.126794
1.67_155.9732m/z	0.760898352	1.329111533	0.126844
11.89_280.2398n	0.033880309	0.080314321	0.126892
8.69_440.0886m/z	-5.073679549	0.00411176	0.127076
18.06_799.5436m/z	0.14832821	0.311670072	0.127107
9.83_273.0488m/z	-0.564966751	0.285376059	0.127154
8.88_299.1370m/z	-0.257165283	0.257402898	0.127214
7.92_209.0452m/z	0.113940036	0.305680915	0.127306
5.81_169.0965m/z	0.122541178	0.419547191	0.127331
9.71_335.1608m/z	-0.48868956	1.968599616	0.12737
12.60_413.9730n	-0.220656449	0.114348782	0.127942
9.66_397.1772m/z	-0.099479678	0.001717116	0.127982
7.00_713.2335m/z	0.275617023	1.266161801	0.128022
8.09_699.1282m/z	-0.630367787	0.039250089	0.128108
12.38_329.1751m/z	-0.937088353	0.353428666	0.128741
11.93_549.1032m/z	-0.108957581	0.009306483	0.128792
9.83_464.2817m/z	-0.535221962	0.490898332	0.12888
10.10_302.1713m/z	2.418954848	0.141428517	0.128928
11.62_213.1496m/z	-0.348834873	0.924730492	0.129442
1.20_506.7957m/z	-0.048418236	0.101085678	0.129508
10.34_335.1005m/z	-0.298130572	0.172338065	0.129571
10.05_860.6581m/z	0.242562855	0.728625453	0.129743
9.19_170.0956m/z	0.128439705	1.087225991	0.129792
8.40_369.1433m/z	-2.035181808	0.446489559	0.130082
11.22_373.2728m/z	0.79404983	0.04863965	0.13013
8.47_417.1186m/z	-0.413532639	0.088084237	0.130254
0.07_133.9029m/z	0.340641477	1.815246126	0.13041
12.80_734.2459m/z	0.283457579	0.153447032	0.130501
8.21_390.0560n	-0.06869705	0	0.130543
8.04_464.9917m/z	-0.174070488	0.281559764	0.131416
11.68_413.2166m/z	0.436895794	0.072909503	0.132106
11.23_517.2391m/z	-2.89460695	0.140621496	0.132142
9.73_194.1172m/z	0.283244592	2.010396693	0.132321
8.22_312.9874m/z	0.861836712	0.080288718	0.132404
9.65_241.1789m/z	-0.137305828	1.736153344	0.132554
13.18_219.1736m/z	0.239687026	3.459745626	0.132709
10.45_735.3261m/z	0.137423106	0.209292713	0.132887
12.57_544.2882m/z	-0.334263241	0.147961845	0.133142
6.64_463.1042m/z	-0.174899778	0.638181538	0.133245
1.68_252.9396m/z	0.922378357	0.947791015	0.133411
9.93_127.0381m/z	0.824959358	0.045219299	0.133868
9.28_445.2339m/z	1.341780774	0.150295041	0.134028
1.26_208.0319m/z	0.712506819	3.954368039	0.134061
9.09_269.1506m/z	-0.688106339	0.037516541	0.134396
12.89_398.9356m/z	-0.1140231	0.209440409	0.134555
9.27_187.1338m/z	-0.267329395	0.40191785	0.134735
11.17_489.2696m/z	0.315707661	0.222516629	0.135019
10.89_256.1919m/z	0.075868032	0.321182179	0.135073
8.21_387.0323m/z	0.678553861	0.006906932	0.135278
12.16_657.3310m/z	-0.200345145	0.256585885	0.135361
8.07_352.1648m/z	-0.23961259	0.414773966	0.135902
9.55_123.0908m/z	0.198449633	4.13322428	0.136057
8.22_195.0659m/z	0.426652383	0.072112488	0.136211
9.17_229.0835m/z	8.109138471	0.242159275	0.136687
17.90_820.5255m/z	-0.023999667	0	0.136756
13.79_555.3245m/z	-0.073673381	0.079273152	0.136793
11.67_378.2397m/z	0.090495822	0.280556839	0.136851
6.38_208.1325m/z	-0.372477464	0.446534485	0.137078
12.34_502.2717m/z	-0.422723806	0.932921701	0.137136
8.97_144.0450m/z	-0.135942304	0.103628679	0.137347
12.58_381.2043m/z	-0.167783321	0.406981018	0.13741
9.69_408.2733m/z	0.224124897	0.885929719	0.137535
11.30_151.1473m/z	0.199005156	1.364289112	0.138441
10.38_356.2928m/z	-0.726333567	1.5850183	0.1385
12.52_431.3161m/z	-0.114923509	0.012982981	0.138662
11.30_95.0849m/z	0.215835601	1.073754303	0.13894
11.19_139.1124m/z	0.51790942	0.072569579	0.138965
10.05_211.0749m/z	-11.18716113	0.486362962	0.139048
8.08_477.1764m/z	0.540104269	0.148976601	0.139143
11.17_247.1774m/z	0.256744086	4.178651574	0.139366
9.48_297.9998m/z	0.242344855	0.02370047	0.139745
1.16_1049.2436m/z	0.194907829	0.110056576	0.14004
1.78_259.0667n	0.05174956	0.103445676	0.140089
8.74_449.1080m/z	-1.078496571	0.238136785	0.1402
1.73_358.0199m/z	0.451539936	1.337952726	0.140472
10.61_177.1647m/z	-0.244835262	0.227543331	0.140633
7.41_335.0746m/z	-0.096418572	0.049623948	0.140792
14.93_598.3851m/z	-0.40119048	0.185832343	0.140993
12.40_375.2883m/z	-0.740658299	0.529973399	0.141268
10.56_197.1530m/z	0.157524384	1.952935515	0.141431
1.45_263.9920m/z	0.778694767	0.512785241	0.14154
13.24_519.2961n	0.151779061	0.192353369	0.142216
11.44_603.2226m/z	-0.183743183	0.031791257	0.142226
14.72_355.2234m/z	0.200531254	1.059359022	0.142281
19.12_396.0854m/z	0.192285515	1.122468559	0.142746
11.26_601.2643m/z	1.277592424	0.522890327	0.143056
10.29_180.1741m/z	0.103388534	1.821020177	0.143198
14.75_462.2979m/z	-0.044505772	0.106541185	0.143216
11.33_299.1362m/z	-3.396540873	0.785378652	0.143302
12.75_579.3056m/z	-0.137361453	0	0.143438
1.66_183.9682m/z	0.57379985	1.045226046	0.143757
9.02_483.2589m/z	-0.374768462	1.019729313	0.143781
1.39_138.0540m/z	-0.31811489	0.479047708	0.144362
11.70_165.0919m/z	-0.224922733	0.521075828	0.144416
12.75_386.3259m/z	-0.271364473	0	0.144718
8.64_424.1195m/z	-11.43798789	0.404971392	0.14478
8.72_269.1505m/z	-0.160836118	0.37887567	0.144912
13.25_396.1775m/z	0.202427595	0.268159111	0.145311
13.38_612.2536m/z	0.223359564	0.20382268	0.14551
1.05_164.9295m/z	-0.185330455	1.27502736	0.145609
12.45_397.2211m/z	0.066201889	0.036497862	0.146038
6.64_159.0909m/z	0.069535027	0.405544465	0.146222
14.94_299.1608m/z	0.138583566	0.55201914	0.146286
9.00_313.1192m/z	-0.141363215	0.139662592	0.146443
10.75_483.0316m/z	-1.037089447	0.566960202	0.146493
12.75_498.2616m/z	0.06651244	0.091467265	0.146852
11.45_270.1710m/z	0.249124301	1.89365269	0.146898
8.35_279.1827n	3.426669712	0.986539188	0.147007
10.79_139.1109m/z	-0.282351113	3.150447308	0.14705
8.60_451.1398m/z	-0.741102467	0.321812248	0.147101
9.80_402.2841m/z	-0.637683909	0.540740234	0.147319
9.28_406.1284n	-0.947265384	0.123769454	0.147495
8.08_325.9997n	-0.372290204	0.117184702	0.147502
10.35_647.2629m/z	-0.482862622	0.937519551	0.147547
11.30_133.1004m/z	0.264240836	2.21363763	0.147665
9.39_297.0381m/z	-0.279269873	0.066171181	0.147717
7.80_109.0291m/z	-0.367707859	0.188350607	0.14786
12.59_374.2895m/z	0.317505024	1.81582833	0.148355
9.32_187.0969m/z	0.333860406	0.775091592	0.148427
9.27_376.2338m/z	-0.47436966	0.688969152	0.148473
9.63_545.1294m/z	0.481197447	0.073866518	0.148599
1.74_182.0806m/z	-0.054438139	0.321001158	0.148822
1.26_145.0616m/z	0.035538272	0.093995924	0.149153
1.56_60.0440m/z	0.465702281	1.543796478	0.149362
10.36_151.0393m/z	0.262164445	1.194686765	0.149484
11.32_295.2111m/z	-1.132656161	0.536776131	0.1495
10.67_519.0563m/z	-0.529119265	0.566800001	0.149914
10.31_356.0268m/z	-4.268033275	0.203024165	0.150319
8.34_262.1774m/z	0.508131974	2.042653272	0.150387
1.76_312.9851m/z	0.440675076	1.003214791	0.150544
8.57_345.0910m/z	-7.185972611	0.630502128	0.150578
10.81_410.2869m/z	-0.401705325	0.904774839	0.150654
6.07_149.0580m/z	-0.344277871	0.843508395	0.150778
11.62_627.5351m/z	0.58261829	2.674426872	0.150938
10.39_317.1142m/z	0.287491643	0.947991314	0.150966
18.36_420.7866m/z	0.218503443	2.213828024	0.150986
1.16_90.9759m/z	-0.117337546	0.446519914	0.151349
9.55_193.0868m/z	0.8032882	0.091186971	0.151406
9.78_551.1383m/z	3.220767278	0.073663214	0.151593
9.14_285.0840m/z	-0.83470424	2.218794841	0.151734
12.64_421.3165m/z	0.034368693	0.094439944	0.151802
10.52_219.1390m/z	0.411671457	0.037541636	0.151875
1.73_248.1490m/z	-0.420734293	0.728163038	0.151953
8.78_125.0967m/z	0.424950494	0.647541551	0.152434
7.43_527.0475m/z	-0.713663753	0.927004242	0.152581
9.12_439.1635m/z	-1.315228291	0.32089931	0.152679
9.75_360.1930n	0.138942086	0.36799242	0.152695
10.98_544.2375m/z	0.288490999	0.68842413	0.152784
10.68_629.2375m/z	-0.326415858	0.436808541	0.152872
6.64_146.0595m/z	0.046027253	0.208779682	0.152905
7.51_280.1607m/z	0.068462558	0.309156506	0.152984
10.24_399.1630m/z	-0.629311149	0.301802859	0.15308
9.66_461.1084m/z	-0.836640976	0.024269114	0.153095
6.57_331.0602m/z	0.166619657	0.034534885	0.153134
12.03_353.1565m/z	0.361572611	1.765647253	0.153305
10.17_293.1384m/z	-0.571935843	0.826889521	0.153993
10.98_469.0983m/z	0.39515025	0.217285213	0.154593
11.02_480.1602m/z	-0.918454826	0.088238529	0.155241
9.83_308.0619n	-0.867483199	0.35827312	0.155427
9.57_343.1893m/z	-4.437871166	0.308457922	0.156187
7.95_253.1475m/z	-0.486441434	4.518709329	0.156357
13.62_425.3502n	-0.017254309	0	0.156749
8.48_308.1752m/z	-3.241864669	0.078920921	0.156855
10.26_300.1351m/z	0.2121031	0.85771693	0.156943
2.53_159.0268m/z	-0.614428247	0.269390508	0.157203
9.84_88.0749m/z	0.24136373	3.473982685	0.157477
10.49_351.1618m/z	0.142570731	0.236740515	0.157734
7.38_134.0592m/z	-0.42215022	0.624583318	0.157764
11.65_470.2877m/z	-0.275463845	0.467745156	0.157895
9.34_331.0586m/z	-0.984662804	0	0.157901
11.51_213.1160m/z	0.223737498	4.684880193	0.158312
7.37_257.0991m/z	0.216394511	0.63818909	0.158423
6.62_186.0556m/z	0.14579708	0.16577455	0.158945
10.68_347.2209m/z	-0.431531411	0.057594067	0.158993
12.28_395.2429m/z	0.150746387	0.526480915	0.159122
1.20_538.7456m/z	0.098545233	0.160653958	0.159265
11.39_433.2798m/z	-0.176533104	0.15690183	0.159353
10.05_293.1951m/z	-0.424257067	5.030473198	0.159365
8.05_271.9843m/z	-0.062999437	0.491819203	0.15945
18.60_413.2652m/z	0.203951849	2.035763005	0.159566
13.06_239.1653m/z	-0.086751213	0.072165816	0.159607
9.17_171.0803m/z	9.392439766	0.638013553	0.159621
7.95_199.0583m/z	0.350820862	0.534664745	0.159653
10.26_349.1113m/z	0.203543829	0.665027818	0.159755
10.69_151.1126m/z	-0.331895615	0.017083686	0.159924
12.44_413.2124m/z	-0.416448799	0.131708312	0.160297
1.15_829.3067m/z	-0.317381909	0.830775373	0.160416
6.98_93.0344m/z	0.085081365	0.058463226	0.160518
13.18_576.2015m/z	0.177869062	0.093889707	0.16108
9.20_607.2370m/z	0.324103158	0.268857038	0.161304
6.63_116.0503m/z	0.0638819	0.042674833	0.161478
1.20_480.7884m/z	0.090765382	0.219869986	0.161608
7.50_277.9752m/z	-0.576807261	0.222325287	0.161659
10.14_211.0969m/z	-4.132389589	0.453902964	0.161801
7.93_351.0691m/z	-0.611370223	0.115621011	0.162041
10.74_203.0001m/z	-0.894950407	0.676782975	0.162135
9.33_518.3340m/z	0.278857533	1.543796478	0.16227
8.48_208.1550m/z	0.237574096	3.618114527	0.162818
10.14_193.0856m/z	-3.626571758	1.25922611	0.162915
1.74_171.1254n	0.146910771	0.983551682	0.163014
9.37_562.3605m/z	0.229695771	2.11597652	0.163036
9.52_114.0906m/z	0.258086853	3.000024321	0.16335
14.00_599.4385m/z	0.014071167	0.00347213	0.16358
7.91_123.0447m/z	-0.443848427	0.181373658	0.163612
10.46_206.0916n	-0.114329043	0.238848273	0.163668
12.54_432.1925m/z	0.19647901	0.274288418	0.164679
9.92_211.1338m/z	-0.95061076	0.254392041	0.164759
12.23_232.1325m/z	0.494521574	2.655366082	0.164972
11.37_223.1700m/z	-0.256195463	0.127938758	0.16514
10.32_173.1180m/z	-0.360314735	0.105701664	0.16542
9.66_443.2146n	0.067601248	0.185087484	0.165598
10.99_222.9378m/z	-0.308910366	0.449336347	0.16565
10.41_530.0900m/z	0.577827893	0.370665848	0.165811
9.53_283.1659m/z	-0.892071521	0.052221822	0.166025
9.36_413.2534m/z	-0.675860192	1.045135929	0.166445
8.43_266.1509m/z	0.29683247	2.346120151	0.166551
9.48_133.0655m/z	0.209794807	0.01592612	0.166584
6.62_142.0659m/z	0.069844373	0.300771233	0.166629
1.15_927.2940m/z	0.13666069	0.046014766	0.16669
10.55_403.2483m/z	-0.543333475	1.124394762	0.166792
7.52_105.0328m/z	-0.403064278	0.461968216	0.166823
16.63_279.2319m/z	0.071170908	0.158463469	0.166942
18.09_115.9630m/z	0.339509246	1.003805408	0.166978
8.17_356.0473n	-0.237442723	0.060456787	0.167166
11.17_491.3216m/z	-0.801341736	0.297618583	0.167292
6.84_144.0449m/z	-0.194821418	0.307703124	0.167539
7.29_135.0447m/z	1.25093612	0.338818872	0.168097
10.06_343.1386m/z	-0.440237097	0.088510536	0.168223
11.60_611.2420m/z	-0.697804008	0.072377655	0.168879
8.95_366.2038n	-0.551775234	0.145902348	0.169
14.76_464.3125m/z	-0.094393009	0.187695082	0.169139
10.49_271.2052m/z	0.17809442	0.281363809	0.16949
1.79_232.9747m/z	0.142435331	0.377404712	0.16957
1.09_640.8401m/z	-0.412264325	2.213147112	0.169936
10.82_389.1368n	-2.544464926	0.057716568	0.17015
9.21_230.0372m/z	-1.420771424	0.544727152	0.170969
1.73_337.0745n	1.644024685	1.466535538	0.171279
13.40_561.2551m/z	0.118711572	0.158023944	0.171458
9.37_464.1902m/z	-0.965081972	0.153714239	0.171738
10.31_354.0288m/z	-6.307199739	0.111714333	0.171805
1.74_139.0453n	0.350612883	0.824062219	0.171848
8.09_439.0695m/z	-0.400437193	0.01052304	0.172003
1.14_817.3259m/z	-0.205069753	0.427011131	0.172611
8.29_470.1458m/z	-0.165154392	0.061271683	0.172704
8.84_209.1153m/z	-0.37022321	3.13580645	0.172786
9.83_531.3640m/z	0.498612501	1.059890608	0.173263
10.27_342.1006m/z	0.170098491	1.040837404	0.173586
11.19_221.0817m/z	-0.254702211	1.678258692	0.173839
7.68_342.2243m/z	0.445299304	2.920959923	0.173858
9.48_161.0952m/z	-0.426156586	3.85869763	0.173882
12.40_420.3097m/z	-0.327580437	1.052580984	0.173888
11.57_595.2470m/z	-0.423476767	0.720114139	0.174285
8.73_251.0577m/z	-1.601361002	0.205254799	0.174953
12.98_570.3040m/z	-0.267756083	0.693793783	0.175028
13.70_1113.5809m/z	-0.170572189	0.546755068	0.175416
7.40_243.0356m/z	0.323092112	0.572934432	0.175426
8.09_862.9730m/z	-0.801215553	0.148853604	0.175697
9.28_153.0537m/z	1.24108636	7.601684923	0.175715
1.76_306.9352m/z	-0.227837187	0.184184584	0.175858
9.54_160.9562m/z	-2.089928163	0.091706435	0.175983
12.44_378.2411m/z	-0.032065046	0.006670482	0.17641
9.68_464.1430m/z	-0.183324368	0.705498503	0.176758
10.09_397.2054m/z	0.152189539	0.256269225	0.177076
7.80_243.1349m/z	-0.422926914	0.060227233	0.177852
8.96_321.0434m/z	-0.556692942	0.010763377	0.177915
1.72_417.0312m/z	1.119472127	2.946886968	0.178189
7.91_170.0952m/z	0.159761987	1.997074048	0.178425
8.70_356.1192n	-1.621138521	2.331216318	0.178646
10.05_798.6685n	-0.161876818	0.627596198	0.17903
12.71_413.2655m/z	-0.168520041	1.068441958	0.179234
1.71_219.0168m/z	0.218306908	2.524228601	0.179683
11.59_459.2719m/z	-0.219947169	0.169299084	0.179754
13.42_600.2020m/z	-0.103341369	0.045222673	0.179865
10.18_408.2868n	-0.514894649	0.404743037	0.179897
13.25_512.2249m/z	0.203319601	0.312132296	0.180304
8.37_171.1020m/z	0.669660721	2.323246965	0.180455
1.76_187.0418m/z	-0.027667902	0.079643929	0.180662
11.07_277.1442m/z	1.042319831	0.128532732	0.180848
10.05_305.1758m/z	-5.87167256	0.766341524	0.180913
10.92_251.1286m/z	-0.556213627	1.099900086	0.180993
7.51_375.9954m/z	-0.773287323	0.76223515	0.181069
11.59_521.2423m/z	-0.693795891	0.045285331	0.181183
11.62_316.1096m/z	1.091941294	1.024567732	0.181189
18.72_136.9088m/z	0.333901688	2.26467182	0.181717
8.84_133.0127m/z	-0.259298847	2.578688992	0.181881
9.89_167.0345m/z	0.817259749	0.153249206	0.181921
13.43_524.2740m/z	-0.177237098	0.405132527	0.181994
8.51_289.0440m/z	0.283958899	0.683251978	0.182092
9.06_509.2750m/z	-0.338864929	0.091733256	0.182275
18.32_241.9391m/z	0.30573814	1.86767626	0.182455
1.75_159.0269m/z	0.461023408	0.178000046	0.182598
8.69_167.1037m/z	-0.323296283	2.187806163	0.1827
18.06_272.9580m/z	0.356307136	0.670162963	0.18275
7.94_456.0838m/z	-4.360897631	0.010738002	0.182987
6.66_249.0603m/z	0.123661042	0.834832862	0.183034
9.91_312.0832m/z	-1.564943737	4.701092367	0.183063
9.05_399.1474m/z	-0.531089428	0.165176346	0.183232
7.31_233.1544m/z	0.269117726	0.921938505	0.183311
6.62_497.1411m/z	0.048662289	0.35297224	0.183324
9.13_486.0790m/z	-2.331760507	0.059463594	0.183414
9.72_422.1755m/z	6.992615998	0.660151217	0.183575
8.31_121.0656m/z	-1.843000266	0.000146382	0.183722
11.21_514.2912n	-1.920869778	1.117401473	0.1838
11.08_364.2451m/z	-0.496035829	1.123276547	0.183855
1.30_117.0781n	-0.214822183	0.258938264	0.183879
10.27_344.1009m/z	0.36189446	2.343950695	0.184008
9.63_454.1509m/z	0.232372902	0.022425452	0.18413
10.30_465.2484m/z	-0.404514937	0.017421703	0.184291
11.82_197.0182m/z	0.264705109	0.443361051	0.184543
10.89_366.2633m/z	-0.217563667	0.649835359	0.185053
1.37_129.0651m/z	-0.381531946	0.532491046	0.185252
1.73_388.0197m/z	0.69217712	1.133491139	0.185514
12.43_479.1882m/z	-0.288400727	0.401958394	0.185556
9.85_193.0302m/z	-1.673543044	0.013066219	0.185679
8.28_521.1432m/z	-0.716615508	0.299306665	0.186112
8.92_589.3026m/z	-0.132539641	0.022622139	0.186117
1.15_863.3005m/z	-0.339241531	0.992922525	0.186488
9.17_593.2579m/z	-0.228020836	0.038716573	0.186684
12.52_415.3194m/z	-0.491355196	0.262413807	0.186884
11.74_225.1953m/z	0.306463964	1.747370239	0.187034
12.28_183.1159m/z	-0.498902632	2.326056161	0.18713
13.00_660.4512m/z	0.230608761	2.164248568	0.187348
9.83_279.0479n	-0.493012223	0.029156805	0.187361
8.09_442.9804m/z	-0.508436945	0.026418223	0.187498
9.28_274.1333n	-0.47784127	0.831974191	0.187549
10.37_495.2115m/z	1.409040843	0.633913401	0.187576
7.17_138.0653m/z	-1.331026041	2.156122179	0.187979
11.19_270.0956m/z	0.453109874	0.097862161	0.188303
10.64_454.2915m/z	-1.124528659	0.823876894	0.188516
1.74_404.0251m/z	0.565375749	0.989106687	0.188655
11.76_245.2260m/z	0.082482602	0.044607651	0.188808
12.43_401.1841m/z	0.264713003	4.498795541	0.188947
8.46_164.0348m/z	-1.646641455	0.659708609	0.189123
1.15_1207.2312m/z	-0.194306824	0.483774097	0.189157
12.50_617.3041m/z	-0.467136023	0.510822265	0.18939
18.18_139.9625m/z	0.127648688	0.784240862	0.189586
9.64_412.2837m/z	-1.006710996	1.631512289	0.189637
10.26_462.1035m/z	0.379999973	1.696421672	0.189806
10.29_208.1691m/z	0.10303143	1.636926051	0.189895
8.25_150.0557m/z	-1.190344221	1.091256626	0.189938
8.81_170.0955m/z	0.135319291	1.47633806	0.189952
8.90_549.1605m/z	-0.813712453	0.059617011	0.190415
10.26_440.1199m/z	0.362461362	2.526606468	0.191339
1.45_130.1079m/z	0.952808294	0.100058634	0.191633
1.14_1063.2687m/z	-0.177608795	0.465355909	0.192741
11.67_462.2853m/z	-0.306085067	0.196732076	0.192928
9.87_189.0784n	-0.380278028	0.050027259	0.193038
10.13_637.3539m/z	-0.742939035	2.446586702	0.193912
7.75_501.1323m/z	-0.188257668	0.390573152	0.193928
10.02_157.0221m/z	0.379044311	2.772709896	0.194418
12.02_357.0179m/z	0.228166537	3.05594196	0.194744
7.38_432.0335m/z	-0.412840216	0.185357589	0.195258
8.79_609.2528m/z	-0.110063054	0.038277141	0.195744
10.91_212.0209m/z	0.461935999	2.691465465	0.19634
12.99_686.2445m/z	-0.079183117	0.188520174	0.196558
7.42_309.0816m/z	-0.776031732	1.497260246	0.196595
9.27_231.0776m/z	-3.004066779	0.249844275	0.196608
11.35_317.1307m/z	-0.578490154	2.478427839	0.197251
8.30_309.2030m/z	0.27987285	3.238029335	0.197466
10.74_625.3477n	-0.098324706	0.301368008	0.19819
1.74_352.0204n	0.243332956	0.556170843	0.199665
7.18_243.1717m/z	-0.786153207	0.656760824	0.199814
10.31_408.2866n	-0.39148188	0.294401391	0.199846
12.25_330.2998m/z	0.26644189	0.803616531	0.20007
10.77_566.2762m/z	-0.137541158	0.235303923	0.200235
9.21_338.0600m/z	-1.892311348	0.1524514	0.200301
1.39_405.9462m/z	-0.235383926	1.50877422	0.201058
8.25_194.0457m/z	-0.980966184	0.172361961	0.201859
6.03_100.0751m/z	0.237509068	0.102014077	0.201877
9.39_475.1935m/z	1.439947188	0.136728306	0.202161
8.40_388.1872m/z	-0.567748179	0.180276462	0.203463
11.20_329.2336m/z	0.069407545	0.182880391	0.203713
13.26_412.2080m/z	0.266544345	0.549871032	0.203925
9.28_329.1138m/z	0.388025954	0.535784768	0.20449
1.76_243.0622m/z	-0.046037908	0.049382043	0.204551
8.93_562.2379n	-0.155597791	0.050178841	0.205121
7.35_132.0452m/z	-0.422226663	0.344888469	0.205236
7.41_485.0627m/z	0.392188194	0.639399014	0.205678
10.91_197.1546m/z	-0.423221392	0.228422807	0.206368
11.43_265.1427m/z	0.154415441	0.602025249	0.206554
6.94_436.1437m/z	0.200446596	3.157989576	0.20696
11.29_187.1338m/z	-0.157561405	0.255877638	0.206995
12.19_354.2472m/z	-0.196396755	0.320205198	0.20723
1.20_526.7649m/z	0.238066088	0.184516558	0.207283
12.71_227.1651m/z	0.120273741	0.397111297	0.20756
12.28_165.0903m/z	0.255644481	5.083804599	0.20778
11.69_480.1665m/z	-0.729664579	0.470862354	0.207803
9.90_252.0125m/z	0.824752947	0.317640989	0.208007
11.98_453.3673m/z	-1.031344648	3.744992978	0.208059
13.43_484.2810m/z	-0.305724086	0.604364381	0.208146
9.15_304.0134m/z	-0.762813117	0.57141494	0.208188
13.12_392.3115m/z	-0.870956865	4.923472422	0.208425
15.55_638.2971m/z	0.232014245	0.62346684	0.208644
11.09_305.0813m/z	0.279133468	0.950448629	0.210092
10.12_403.3197m/z	-0.498103794	2.135382731	0.210524
8.81_496.1336n	-0.948390075	0.297864263	0.210717
1.75_153.0650m/z	0.249359229	0.26717377	0.211437
9.26_443.2160m/z	-0.412632408	0.856167372	0.211699
8.91_486.0790m/z	-1.732125514	0.316817829	0.211734
11.26_366.0481m/z	-5.688293577	0.250179461	0.211739
13.21_487.3283m/z	-0.120028354	0.143078468	0.211798
18.08_275.8993m/z	0.412591255	0.73977592	0.212074
1.73_313.9931m/z	0.50284007	1.179410411	0.212349
8.94_416.3148m/z	-3.085931927	1.077442169	0.212482
6.98_368.9716m/z	-0.150479907	0.069323443	0.212609
8.35_233.0428m/z	-0.556382852	0.131576585	0.212674
11.76_269.0775m/z	-1.290627269	0.462471791	0.212682
12.09_309.1303m/z	0.410331699	3.225732734	0.21271
8.00_121.0292m/z	0.326659837	0.463349406	0.213385
10.99_761.3382m/z	-0.358259419	0.091489246	0.213885
12.02_465.2837m/z	1.543922507	0.591197174	0.213953
6.37_125.0240m/z	0.360323651	0.022874762	0.214179
8.80_387.1839m/z	-0.099134889	0.161869033	0.214183
13.71_598.2633m/z	0.114108778	0.721353843	0.214751
6.65_144.0800m/z	0.104312426	0.656855411	0.214753
18.08_86.9754m/z	0.320982968	1.3483189	0.215095
7.95_131.0710m/z	0.119869336	0.390280762	0.215401
13.69_1103.6627m/z	-0.067574475	0.046964575	0.215408
9.07_213.0552m/z	0.422909974	1.018487635	0.215443
1.71_303.0030m/z	0.798144249	0.522942446	0.215796
11.08_166.0160m/z	0.36520481	4.258119147	0.216314
9.05_450.0542m/z	-1.245502926	0.293988413	0.217384
10.67_157.0867m/z	-0.216671309	0.260414999	0.217896
1.20_302.8346m/z	-0.106156398	0.446688726	0.218494
8.78_277.0662m/z	0.553105432	0.321278633	0.218648
12.02_359.0146m/z	0.223205776	2.774019115	0.218757
7.84_240.1799m/z	-0.522725041	2.479436559	0.218806
1.44_226.0382n	0.685521939	1.276911458	0.220294
10.45_565.1023m/z	0.249417925	0.052869802	0.220451
10.66_536.0468m/z	-0.545476819	0.060393398	0.220652
8.92_173.1179m/z	-0.333479799	2.550859603	0.222155
8.65_327.2351m/z	-3.954634102	0.277921639	0.22231
11.06_285.2570m/z	-0.799369966	4.309014045	0.222334
10.36_415.2124m/z	-0.138642881	0.35326994	0.222482
18.14_144.9805m/z	1.174608235	12.36656387	0.22295
9.27_387.1829m/z	0.26411094	0.008621948	0.223491
9.15_259.0291m/z	-1.247589082	0.123183108	0.22361
8.65_348.2135m/z	-2.63202597	0.951919611	0.223711
9.53_159.1023m/z	-0.272158157	0.700782618	0.223852
11.37_388.3049m/z	-0.284926687	0.843078496	0.223854
9.21_403.0099m/z	-1.184415922	0.613597357	0.223991
11.67_554.3096m/z	-0.499279622	0.443433384	0.224029
11.35_313.1189m/z	-0.389667441	0.632068508	0.225447
1.65_391.2837m/z	0.598751074	2.495605265	0.22608
7.00_186.0557m/z	-0.397622292	0.093652027	0.226437
8.62_343.1003m/z	0.440134949	0.879011713	0.226589
11.03_581.2400m/z	0.480125302	0.523730798	0.226915
7.83_402.2688m/z	0.409539717	4.804653942	0.227039
9.28_474.3091m/z	0.450556058	1.525220102	0.227107
8.40_253.0505m/z	-1.495295366	0.696259795	0.22727
5.02_153.0651m/z	0.305691392	0.349120595	0.227774
13.40_424.1738m/z	0.230738719	0.24310537	0.227859
11.74_303.1445m/z	-3.399186678	0.025049629	0.227923
10.06_409.2704m/z	0.309264475	0.956386258	0.228576
11.34_225.0716m/z	-1.104406753	0.189901959	0.22914
7.23_376.1371n	-0.77034373	0.476764845	0.229307
9.13_199.1686m/z	-0.37897878	3.186362977	0.230545
12.40_583.2526m/z	-0.984948203	1.301739343	0.230863
18.10_187.9414m/z	0.469850904	2.430671746	0.230989
12.75_502.2928m/z	-0.063005096	0.035085885	0.231583
8.69_230.1182m/z	-0.713440842	0.468229948	0.231936
11.69_339.2676m/z	-0.492859088	0.403774688	0.23194
13.72_527.3206m/z	-0.074820569	0.320742947	0.232311
9.84_231.0327m/z	-1.097360613	0.09762991	0.232634
10.42_481.1346m/z	-0.280060116	1.042517225	0.232679
1.15_897.2942m/z	-0.416290577	1.071088729	0.232691
11.91_286.1772m/z	5.588701664	0.220669072	0.233077
10.74_456.1642m/z	0.967700978	0.209568453	0.233104
7.88_413.2653m/z	0.297393902	4.097167952	0.233574
10.44_401.0867m/z	-0.362033134	0.673021367	0.233767
9.74_366.2408m/z	-1.18063842	0.625610966	0.23408
9.44_361.1091n	-1.859018878	0.660326003	0.234273
8.33_496.1703m/z	-1.209517838	4.530080831	0.234308
9.66_414.3354m/z	-1.956489744	0.526809473	0.235184
8.21_183.0299m/z	0.14235513	0.080025988	0.235894
8.98_201.0226m/z	0.138557987	0.068952207	0.23703
12.70_308.1252m/z	-1.436777355	0.036086623	0.238036
9.53_375.0150m/z	-1.404389746	0.058001377	0.238971
13.39_609.2553m/z	-0.181311624	0.187135421	0.239156
9.65_430.2929m/z	-0.912541566	0.98859874	0.239307
9.89_462.2854m/z	-0.651126909	0.24085589	0.240016
9.80_515.2910n	-0.141724775	0.006286527	0.240072
12.74_558.2668m/z	-0.379862366	0.184983744	0.24023
13.72_524.2992m/z	-0.17661417	0.486084892	0.240348
12.25_426.2642m/z	-0.592966195	0.900046716	0.240497
10.27_387.0980m/z	0.271037259	2.203615799	0.24087
1.31_118.0859m/z	-0.079729427	0.194312958	0.240903
14.59_533.3396m/z	-0.431846205	0.326246666	0.241986
10.27_327.1530m/z	0.175402452	1.067230549	0.242542
18.07_208.8691m/z	0.299379871	0.783082324	0.242649
12.57_529.2893m/z	0.120376715	0.01844957	0.242706
6.63_144.0448m/z	0.247405548	0.772262369	0.242996
9.34_270.2787m/z	0.303170161	2.393503627	0.243061
8.97_294.1472n	1.381935754	0.328390305	0.243507
1.73_244.0688n	0.226289936	0.683164027	0.243727
6.56_279.0929m/z	0.16612397	1.461491616	0.244514
11.50_406.3284m/z	0.396297837	3.444701154	0.245063
10.52_331.1162m/z	0.582578362	0.125058039	0.245419
9.12_161.0238m/z	-1.580195235	0.191405558	0.245778
10.98_454.1506m/z	0.08468809	0.133056102	0.245941
1.12_787.3253m/z	-0.972075532	2.211746052	0.246139
10.27_394.1155m/z	0.261686001	2.591368328	0.246261
10.76_393.2644m/z	-0.403322084	0.023186623	0.246426
1.73_71.0733n	-0.103642348	0.451312145	0.246612
8.51_227.0554n	0.203415288	0.544887027	0.247518
9.02_351.0165m/z	0.7708257	0.014472038	0.247556
8.01_452.9377m/z	0.534981065	1.312959114	0.248056
1.81_348.0974m/z	0.236614138	0.634536351	0.248892
1.15_1044.2739n	-0.298019328	1.070364492	0.248948
6.65_109.0292m/z	-0.162115006	0.088166697	0.249527
9.81_200.1290m/z	-0.431981862	0.854455552	0.249773
1.15_1109.2439m/z	-0.452857878	1.27072341	0.25001
10.04_351.1629m/z	0.624062733	0.010908979	0.250063
10.45_425.1155m/z	0.219045485	0.07875897	0.250844
10.87_577.2625m/z	-0.759887189	0.195848978	0.252319
13.39_616.1949m/z	0.252543012	0.283949054	0.25247
7.40_259.0134m/z	0.143399156	0.023146311	0.252479
9.00_509.1664m/z	1.169155127	1.931005693	0.252572
0.08_161.9253m/z	0.348806299	2.021567474	0.252631
12.69_542.2491m/z	-0.477691028	0.156589054	0.252696
10.44_639.1090m/z	0.242184098	0.117943591	0.252787
7.76_431.0973m/z	-1.747184912	0.297161212	0.252824
9.17_176.0698m/z	-0.512442332	0.33479531	0.253565
7.52_383.0433m/z	-1.004449166	0.023709184	0.253918
5.59_103.0535m/z	-0.228186336	1.374876951	0.254001
7.44_319.0040m/z	0.62010019	0.160335328	0.254081
18.30_228.8620m/z	0.231410941	3.518664883	0.254468
6.62_336.0813n	0.147924269	0.065364717	0.254762
13.25_520.3037m/z	0.287682381	0.605644645	0.255002
11.63_431.2754m/z	-0.812372849	0.102000345	0.255317
8.81_264.9650m/z	0.453390517	2.423208461	0.255501
17.28_329.2484m/z	-0.164553248	0.090143492	0.256804
13.41_756.5520m/z	-0.075299702	0.132229731	0.256815
10.46_497.1154m/z	0.193130103	0.018630411	0.257246
7.62_287.0227m/z	-0.461253829	0.672618585	0.258051
10.57_433.3129m/z	-0.843142349	0.540975612	0.258527
11.09_300.2001m/z	-0.346169395	0.603120965	0.259357
12.21_395.3025n	-0.184948209	0.297777182	0.260013
13.39_400.3421m/z	-0.04247085	0.06479362	0.260697
7.93_283.0820m/z	-0.53592174	0.40834115	0.260876
14.40_583.3371m/z	0.024737824	0.044798277	0.260945
10.68_262.0816n	-0.197576156	0.066119595	0.261136
10.13_385.3087m/z	-0.478094242	1.758767401	0.261176
18.97_180.9088m/z	0.251943764	3.00726273	0.261287
14.51_530.3219m/z	-0.337227398	0.35930594	0.261974
11.20_199.1336m/z	-0.314824535	1.336426273	0.262176
10.41_222.1135m/z	-0.395461874	0.728242009	0.262295
1.75_563.0123m/z	-0.215970786	0.24962662	0.263319
18.08_177.9024m/z	0.31342522	2.258163214	0.264029
1.28_482.9976m/z	0.74574651	0.52232465	0.264046
10.47_367.1849m/z	0.455306242	0.631938225	0.264416
14.40_522.3187m/z	-0.112890048	0.466169497	0.264804
11.36_436.1404n	-0.872684529	0.216054279	0.264872
1.22_743.4088n	-0.114991734	0.023393281	0.265023
1.44_215.0671m/z	-0.039496227	0.079381589	0.265223
11.39_342.1800n	0.262721323	4.642596918	0.265294
13.19_544.2647m/z	0.154577947	0.132007198	0.265466
9.79_314.1032m/z	-0.987912734	2.246378645	0.265519
9.05_606.1332n	-1.485426827	0.052206639	0.26557
1.12_370.3072n	0.200986079	1.078956861	0.265745
18.01_337.2731m/z	0.437016965	1.433468234	0.2659
1.74_193.0964m/z	3.99029675	0	0.265955
7.91_317.1143m/z	0.462595728	2.9543524	0.266684
6.78_197.1277m/z	-0.690222814	2.702797757	0.266989
7.98_151.0397m/z	0.54503748	0.543306092	0.267229
13.26_502.2917m/z	0.06198519	0.31683044	0.267238
10.10_247.0590m/z	-5.549654839	0.316361391	0.26744
1.46_105.0189m/z	0.231289744	0.435244009	0.267522
12.09_267.1237m/z	-0.088732662	0.328696611	0.267843
11.74_346.1157n	-6.574192263	0.398218046	0.268012
7.00_142.0659m/z	-0.292153114	0	0.268278
10.52_695.3626m/z	-0.244510875	0.84267623	0.268647
11.49_422.0989m/z	-1.027161823	0.040527868	0.269052
8.26_185.1145m/z	0.214926471	5.179012135	0.269102
8.79_155.0695m/z	0.132192838	2.538884313	0.269215
11.67_533.2836m/z	-0.217270137	0.079543773	0.269384
11.47_420.0845m/z	-1.040997172	0.007797859	0.269409
9.25_61.9986m/z	-0.279240706	0.315853301	0.269497
10.73_329.2561n	-0.469562916	0.079372204	0.270238
18.33_200.8641m/z	0.205916932	3.300563814	0.270733
1.27_203.0522m/z	-0.174705933	0.079332581	0.270814
7.14_363.1192m/z	-0.338168736	0.675880178	0.271493
18.07_303.9112m/z	0.35879257	1.053715786	0.271616
12.85_507.3197m/z	0.302327638	0.052346246	0.272183
8.82_108.0211m/z	-1.065496785	0.582692755	0.272226
11.60_477.2706m/z	-0.65972095	0.276945969	0.272253
8.69_527.2856m/z	-0.451677231	0.125679986	0.272371
11.79_633.4006m/z	-0.871490611	0.070022471	0.27241
1.15_931.2879m/z	-0.507770311	1.30408687	0.272449
9.53_228.0969n	-0.419238448	1.291609697	0.272488
7.26_216.9810m/z	-0.913162701	0.072504911	0.272608
7.42_130.0490m/z	-1.122713895	2.40941338	0.272627
10.27_225.1495m/z	0.16115039	1.015214437	0.272663
12.80_603.3062m/z	0.250718688	0.148468927	0.272764
1.22_643.5036n	-0.101929107	0.320830213	0.273015
12.15_265.1811m/z	1.368015038	0.124502924	0.273143
10.22_467.2640m/z	0.583745342	0.087951802	0.274375
6.64_188.0704m/z	0.027303445	0.091830361	0.274445
11.62_438.2970m/z	-1.641500753	0.56242541	0.274737
9.86_141.0200m/z	0.381276747	1.171228645	0.275023
12.03_348.2009m/z	0.214128539	2.744787818	0.275192
1.74_114.0768n	-0.182885832	0.410755443	0.275198
9.39_366.2420m/z	-2.293984645	0.651058768	0.275556
10.47_549.2778m/z	-0.882170557	0.516572473	0.27591
8.44_408.0902n	-0.855193202	0.694566939	0.276105
6.75_182.0576n	0.135244018	0.386140215	0.276179
8.99_364.0781m/z	-1.432484142	5.91434558	0.27639
7.97_446.2947m/z	0.477820039	5.343186233	0.277101
11.89_207.0909m/z	-5.765130635	0.30798282	0.277121
13.71_409.2359m/z	-0.070929588	0.179870162	0.277376
1.76_90.0319n	0.016823718	0.038978261	0.277543
10.08_777.6919m/z	-0.169305633	1.056389754	0.279095
18.08_148.9382m/z	0.482882013	2.982565958	0.279181
10.67_350.1072m/z	1.561038377	1.987529762	0.279211
7.65_230.0125m/z	-0.951398592	0.031979144	0.279503
9.25_633.2540m/z	-0.851781949	2.144939003	0.27959
18.08_184.9846m/z	-0.29788071	3.845789118	0.280764
6.39_185.1277m/z	-0.215054782	0.327411759	0.280941
13.30_605.3218m/z	-0.115995513	0.227736986	0.281476
1.41_70.0649m/z	-0.135781757	0.526914664	0.281653
10.64_391.2120m/z	-0.722416019	0.042264885	0.282607
1.12_855.3132m/z	-0.918767887	1.76575107	0.285238
9.44_377.0693m/z	-0.805234358	0.183665884	0.285389
8.42_294.1100n	-4.899763759	0.071796243	0.286372
18.07_278.8962m/z	0.295804615	0.766876921	0.287346
11.30_389.2686m/z	-0.418250904	0.611137141	0.287469
7.42_338.1494m/z	-9.472291244	0.344653115	0.287631
7.75_485.0623m/z	0.262281688	0.506635371	0.287707
9.81_337.1303n	-5.307506262	3.082026839	0.288271
9.72_422.1814m/z	0.181829216	0.592663492	0.288523
9.66_228.1604m/z	-0.130437914	0.8422985	0.289046
10.58_441.2118m/z	-0.886489505	1.922040113	0.289209
1.16_845.2809m/z	0.450070843	1.938498515	0.289391
1.01_352.8537m/z	0.465797998	1.141091225	0.28947
1.16_794.8113m/z	-0.182549859	0.705688119	0.289529
12.47_331.0015m/z	0.196346069	2.330951963	0.289552
7.38_381.0271n	-0.602433121	0.094109179	0.289837
1.11_301.1408m/z	0.076965416	0.651325268	0.290825
1.13_885.3132m/z	-0.309858132	0.526238672	0.292282
18.12_196.9062m/z	0.46696374	1.786516775	0.292448
1.75_379.0122m/z	0.483354086	1.018631771	0.293945
10.39_119.0846m/z	2.111369923	12.06419508	0.294208
13.87_241.1811m/z	0.158145884	0.30323485	0.295777
1.14_821.3197m/z	-0.94337669	1.126495719	0.296071
12.02_505.2757m/z	2.025263356	0.735382849	0.296744
10.69_422.1613n	-1.357935437	0.326116893	0.297877
9.07_310.2014m/z	-0.302715361	0.630715478	0.298376
9.81_199.1567n	0.204714301	1.746274405	0.298603
11.65_223.0282m/z	-0.056767482	0.269554473	0.299011
10.49_294.0667n	-0.833242481	0.297475549	0.299042
10.56_212.0192m/z	0.596357015	0.724884525	0.299368
7.98_230.9965m/z	0.417469209	0.074066827	0.299412
6.62_288.0602m/z	0.078872933	0.060358463	0.29964
11.43_422.1345m/z	-0.992161725	2.146703423	0.300088
9.12_568.2945m/z	-1.200283494	0.106884336	0.300116
13.90_353.2658m/z	0.438536738	0.234887519	0.300178
7.47_233.0121m/z	-0.625668211	0.19589534	0.300402
6.77_242.9426m/z	0.525433058	3.611662524	0.300465
7.40_274.9854m/z	0.359103811	0.728393022	0.300473
10.29_180.0311m/z	0.503587855	6.025199641	0.300736
11.13_425.1989m/z	-0.957536818	0.426808021	0.300842
8.80_262.2162m/z	5.431439933	11.29249455	0.302288
1.33_165.0403m/z	-0.275902533	0.543033052	0.304015
3.47_103.0399m/z	0.099246696	0.172312232	0.304093
12.42_861.5512m/z	0.52111012	2.390391719	0.304677
11.50_292.1898m/z	0.532933803	2.840875146	0.305007
9.05_530.1637m/z	-0.677236724	0.079651233	0.305139
7.70_309.2030m/z	0.385545195	7.423092248	0.305818
11.24_553.3370m/z	-1.165509683	0.26971446	0.306624
18.49_258.9162m/z	0.459241851	5.079033437	0.306628
12.17_343.2631m/z	-0.697298693	0.803862519	0.307096
10.89_629.2250m/z	-0.285410229	0.260687202	0.307656
9.90_304.9131m/z	0.495099823	2.761670317	0.307708
11.81_348.1932n	-1.862600837	2.764251936	0.30771
9.66_452.3008m/z	-0.755563887	0.590871997	0.308089
7.42_248.0913m/z	-1.121256348	2.32699108	0.30891
8.09_148.0385m/z	-0.662812491	1.650969323	0.309113
11.90_394.2963m/z	-0.159541028	0.458993954	0.309531
9.83_211.0607n	-0.418190625	0.013033548	0.30969
12.43_411.2015m/z	-0.190177948	0.123226941	0.30984
7.50_134.0609m/z	-0.476436534	0.580237498	0.312439
8.86_442.1132m/z	-1.213257191	2.675295805	0.312498
8.85_217.0174m/z	0.68048276	0.002955856	0.312801
12.00_617.2547m/z	1.569488034	0.265416172	0.313107
8.06_413.9831n	-0.245011124	0.38582862	0.314784
13.52_449.2541m/z	0.072803415	0.093297095	0.315958
9.55_906.2575m/z	0.224018817	1.292331906	0.315985
8.35_376.0199m/z	-2.764029566	0.091154827	0.316751
9.15_342.1265m/z	-7.615401722	1.809038331	0.317225
12.80_527.2965m/z	0.180964361	0.124669557	0.31814
12.40_474.2842m/z	0.240314539	1.292610392	0.319436
11.91_246.1848m/z	3.702101489	0.220684953	0.32003
8.44_321.0851m/z	-0.518805482	0.600411069	0.320199
13.04_448.3414m/z	-0.086994757	0.079033437	0.320503
11.52_254.2110m/z	0.153352512	3.030731363	0.320558
10.70_407.2795m/z	-0.398401838	0.523235013	0.320998
10.08_183.1024m/z	-2.657243718	0.230923387	0.32133
12.98_510.2832m/z	-0.407597517	1.501214051	0.321838
13.80_569.3468n	0.070404567	0.034054566	0.322303
11.65_444.2123m/z	0.244765336	0.505983233	0.322403
8.40_376.1406m/z	0.435681143	2.955158533	0.322413
8.71_221.0089m/z	-1.21822136	0.234604175	0.322819
7.41_291.9879m/z	0.515477758	1.971843721	0.323685
8.54_220.0615m/z	-0.749452425	2.951573735	0.324282
7.52_429.0819m/z	-1.920089414	0.402532988	0.324632
12.02_277.0303m/z	0.272519346	0.316578297	0.325319
13.47_459.2522m/z	-0.113325287	0.182971054	0.325376
10.98_370.1812n	0.02509006	0.079241357	0.325435
9.15_242.0432m/z	-0.54285279	0.30559313	0.32588
7.51_246.0381m/z	-0.405025152	0.080119466	0.327267
11.12_679.3680m/z	-0.590760693	1.742801574	0.327405
10.46_138.1040n	0.777624547	0.137641988	0.328245
8.41_380.0952m/z	-1.08895934	0.342857106	0.32844
12.15_445.2569m/z	-1.444139748	1.614213255	0.330025
1.23_92.9274m/z	-0.049172766	0.094367618	0.330731
11.83_487.2733m/z	-1.904766615	0.262348647	0.331031
11.29_255.1212m/z	-0.51621948	0.357184427	0.331154
9.72_360.1935n	-0.173305278	0.034030141	0.331559
11.91_226.1931n	-0.397072007	0.420303271	0.332599
11.18_414.2077n	-0.436423168	0.524211176	0.333144
11.13_170.0953m/z	0.252289389	1.92141632	0.333359
11.13_665.3532m/z	-1.250236275	0.659169357	0.333551
12.99_610.2449m/z	0.073934506	0.11383032	0.333562
10.49_417.2126m/z	-0.536554773	0.295472857	0.334232
13.67_124.0788m/z	0.285583349	0.485731242	0.334728
8.19_318.1201n	-0.812538158	2.045578019	0.334729
12.21_311.2223m/z	0.178094889	0.011333598	0.335407
1.13_919.3067m/z	-0.358505194	0.69784447	0.335619
11.00_413.2142m/z	-1.626714182	0.462877593	0.337095
13.26_361.2742m/z	-0.311023706	1.660113488	0.337122
12.38_527.2591m/z	-0.936926468	0.721104705	0.337442
10.27_401.1393n	0.263531302	1.47421946	0.337878
9.73_408.1426n	-1.063823751	0.439589981	0.3379
11.59_392.2921n	-0.156866152	0.05313329	0.338068
13.38_525.2854n	-0.020992506	0.006844278	0.338222
18.08_453.0859m/z	-0.236454086	0.107039343	0.338303
11.34_457.1151m/z	-1.095435267	1.446017509	0.3387
10.27_327.1358n	0.206741394	1.878233398	0.338728
10.24_331.1759m/z	-0.649231666	0.28381379	0.339056
1.07_178.9485m/z	-0.507349184	2.897995312	0.339514
18.39_554.7192m/z	0.475237489	3.592272669	0.339775
10.70_482.1823m/z	0.135321649	0.206995827	0.340203
6.62_204.0905n	0.021201391	0.106309794	0.340224
9.08_454.2077m/z	1.801390418	0.262345469	0.341149
7.75_129.0558m/z	0.063223785	0.310117789	0.341252
10.42_520.1225m/z	0.595575084	0.320772034	0.341292
10.72_527.0230m/z	-0.835980663	0.080624805	0.343007
9.75_348.2315m/z	-3.980826521	0.562656978	0.343126
10.63_465.2484m/z	-0.219020889	0.066221256	0.343405
10.83_423.1189m/z	-0.494653467	0.832661985	0.343712
1.18_884.7142m/z	0.585356805	1.250607702	0.344566
10.05_431.1373m/z	-0.969599482	2.19738908	0.34527
1.20_860.6224m/z	0.280080811	1.358613154	0.346474
13.23_778.5350m/z	-0.256315461	0.276330107	0.347001
9.40_451.0692m/z	-0.548033966	0.844764196	0.347284
8.35_391.0128m/z	-2.990270852	0.951255306	0.347652
7.00_257.9688m/z	0.243032687	0.15326713	0.347868
1.16_746.3174n	0.612362429	5.120953462	0.348076
9.07_335.0189m/z	-2.758987086	0.097910041	0.34937
9.22_336.0627m/z	-1.905622363	0.065084624	0.349461
9.06_311.2075n	-2.701212367	0.856451252	0.349521
9.39_411.1842m/z	-0.193365199	0.18534561	0.349569
9.44_481.2430m/z	-0.130971594	0.097663625	0.349975
12.14_226.1218m/z	0.266085561	5.548296441	0.352173
8.78_462.1927m/z	-5.616269035	0.112304511	0.352237
12.03_271.2420m/z	1.72929083	1.662696514	0.352331
1.74_205.9864m/z	0.524479814	2.94485111	0.352774
12.47_252.9966m/z	0.2709022	4.553161603	0.353842
1.44_199.0375m/z	-0.307990827	0.073847985	0.354047
9.14_239.1608m/z	-0.614404621	6.236368385	0.354616
8.20_695.2211m/z	-1.169680289	0.449942952	0.35502
12.27_278.0265m/z	0.506169934	1.018659878	0.355108
1.19_928.6090m/z	0.312702964	1.762202495	0.355128
9.76_549.1254m/z	2.773998488	0.241360573	0.355728
1.76_547.0413m/z	-0.150850582	0.128277655	0.356125
8.54_489.1392m/z	-2.535307466	0.688901252	0.3564
18.07_334.8638m/z	0.390320752	1.467120827	0.357383
11.76_426.9663m/z	0.421970919	1.995949607	0.358448
1.13_953.3007m/z	-0.412079504	0.527079807	0.358768
12.73_536.2988m/z	-0.15844502	0.362517275	0.358918
7.42_408.0664n	0.278477207	0.002501343	0.359332
1.15_1215.2183m/z	0.312625982	0.022797403	0.359599
14.39_429.3022m/z	0.057936075	0.091109829	0.360356
9.87_250.1446m/z	0.27114647	2.183739472	0.360556
6.98_173.9987n	0.070826301	0.02691835	0.361386
10.52_263.1291m/z	0.302403581	0.123485416	0.3615
9.73_443.2104m/z	-0.454082398	1.109673452	0.362696
11.45_193.0867m/z	0.390134604	3.040046117	0.363185
1.76_124.0147m/z	0.142959839	0.230406319	0.364644
14.78_532.3402m/z	-0.1080988	0.256415769	0.364953
12.71_475.3267m/z	-0.4524212	0.009402777	0.365062
8.04_420.0797m/z	-0.404487299	0.098969645	0.365369
11.74_346.9868m/z	-1.036565042	0.443943669	0.366482
14.39_521.3119n	-0.147912458	0.461044416	0.367051
7.94_439.0939m/z	-1.786940474	0.177564493	0.367392
12.30_536.2986m/z	-0.148930941	0.106752707	0.368295
11.48_389.2694m/z	-0.479902724	1.653617682	0.368422
1.20_482.7874m/z	-0.219888638	0.6937852	0.369742
13.40_1091.6161m/z	-0.375390047	0.607749879	0.370115
1.17_1013.7252m/z	0.512389315	0.467951764	0.37158
1.26_124.0071m/z	-0.140202894	0.249367429	0.371591
1.16_879.2749m/z	0.537078637	2.2665363	0.372061
13.59_315.2558m/z	0.232850264	0.099277387	0.372388
7.37_432.2795m/z	0.181325722	1.313850127	0.372668
8.51_205.0735n	0.132222736	0.32898368	0.37342
18.08_334.1692m/z	-0.38092147	0.245084699	0.373572
7.51_263.0281m/z	-0.377137247	0.272152243	0.373744
1.20_698.6426m/z	-0.212411196	1.404206267	0.373811
8.32_413.2653m/z	0.26386476	4.088985226	0.373886
1.73_402.0094m/z	0.461846153	1.690616855	0.374658
1.03_335.8902m/z	0.68002183	2.953696077	0.375291
7.40_197.0429m/z	0.167410104	0.653207085	0.375815
11.53_503.3220m/z	0.410480617	0.177944433	0.375821
11.45_597.2349m/z	-0.575065912	0.446918367	0.376189
11.60_356.1377n	7.37043456	0.010768719	0.376756
9.06_549.0699m/z	-0.921380562	0.148837696	0.37717
1.34_113.0580n	0.178916811	0.789630642	0.377217
8.84_297.1273m/z	1.296923536	3.180506735	0.377333
14.77_335.2793m/z	0.345498043	2.085438428	0.377738
8.59_215.0017m/z	-0.697487237	0.148405356	0.377816
6.41_232.1538m/z	-0.257307359	0.445344907	0.379809
9.63_481.1871m/z	0.195958686	0.261170309	0.379976
13.67_552.3292m/z	-0.056621869	0.018746026	0.38052
8.59_429.1946m/z	-0.527475996	0.599840348	0.380569
14.52_592.3609m/z	-0.134850472	0.270032184	0.380751
9.21_334.0482m/z	-2.036572506	0.062783109	0.38102
7.99_374.2546n	3.942089094	0	0.381287
8.35_195.0665m/z	-4.208312734	0.13757879	0.382306
1.41_116.0703m/z	-0.153497225	0.620087438	0.382938
11.19_253.1055m/z	-0.812763581	0.10399547	0.382977
9.62_498.1770m/z	0.291622417	0.343278127	0.383704
8.99_443.1744m/z	-0.870603253	0.937959812	0.384848
11.59_495.2590m/z	0.804557987	0.294291909	0.38502
11.18_289.1055m/z	0.582485736	4.224072229	0.385134
12.77_397.3186n	-0.134292335	0.316889895	0.385162
11.39_467.2075m/z	-1.168271024	1.990965751	0.386007
10.35_579.2782m/z	-0.363633159	0.148072986	0.386673
8.08_406.1634m/z	-13.40243197	0.161033854	0.387652
11.32_430.0873m/z	-9.865094376	0	0.387827
8.21_697.2339m/z	-1.025726307	2.012376184	0.389132
7.00_247.1437m/z	-0.467470877	0.521872349	0.38963
8.67_361.2188m/z	-2.919793337	6.447173666	0.38969
1.19_238.9315m/z	0.057592534	0.205537747	0.389929
12.26_215.1652m/z	-1.154856691	2.953153796	0.390204
18.08_69.9939m/z	0.238688069	2.37925719	0.390681
11.68_463.1761m/z	-0.509677465	0.357282298	0.391383
10.55_584.2797m/z	-0.614644099	0.262274759	0.391489
7.75_569.1203m/z	-0.606196914	0.031734253	0.391511
9.06_464.3008m/z	-1.531558608	0.16728357	0.391681
11.85_271.2625m/z	0.242217154	3.401812673	0.392667
11.08_387.2861m/z	0.32366306	2.177335774	0.393184
7.40_502.1533n	-0.502628435	0.319244902	0.393537
13.65_239.0867m/z	0.151627565	0.575848788	0.393933
8.37_220.0612m/z	-1.197975325	0.158097688	0.394008
1.15_684.8425m/z	-0.728029041	1.546171205	0.395371
7.68_403.0656m/z	-0.788153272	0.304180476	0.395942
8.87_482.0668m/z	-2.210578088	0	0.396035
7.45_165.0191m/z	-0.496184686	0.164164265	0.396698
8.71_549.0340m/z	-5.630319235	0.093907498	0.397016
1.75_304.9337m/z	-0.395408326	0.728674279	0.398508
11.39_493.2791m/z	-1.630172637	1.177879015	0.40064
8.73_423.0747m/z	-2.457922364	0.064351687	0.402149
9.41_511.2902m/z	-1.471094708	0.167259951	0.402294
9.92_437.1503m/z	-1.070586245	0.608914858	0.4031
8.67_389.0903m/z	-0.381782618	0.721969301	0.403502
7.48_185.0099m/z	0.433602167	5.024676204	0.403849
9.73_273.1383n	-3.195749536	1.711833526	0.404292
11.30_315.1809m/z	0.483754074	3.695651675	0.404775
18.07_338.1551n	-0.202688253	0.08953942	0.404999
10.26_627.3750m/z	-0.2630957	0.855015041	0.406066
12.19_213.1494m/z	-0.238032159	0.400111472	0.406735
9.04_200.2005m/z	5.210259274	4.780363089	0.40712
7.34_279.0930m/z	0.181252871	2.078429525	0.408267
13.42_684.2618m/z	0.265583515	0.205733688	0.409669
12.17_366.2841m/z	-1.351766592	11.03491359	0.410289
9.31_615.2433m/z	-1.009407435	2.289481542	0.410412
1.36_178.8576m/z	0.711609508	3.035613542	0.410593
8.09_304.2115m/z	-0.429468714	0.84588352	0.410729
11.21_561.2306m/z	-2.338978322	0.090662778	0.412587
7.75_327.0003m/z	0.395534515	0.937643682	0.412807
7.75_266.0376n	0.393210273	0.719003015	0.413033
12.48_372.0654m/z	0.290198996	4.759054078	0.413188
1.11_255.0621m/z	0.700957785	3.739051365	0.414152
8.96_587.2870m/z	1.349235384	0.121629889	0.41547
11.35_267.1256n	-3.484404482	0.468770235	0.416058
8.46_302.1035m/z	-1.001718148	2.342378211	0.418426
14.64_249.1873m/z	0.574151175	1.572327295	0.418737
9.21_381.0279m/z	-0.873701561	0.028013437	0.418956
11.94_346.3072m/z	5.808731598	8.969104913	0.419141
18.84_396.0853m/z	0.244054442	3.181462028	0.419442
10.91_274.2961m/z	3.43486213	14.2707631	0.420028
10.46_571.1208m/z	0.27898462	0.259524409	0.420099
10.27_333.1524n	0.233165654	1.529916014	0.420314
9.34_287.2095n	-0.183725249	0.596522577	0.421212
17.88_796.5249m/z	0.067742566	0.026631041	0.421479
10.67_437.1591m/z	0.319710235	0.038927906	0.422448
13.91_432.3243n	-0.393600651	0.721882306	0.423633
10.98_333.9387m/z	0.884834122	2.283026425	0.424085
12.98_494.2873m/z	-0.429658556	1.510301613	0.42425
10.11_209.0827m/z	-4.373909271	0.764875736	0.424987
18.46_213.0047m/z	0.430919249	7.823943486	0.425295
9.46_432.2172m/z	-5.057587242	0.017826042	0.425948
2.66_96.9687m/z	1.237912188	5.026428838	0.427902
7.75_298.0724n	-0.401045292	0.118908206	0.428007
10.16_599.2506m/z	-0.556099473	0.157624194	0.428086
13.79_569.3686n	0.058381707	0.022205085	0.428731
12.47_374.0621m/z	0.235266317	3.59512354	0.428974
10.28_497.2751m/z	0.579794625	0.031186086	0.429855
7.45_350.1075m/z	0.574043158	3.665821792	0.430074
10.12_610.3599m/z	-0.407180921	1.092112681	0.43084
7.76_185.0100m/z	0.555309335	2.482810702	0.431103
9.15_129.0575n	-0.705474974	0.562212983	0.432757
9.83_143.0730n	-0.462038728	0.004034166	0.433069
12.47_250.9995m/z	0.274169624	5.177604368	0.433989
9.01_433.1132m/z	-1.692073604	0.079729498	0.434026
10.39_500.1809m/z	1.623848691	4.069077445	0.434144
11.16_423.1190m/z	-0.4939812	0.823090144	0.434322
1.19_632.7842m/z	0.408266533	2.053769852	0.434915
12.12_161.0953m/z	-1.390494121	17.0360031	0.435135
10.47_600.2761m/z	-0.711170103	0.049926883	0.435777
9.81_227.0375m/z	-1.638958884	0.028018996	0.435782
10.68_195.1025m/z	-0.272622608	0.105906681	0.436202
1.14_859.3062m/z	0.402369922	0.729030179	0.437043
7.57_317.1143m/z	0.367758208	2.395615167	0.437626
12.17_349.2578m/z	-2.026591328	7.016180736	0.437923
11.90_263.2366m/z	0.092710686	0	0.437959
11.87_619.3847m/z	-1.924764494	0.572517137	0.438029
8.39_309.0402n	-3.213820937	0.025015124	0.438975
1.76_260.0233m/z	-0.264169235	0.442915268	0.439076
18.72_554.7310m/z	0.464451029	4.862848522	0.439643
1.19_306.9188m/z	0.0668473	0.195429896	0.440757
1.16_1023.2370m/z	0.65128551	2.033110048	0.442138
1.18_192.9094m/z	0.708461949	2.540599972	0.443534
1.76_333.0938m/z	0.160518103	0.353890478	0.444076
9.09_482.0674m/z	-2.353665778	0	0.444724
7.39_401.0051m/z	0.507409178	1.707551198	0.446673
9.37_464.3011m/z	-0.468198801	0.854530109	0.44697
8.29_151.0394m/z	0.744405188	5.468933859	0.447299
11.35_341.1851m/z	-11.83042398	0.182407529	0.447841
8.67_119.0500m/z	-0.666729507	0.023193953	0.448248
13.82_585.4755m/z	0.467787902	3.719157673	0.449515
14.33_546.2809m/z	-0.158726992	0.511261788	0.449591
8.69_109.1005m/z	-0.555475099	3.425406251	0.449782
9.47_180.0310m/z	0.485218104	3.70667723	0.44999
4.67_218.1378m/z	-0.491748344	0.927312719	0.450742
8.78_209.0794m/z	0.356147289	1.891885063	0.450809
13.91_520.2651m/z	-0.180787201	0.465605789	0.451496
1.16_853.2679m/z	1.207101177	3.089025206	0.451604
12.15_378.2769n	-0.423595729	0.157931469	0.451991
14.78_660.3489m/z	-0.288693727	0.818579484	0.453129
14.00_1005.6549m/z	-0.282607065	0.83496649	0.453131
1.78_180.0666m/z	0.13667809	0.361946254	0.454679
1.16_989.2431m/z	0.682226809	1.932375	0.454754
9.72_245.0387m/z	-0.966539681	1.499611192	0.455066
13.72_993.6771m/z	-0.353406838	1.117806289	0.456503
18.14_393.2965m/z	0.12295613	1.060404877	0.456686
1.28_480.9991m/z	0.716524389	0.854638861	0.456893
13.62_665.2585m/z	0.629359386	2.091746667	0.456967
18.29_314.7833m/z	0.335540637	4.069041804	0.457078
12.91_313.2384m/z	0.198958454	0.123245398	0.459157
11.68_344.1002n	-4.015834083	0.212730147	0.459868
8.32_137.0589m/z	1.587562818	5.934726603	0.460009
18.55_178.9773m/z	0.440108457	6.638326926	0.460328
18.03_552.4003m/z	-0.390577939	0.95779476	0.463645
10.46_503.1326m/z	0.193237598	0.238539768	0.465031
10.39_428.2318n	1.845039737	0.041933284	0.465126
7.35_296.9795m/z	-0.2884975	0.462779259	0.465299
8.35_374.0227m/z	-2.660705041	0.124956109	0.465566
1.66_248.9481m/z	1.064602052	1.851613312	0.465876
8.70_422.0483n	-7.014758941	0	0.466404
13.26_516.2813m/z	-0.567590644	1.410334067	0.467176
9.09_375.1191m/z	-0.933620474	2.586676761	0.468639
8.36_120.0572n	-0.446146567	0.269361437	0.470667
6.59_465.9738m/z	1.019220993	5.427270089	0.470922
10.89_424.2815n	-0.863456377	0.638338257	0.471505
9.60_533.1290m/z	-1.614720528	0.262130989	0.472037
12.33_337.2378m/z	1.664988392	1.019936604	0.47221
10.63_611.3434m/z	-0.655227637	2.174121647	0.47229
8.41_308.1536m/z	0.389480523	3.611289721	0.472887
12.68_429.2639n	-0.188456647	0.070548887	0.473656
1.30_234.1575n	-0.291746765	0.469088591	0.475335
10.03_513.2293m/z	-9.032257664	0.093564209	0.476823
1.13_987.2942m/z	-0.577290997	0.823720587	0.476839
9.66_475.1934m/z	-1.262297951	0.336853366	0.476982
7.40_367.0987n	-0.374194211	0.865988734	0.477068
10.05_347.0228m/z	-2.596982829	0.137850128	0.477304
11.31_317.1010n	-10.20225181	1.279285155	0.477357
12.20_388.2608n	-0.29492257	1.461974507	0.479503
13.71_557.3201m/z	0.069968835	0.100907578	0.479857
9.32_479.2279m/z	-0.531030781	0.10660835	0.480055
8.59_541.2648m/z	-0.207545305	0.4344733	0.480425
1.16_955.2498m/z	0.7908242	2.946268684	0.480571
13.26_466.2933m/z	-0.107395867	0.33940106	0.481634
11.16_649.2483m/z	-1.798842833	4.968462277	0.48207
10.27_264.1582m/z	0.195653603	2.12653117	0.482619
14.40_461.2666m/z	-0.188035239	0.548900077	0.482833
9.61_440.1691m/z	-6.253024196	2.480684014	0.483974
1.19_422.8324m/z	0.284548888	1.041278003	0.48401
9.15_130.0658m/z	-0.72684148	0.430161609	0.485767
1.16_930.7856m/z	-0.293948141	1.124594333	0.486202
8.99_354.1182n	-1.425674778	2.116825361	0.487149
1.16_1031.2238m/z	1.209147707	3.846084574	0.487336
18.75_480.7174m/z	0.258452629	3.199506311	0.487837
12.06_335.2225m/z	2.826973982	0.304393132	0.488097
10.87_509.2746m/z	-0.476083809	0.297561708	0.488553
8.83_165.0553m/z	-2.252108609	1.312635156	0.489359
19.31_492.8036m/z	0.509506355	6.80113681	0.49124
9.77_599.2511m/z	0.449366527	0.959441171	0.491289
11.36_299.1154n	-10.89328439	0.443535875	0.491377
8.83_369.1396m/z	-3.437114029	0.574216425	0.492253
12.58_979.6035m/z	-0.531011361	0.777983645	0.493811
12.73_380.2567m/z	-0.229679177	0.147560876	0.493991
7.22_203.0017m/z	-0.480642329	0.198517397	0.494559
7.41_333.0176m/z	0.60848238	1.23710022	0.495113
13.16_859.5371m/z	0.725700499	3.216638198	0.495273
11.96_284.2950m/z	1.162256067	2.696311589	0.495912
9.86_296.1276m/z	-11.3536941	0.567423515	0.498
8.71_475.0300m/z	-8.115188311	0.111741295	0.500724
14.89_465.2882m/z	-0.224956745	0.142634933	0.501408
1.68_300.9878m/z	0.389728681	0.408201054	0.501447
10.10_179.0715m/z	-6.016074063	0.065917357	0.50181
10.95_467.2063m/z	-0.768542884	3.288378334	0.502665
12.31_270.3152m/z	0.269332011	1.486931631	0.503843
6.81_284.9307m/z	0.746626896	3.6076918	0.504992
18.93_484.7565m/z	0.399584302	4.362519277	0.506337
12.12_203.1059m/z	-3.002972665	27.30165496	0.506944
10.99_437.1605m/z	0.125205599	0.12887151	0.508372
8.70_477.1031m/z	-2.217010288	0.002462032	0.508508
13.68_690.2580m/z	0.389160185	1.474163813	0.509562
1.15_1037.2627m/z	0.42721372	0.443586527	0.510025
9.56_357.1084m/z	-0.832267402	2.359807858	0.510346
8.84_149.0417m/z	-0.45406686	4.278397105	0.513006
8.45_117.0903m/z	-2.477813194	20.17230771	0.514558
8.39_465.0521m/z	-6.370934479	0.842346831	0.514801
9.34_531.1842n	-2.247217682	2.764564987	0.515062
7.00_515.2616m/z	-1.033652121	1.070442633	0.515413
11.60_543.2531m/z	-0.78610283	0.970267303	0.516044
9.47_397.1133m/z	-1.79669462	2.043517492	0.516064
11.33_721.2104m/z	-0.939918572	1.18904001	0.517026
1.18_842.7333m/z	0.866005489	2.797043312	0.517432
9.32_333.1439m/z	-0.792791066	2.084466678	0.518849
7.78_333.0176m/z	0.438541127	1.576369168	0.520916
16.29_429.3175m/z	0.206136568	2.479274168	0.520976
11.79_348.1939n	-1.546451862	0.950913837	0.523175
11.65_239.0595m/z	-0.175458143	1.04072959	0.524101
10.07_352.0860m/z	-1.584354321	0.255457467	0.524255
19.01_197.9013m/z	0.436644458	5.310504674	0.524864
19.83_564.1950m/z	0.289226069	2.288628127	0.529176
8.69_355.1119m/z	-2.812858357	4.158405924	0.530158
9.60_143.0877m/z	5.043529896	12.05173525	0.530788
1.16_921.2557m/z	0.975540968	3.253050702	0.531792
9.09_349.0018m/z	-0.851850235	0.230725351	0.532055
1.13_1089.2753m/z	-0.876567439	1.372969212	0.534511
18.42_65.0143m/z	0.531366082	3.104670843	0.536181
9.34_462.1762m/z	-1.01105544	0.014749615	0.53747
10.35_667.2584m/z	-1.151376833	4.473658138	0.537875
13.87_861.5518m/z	0.74374732	5.181107995	0.53997
18.44_179.0093m/z	0.397738684	5.297976374	0.540415
6.61_397.9865m/z	0.415690112	1.56341599	0.541182
1.22_728.4242m/z	-0.251867542	0.865822892	0.543243
1.18_952.7015m/z	1.101993179	1.305575575	0.543479
12.27_282.2785m/z	1.126543668	0.117193234	0.545479
13.43_700.3067m/z	0.517180656	1.420886648	0.546497
1.76_152.0332n	-0.332903235	0.589246379	0.546787
8.29_469.1058m/z	-4.883805789	0.022308854	0.547925
12.12_277.1791m/z	-2.827664327	27.04870086	0.549641
10.95_210.1849m/z	0.747463992	13.59120056	0.551567
9.48_213.0224m/z	0.236559006	0.053110222	0.551996
10.39_349.0381m/z	-2.078643019	0.728674279	0.552719
10.27_352.9180m/z	0.645516687	2.695076686	0.554343
13.47_492.2488m/z	0.22845565	0.327784806	0.554532
13.94_502.2931m/z	-0.132860914	0.209780302	0.556452
8.50_185.0100m/z	0.437339567	7.060395394	0.556505
1.15_1181.2249m/z	0.493424633	0.361188387	0.558415
7.41_418.0204m/z	-0.714105788	0.007178831	0.558464
9.70_307.1051n	-1.027026228	0.56986687	0.56061
11.56_197.0096m/z	0.606639257	4.391653712	0.560903
18.32_224.0619m/z	0.647763152	0.263022967	0.560922
11.68_390.2768n	-0.752011479	1.82257317	0.560926
11.76_177.0919m/z	0.298289978	3.344208693	0.561313
8.51_381.1181m/z	2.571024117	0.34436894	0.561432
9.61_480.1614m/z	-10.73953714	0.364958816	0.562586
11.59_383.0893n	9.118985241	0.052830562	0.566836
12.57_512.2994m/z	-0.037715097	0.07347132	0.567228
18.79_335.8897m/z	0.461331152	6.31964726	0.568017
11.59_417.3178m/z	-1.004253601	0.446116973	0.56996
9.32_80.9730m/z	5.921700364	9.080097009	0.570286
8.29_93.0341m/z	1.719711965	4.51225658	0.570945
11.30_175.1476m/z	0.173856076	3.622032973	0.571092
1.12_979.3069m/z	-1.405777591	1.060360959	0.571526
15.29_297.0809m/z	-0.393521487	2.320382255	0.572653
9.63_429.1945m/z	-0.42839175	0.656000931	0.573035
8.39_330.0848n	-10.8529771	0.319182406	0.573339
1.12_911.3197m/z	-1.149645406	1.654545888	0.5735
1.30_217.0300m/z	0.176182889	0.09315768	0.575797
1.18_578.8695m/z	-0.174998993	0.250359518	0.5758
7.37_525.0337m/z	-0.889154927	0.549798636	0.576604
18.36_204.0039m/z	0.359385535	5.738133109	0.576818
7.78_237.1687m/z	-1.513492367	21.02242728	0.578577
9.83_350.1751n	-0.860030959	0.127414891	0.579284
11.46_138.0192m/z	0.447158125	2.168576902	0.581994
8.29_453.1559m/z	-0.696226093	0.42048735	0.582445
15.09_536.3696m/z	-0.420893845	0.885826199	0.583928
1.07_359.8705m/z	0.384598129	2.341353376	0.584874
9.78_498.2882m/z	-0.770914401	0.12179255	0.587003
10.96_349.2818m/z	8.886718378	2.27618243	0.587083
10.37_427.2245m/z	1.554928884	0.265719555	0.58729
7.76_381.0755m/z	-0.613846713	0.717237449	0.587564
10.53_627.3752m/z	-0.152995168	0.591734588	0.58931
1.68_435.0162m/z	0.711844954	1.936433979	0.589389
9.82_245.2164n	2.239385598	16.17149671	0.589406
10.04_435.0741m/z	-3.327009046	0.185684468	0.590662
18.32_346.8113m/z	0.405709618	6.797274711	0.590778
10.67_421.1541m/z	-1.631601956	0.321282274	0.592392
9.05_513.1101m/z	-4.413463961	0.132957586	0.593565
8.41_333.0071m/z	-0.949510622	0.659230782	0.594417
11.06_597.3637m/z	-1.565808103	0.849934684	0.595477
6.62_201.0092n	0.265618427	1.645672547	0.596083
10.67_529.2066m/z	-1.158177602	4.527185064	0.597095
1.20_574.6950m/z	-0.457451062	2.537607992	0.598116
15.24_668.2874m/z	-0.278781839	0.769400379	0.598474
1.19_936.6418m/z	0.759968826	4.53542998	0.600206
1.22_705.4588n	-0.238406225	1.136950891	0.600208
13.24_433.2357m/z	0.305920885	1.289199138	0.602393
7.47_378.9173m/z	0.717612115	6.747173658	0.602613
11.67_223.0632m/z	-0.191655081	1.862601575	0.604883
1.75_165.0052m/z	0.588334836	2.805491208	0.60518
8.49_647.2337m/z	-1.970739781	9.530531452	0.605919
10.10_681.3471m/z	-0.565417405	2.530889632	0.606257
8.98_340.0821m/z	-1.510703233	5.677557411	0.607722
1.79_291.0570m/z	1.162067694	4.176607942	0.610239
8.17_637.0844m/z	-0.443007108	0.402112933	0.610422
1.20_314.8609m/z	0.221338054	1.70705094	0.612193
11.71_325.2013m/z	-0.775619228	2.837734386	0.612228
10.83_649.3955m/z	-2.07656427	0.104002091	0.612304
15.26_184.0716m/z	0.216792827	0.738765688	0.61365
1.74_177.1016m/z	2.854266099	1.431420487	0.613741
9.11_394.1619n	-5.679827295	4.068907925	0.614392
9.84_606.1199m/z	-5.035279997	0.245246614	0.615518
0.14_112.9547m/z	0.214212034	3.329537981	0.618428
1.22_714.4466m/z	-0.426539979	2.695849975	0.619021
1.20_886.6283m/z	0.479126779	2.986080497	0.619853
7.61_171.1373m/z	-2.840118644	16.64611453	0.621842
9.39_341.1232m/z	-3.368532466	0.435150553	0.62234
12.79_135.0795m/z	11.10605501	0	0.622423
1.18_412.8466m/z	0.582597084	3.705688119	0.623366
12.96_396.3441m/z	14.82687686	0	0.624189
1.30_82.9538m/z	0.371852786	1.128130048	0.624259
9.83_547.1448m/z	-1.045624552	0.184062481	0.625335
9.06_330.0258m/z	-2.433243465	0.010930802	0.625569
7.40_416.1311n	-0.565170024	0.022837225	0.62912
9.51_339.1085m/z	-5.197907199	0.033185984	0.62935
9.05_383.1532m/z	-0.152158584	0.025076775	0.629409
13.25_568.2657m/z	-0.36682736	1.434043621	0.631521
6.62_565.1294m/z	0.271492662	0.234255469	0.63171
8.81_473.1449m/z	-0.834226098	0.609784016	0.63173
10.16_605.2378m/z	-0.531219065	0.362002223	0.632481
18.07_149.9256n	0.385620919	3.182652163	0.633705
10.02_378.3205m/z	8.067993643	5.917063909	0.634269
11.01_615.2457m/z	-0.49731506	0.248720896	0.634364
6.92_502.1175m/z	0.589322305	1.575057958	0.637197
18.72_486.7663m/z	0.475797171	8.609162002	0.637931
8.28_651.1004m/z	-0.492593578	0.091116257	0.638167
11.19_186.1253n	0.491886602	0.013634095	0.638178
6.60_416.9985m/z	0.804684851	0.937903343	0.638754
9.61_343.1392m/z	-3.576011051	1.047086049	0.640159
8.58_413.1418m/z	-3.706283261	0.122926542	0.64017
12.01_487.3419m/z	-1.064216097	0.389977909	0.64149
10.53_469.2257m/z	-0.780754091	1.778580545	0.643308
15.25_636.3493m/z	-0.130896292	0.354632758	0.643937
11.12_611.3797m/z	-0.312152775	1.015625279	0.645339
8.45_339.0963m/z	-1.195977047	1.933469091	0.648111
14.18_614.3462m/z	-0.159199105	0.059333132	0.650195
8.17_340.1031n	-0.941523796	1.646978656	0.651137
13.18_118.9252m/z	0.631619602	5.134752074	0.651397
6.56_250.1450m/z	0.45869882	4.35314163	0.652063
1.20_530.7141m/z	-0.404713166	3.576266024	0.654972
11.02_448.3060m/z	-0.8459931	0.310132867	0.654997
8.67_351.1543m/z	-1.168932346	3.529714493	0.655647
8.47_226.0178m/z	-0.960337745	0.281804003	0.656071
18.44_430.7973m/z	0.425281877	8.270220665	0.656101
12.17_300.2891m/z	1.569680699	12.38553624	0.656943
18.40_136.0149m/z	0.505959226	2.939574151	0.657378
13.24_712.2612m/z	0.25196035	0.781850648	0.657781
8.83_167.0346m/z	-1.410044828	0.801241223	0.658082
10.37_357.0612m/z	-1.130026611	0.46346807	0.658724
7.40_145.0615m/z	-0.786774045	0.582536611	0.660151
6.68_117.0555m/z	0.254787694	0.782516056	0.661417
9.83_555.1217m/z	-5.055978047	0.683497079	0.661791
1.22_718.4413m/z	-0.466209838	1.351083083	0.663861
9.27_564.1652m/z	-9.339734316	0.151859551	0.670743
8.73_409.2705m/z	0.492815874	3.094061177	0.671525
7.34_233.1029m/z	0.61960898	1.376030585	0.672421
1.15_1003.2691m/z	0.54391172	0.728825443	0.674297
18.09_59.9999n	0.295058486	5.325375812	0.674468
11.35_435.1340m/z	-0.911082262	0.359648772	0.677347
11.19_221.1180m/z	0.377226977	3.609306823	0.677377
1.20_424.8312m/z	-0.509505715	1.936978304	0.678324
13.47_520.3038m/z	0.235154333	0.831555554	0.680407
12.59_483.2943m/z	-0.821026219	0.426888093	0.681535
12.10_390.1095m/z	-5.406585494	1.070425267	0.681817
8.19_273.1244m/z	-0.754907496	1.988256212	0.68206
1.15_901.2877m/z	0.690286558	0.950898322	0.682615
7.31_378.9173m/z	0.646799382	4.616538315	0.683227
7.42_183.0297m/z	0.803079309	0.580354809	0.685681
9.23_631.2409m/z	-0.904406269	1.799154972	0.686052
7.74_186.1132m/z	-1.858731622	3.884772369	0.68674
11.03_563.2833m/z	-1.419088273	2.885939738	0.686912
9.06_313.0357m/z	-2.501513042	0.015836476	0.687203
18.06_269.2267m/z	0.326665435	0.164703325	0.688022
13.98_540.3011m/z	0.220542024	0.542227069	0.688092
16.28_239.1480m/z	0.290256501	3.02945648	0.69168
9.17_385.1675m/z	-0.39846435	0.131939519	0.69497
14.82_550.3506m/z	-0.206136078	0.321525326	0.69562
11.24_337.0739m/z	-7.590588229	0.790310766	0.695908
10.05_209.0091m/z	0.422467166	2.499898062	0.698114
15.49_822.6253m/z	0.43287072	1.964122189	0.700484
11.43_316.2843m/z	3.284015294	9.434981436	0.700598
6.65_130.0643m/z	0.65750056	11.00675296	0.700665
8.93_540.2568n	-0.181196463	0.124870413	0.703297
18.07_342.8541m/z	0.255275034	0.965792809	0.706748
12.32_453.2307m/z	-1.438468232	1.939328596	0.707846
8.67_374.1558m/z	-6.822114475	0.989119393	0.70802
10.70_163.0382m/z	0.309825746	7.332808637	0.708968
9.17_525.2700m/z	-0.297582381	0.103273767	0.709852
7.43_268.0073m/z	0.533956836	0.224021304	0.711179
10.27_311.1706n	0.181310607	1.019770672	0.711984
12.78_413.1950m/z	6.82937019	6.605329476	0.712057
9.72_457.1720n	-5.052604537	0.141746209	0.712142
1.15_969.2750m/z	0.616772713	1.797890562	0.714116
12.97_249.1498m/z	0.414746767	3.282803153	0.714811
8.71_481.0468m/z	-6.015025415	0.060489234	0.717234
10.86_469.2251m/z	-1.423622212	3.067894222	0.721231
1.18_910.7205m/z	0.953795873	3.845524292	0.723508
9.59_193.0149m/z	0.457991324	3.811203652	0.726863
6.60_633.1170m/z	0.635656345	0.311297267	0.726948
13.73_526.2924m/z	-0.200028016	0.315232711	0.727309
10.72_505.0413m/z	-0.822037921	0.205877388	0.727886
6.62_288.0420n	0.222646104	0.30051783	0.728242
1.16_1059.7452n	0.210864231	1.543394108	0.729878
6.58_469.0144m/z	0.834352795	7.386035621	0.729945
8.69_274.1317n	-0.515000745	0.828343741	0.731082
13.25_357.2783m/z	-0.55269561	0.246602341	0.73192
7.75_214.0332m/z	0.269023711	0.592045134	0.73584
11.35_283.1205n	-4.331956558	0.655413222	0.735879
7.80_153.0190m/z	-0.429841503	0.2722132	0.740399
8.99_331.1297m/z	-0.905618198	2.37133321	0.742094
12.64_393.2917m/z	0.169716333	3.238175112	0.743781
18.88_262.8571m/z	0.275880645	5.884256392	0.744378
1.36_197.1926m/z	0.860413477	3.435615668	0.748233
11.35_294.1134m/z	-9.328367222	0.786604447	0.750456
9.60_184.1144m/z	1.844794639	23.50098962	0.754905
12.01_549.2671m/z	1.33138418	0.019025895	0.757552
16.18_537.3778n	-1.827642903	0.359066615	0.758992
9.30_570.2493n	-1.166817959	0.990765881	0.768192
7.75_281.1007m/z	-0.232117749	0.105857357	0.772758
6.50_159.9854n	0.280146142	0.097468984	0.773163
13.44_552.3097m/z	0.124605077	0.096494917	0.773483
7.25_158.9781m/z	0.534765885	7.914720128	0.774668
11.46_685.2124m/z	-1.339774042	4.542358772	0.774846
8.71_445.1945m/z	-0.678198972	0.326646353	0.775167
7.77_152.0461n	0.242776241	0.71802857	0.775436
10.15_489.0460m/z	-2.350400999	0.380132728	0.776311
7.39_498.0944m/z	-1.259924953	1.392965535	0.776714
1.15_588.8978m/z	-0.076494554	0.103930914	0.780135
8.71_298.0719m/z	-8.04002395	0.018538848	0.781635
10.34_647.2378m/z	-1.52101404	5.029063925	0.781874
16.32_195.1184m/z	0.280363548	2.00066324	0.782339
1.28_486.9973m/z	0.747491124	0.083760883	0.788376
17.76_305.2477m/z	-0.772635884	1.736738035	0.79179
10.12_229.0535m/z	-1.753054572	0.238796339	0.793126
9.47_550.2437m/z	-0.967308717	0.753619611	0.797456
10.67_240.1002n	-0.276112987	0.057844064	0.797895
18.11_433.2354m/z	-0.394449675	1.289390206	0.79955
8.29_665.2438m/z	-1.371445025	8.695179999	0.802892
1.19_920.6640m/z	0.992697657	5.532482166	0.805917
13.70_480.3093m/z	-0.040093373	0.127445175	0.806524
1.18_978.7085m/z	0.964869391	4.254219663	0.808035
11.30_211.1688m/z	0.200401566	5.191520968	0.814196
18.07_319.8891m/z	0.412103227	2.773655334	0.81489
15.35_281.0498m/z	-0.426277129	3.008345602	0.817143
11.33_647.2354m/z	-0.939970713	2.851122913	0.817207
10.22_431.1351m/z	-7.912630386	1.513107842	0.817861
11.47_647.2332m/z	-0.984676186	3.450296788	0.819306
6.62_655.2267m/z	-0.315149179	1.047706047	0.820975
9.21_517.1347m/z	-2.49830393	0.521064295	0.821323
13.13_887.5580m/z	0.725467164	7.71804899	0.826663
18.42_188.0098m/z	0.457402071	8.95093711	0.830528
1.14_317.1148m/z	0.429412258	5.426019692	0.831844
1.68_410.9850m/z	0.522622985	1.199726376	0.832833
10.32_665.2463m/z	-0.811143301	2.436467894	0.834988
1.15_1113.2371m/z	0.738199822	2.83175303	0.835439
8.51_321.1302m/z	4.955969407	12.41979032	0.83707
8.70_344.1420m/z	-11.53450443	0.556225551	0.840893
1.19_844.6460m/z	0.59937611	5.124581025	0.841205
10.75_313.1191m/z	-0.692581713	2.264992271	0.848608
12.93_344.3153m/z	8.681387462	2.25720969	0.84914
1.19_290.8469m/z	1.405978095	3.950944868	0.849475
11.59_363.1054n	6.341629353	0.032277966	0.851824
18.93_128.9499m/z	0.270950217	5.739959634	0.853651
1.28_339.8965m/z	1.318435561	1.518514374	0.85469
8.60_422.1056m/z	-7.00723239	0.283928177	0.855041
13.06_390.2772n	-1.934258741	1.653515974	0.855847
7.40_331.0909m/z	-0.835115219	0.720581752	0.864018
10.12_469.2256m/z	-0.561438009	1.61411501	0.864691
13.49_357.2785m/z	-0.653454665	0.411826931	0.865398
11.34_379.0903m/z	-14.64204806	0	0.867108
13.30_588.3310m/z	-0.045316878	0.088305583	0.868389
9.32_127.0147m/z	6.529841854	6.719357901	0.86966
1.74_137.0455m/z	-0.574280822	0.045139302	0.871047
9.30_332.1369n	-0.507081433	0.721433872	0.872765
12.27_165.0918m/z	0.371455283	3.282493428	0.87384
18.90_412.7630m/z	0.253429586	5.158148941	0.874344
8.78_187.0974m/z	0.361735654	2.043222351	0.874889
8.15_381.1187m/z	7.698541574	0.025333131	0.880089
11.46_331.2837m/z	0.254597365	0.101155294	0.881997
9.71_502.1708m/z	-8.035579034	0.561108141	0.882057
13.48_623.4385m/z	0.182407716	0.284341723	0.882701
9.61_464.3011m/z	-0.804246447	1.2562277	0.882732
9.53_138.0193m/z	0.326496052	2.070899503	0.884871
10.88_224.0621m/z	0.600884863	0.457341354	0.88538
10.95_256.2633m/z	3.232394782	21.47331704	0.889632
1.19_674.7204m/z	0.475308372	3.984887645	0.892116
8.72_250.1447m/z	0.452815363	7.004356471	0.892537
1.20_251.9142n	-0.183196185	1.233396076	0.893993
10.35_511.2905m/z	-0.315133054	0.21470078	0.895866
14.58_233.1550m/z	0.260806156	1.622180332	0.897959
18.29_246.8853m/z	0.47447881	7.963998251	0.901117
1.18_1139.6705m/z	1.042603488	6.419320168	0.905491
9.55_321.0442m/z	-8.520457401	0.127393344	0.90985
10.46_435.1453m/z	0.159412794	0.245171759	0.911314
9.65_388.1914n	0.233875905	0.281734206	0.912396
1.15_935.2814m/z	0.965092361	4.199109788	0.914773
1.68_216.0245n	0.322744796	0.436683883	0.917918
14.79_624.2965m/z	-0.469073834	1.586391812	0.918378
1.22_680.4701m/z	-0.483090082	4.251094429	0.920596
1.18_396.8718m/z	0.56699949	6.892952921	0.920701
11.92_370.2950m/z	-0.382894719	0.521619671	0.926809
0.85_146.8977m/z	0.484324882	4.753267593	0.927104
16.23_554.3820m/z	-0.412424281	0.722191446	0.931572
9.84_493.1334n	-11.16465526	0.404969186	0.93343
17.27_415.2523m/z	0.509171059	2.091065906	0.93354
9.81_436.1381m/z	-12.12687851	0.358606212	0.934529
8.26_663.2310m/z	-1.31229902	6.846538811	0.936071
8.29_385.1686m/z	-0.288067609	0.031374645	0.939913
8.45_274.1316n	-0.581170067	1.077642058	0.940746
8.05_79.9569m/z	-0.508480732	0.472241247	0.942092
0.32_159.8931m/z	0.417075417	6.494821522	0.942701
8.39_398.0720n	-8.374734932	0.603732636	0.943846
10.89_288.2524m/z	4.899818096	26.68785862	0.944342
13.99_975.6458m/z	-0.091043598	0.170473025	0.94506
11.01_621.2330m/z	2.287106216	4.690778773	0.946473
1.19_896.6567m/z	0.631486606	5.728785903	0.94893
1.20_230.8995m/z	-0.315748556	2.848308456	0.949631
11.81_389.2691m/z	-2.208801014	4.160479845	0.950103
18.66_180.9731m/z	0.401337817	4.41048044	0.958535
10.96_399.2191m/z	-0.371381593	0.856052001	0.962888
11.68_446.2910m/z	-0.802613605	0.697430989	0.964697
6.61_304.0135n	0.363988063	2.507808336	0.965944
1.15_1121.2245m/z	1.463088905	3.749702008	0.970531
10.88_427.2152m/z	-0.46199274	0.346510591	0.973037
10.72_185.9941m/z	0.323582703	3.535923482	0.974478
9.72_529.1614m/z	-9.322299091	0.015052997	0.977681
13.72_1013.6528m/z	-0.153054067	0.683652171	0.977951
15.31_149.0220m/z	0.136214062	1.605572836	0.979604
10.05_649.2485m/z	-1.424978268	4.043698995	0.984032
14.55_616.3620m/z	-0.202983487	0.346123042	0.985488
19.78_452.8114m/z	0.481692737	4.282445158	0.985731
14.80_595.2877m/z	0.184347408	0.141081609	0.987809
8.17_317.1140m/z	-0.793033881	1.890745523	0.98816
1.15_868.2939n	1.251556427	3.661635156	0.992228
8.71_302.0898n	-10.87854443	0.742170288	0.995454
10.66_415.1495m/z	-1.33867556	4.534041941	1.00058
11.18_567.3164m/z	-0.814836046	1.182182192	1.00152
1.22_832.3621m/z	-0.831282331	1.96451823	1.00313
9.60_502.1707m/z	-6.947766605	0.40510162	1.00471
9.82_454.1484m/z	-8.908661276	0.051731334	1.00729
8.83_245.0124m/z	-2.106748465	0.269414735	1.01426
1.79_307.0346m/z	0.34841587	2.961530854	1.01549
12.39_285.1362n	-1.236351393	1.029671724	1.01656
1.30_215.0331m/z	0.190623913	0.085439486	1.01728
8.76_460.1789m/z	-10.33723249	0.390981119	1.01909
1.22_860.3166m/z	-0.392340419	1.547762623	1.01924
9.27_526.2484m/z	-0.536244012	1.990154084	1.02109
14.41_625.4544m/z	-0.325158863	1.061551329	1.0228
10.67_647.2332m/z	-1.368716258	4.722697994	1.02394
10.09_224.0620m/z	0.740817787	0.419969611	1.02615
13.24_581.3214m/z	0.260121884	0.80818862	1.03237
1.76_357.0311m/z	-0.158800535	0.260679287	1.03239
12.79_119.0852m/z	8.589232236	4.103110186	1.03597
6.59_407.0440m/z	0.690610308	4.802873885	1.03929
9.24_513.1669m/z	-11.59681637	0.150818377	1.04113
9.63_413.1999m/z	0.161323872	0.205537747	1.04172
18.29_160.0146m/z	0.440765903	7.726158747	1.06194
18.12_457.2351m/z	-0.734258109	3.007090533	1.06279
8.91_593.3335m/z	-2.302931201	0.154063341	1.06354
8.67_199.0070m/z	-0.592709885	0.023278255	1.06394
15.47_815.5780n	0.155910124	0.571599525	1.06451
8.37_599.2508m/z	-1.113821877	2.1525168	1.06525
9.48_832.2394m/z	0.254705726	3.951950715	1.07003
14.38_436.2825m/z	-0.232144698	0.396713774	1.07225
18.07_130.9657m/z	0.415583006	6.288415457	1.07556
10.18_471.2408m/z	-0.894942878	1.453910374	1.07568
1.12_766.8576m/z	-0.821104206	0.899757005	1.07914
1.22_708.4560m/z	-0.514514311	3.686451238	1.08302
1.09_242.9431m/z	-0.510281656	3.535203544	1.08561
1.74_204.1228m/z	-0.225879864	0.588845137	1.08606
11.03_495.2957m/z	-0.58773646	2.178053703	1.08664
11.24_513.3051m/z	-4.830325647	0.147534646	1.08767
5.57_166.0855m/z	0.269481048	1.800099534	1.0911
15.57_640.2921m/z	-0.090792233	0.1954803	1.09374
10.30_160.9992m/z	0.390511307	3.976097614	1.09475
1.18_326.8862m/z	0.508337461	5.980646886	1.09649
7.50_215.1247m/z	-3.163929799	15.98375244	1.09996
15.31_205.0853m/z	0.192943216	0.997294107	1.10096
1.19_256.9028m/z	0.746825745	3.859800032	1.10141
9.10_438.1529n	-2.292721243	0.542476885	1.10278
8.39_414.0549m/z	-7.34785471	0.249828063	1.10513
12.40_309.1710m/z	-1.162959949	7.359421181	1.10519
1.28_305.9175m/z	1.205241396	1.346418975	1.11046
11.97_218.0105m/z	0.329109426	5.725641221	1.11176
8.40_345.1549m/z	-7.797262743	0.402048261	1.11221
18.88_408.7863m/z	0.283034539	6.066884907	1.11749
7.35_446.9930m/z	-1.084007107	1.181964895	1.13036
12.75_562.3149m/z	-0.116349968	0.091123756	1.13156
16.23_485.2883m/z	1.936521395	5.085961644	1.13356
8.27_407.1173n	-7.275723497	0.256674497	1.13449
11.51_270.2074m/z	0.268069125	3.181560972	1.13449
9.24_541.0083m/z	-0.846282829	0.198454979	1.13483
13.72_258.0605n	-0.359453787	2.00633632	1.1412
11.29_290.2086n	-1.376435214	12.35433707	1.1504
6.57_181.0714m/z	-1.401652023	1.863231885	1.15243
1.19_854.6751m/z	0.739887675	6.935291241	1.15355
1.18_1194.6138m/z	1.386320372	5.766970874	1.15616
10.67_665.2438m/z	-1.107373736	4.556895109	1.15877
9.05_462.1765m/z	-0.910428652	0.254777605	1.16334
15.09_580.3612m/z	-0.392193887	1.486875663	1.16498
1.19_836.6998m/z	0.762454517	5.4650124	1.16713
1.77_279.0355m/z	0.380471904	1.677702126	1.1683
19.06_273.8632m/z	0.394457449	7.379792089	1.1694
1.19_881.6882n	0.763743404	8.123151966	1.17159
8.17_345.1549m/z	-10.33890923	0.514278574	1.17345
13.36_528.1768m/z	-2.20353461	7.462323175	1.17422
1.17_996.7289m/z	0.489547219	6.209634601	1.1748
11.49_301.1197m/z	0.985109955	8.962043906	1.17552
18.24_234.8192m/z	0.473599339	4.090502273	1.17933
12.66_455.2464m/z	-0.969342243	0.851770727	1.18462
1.19_812.6938m/z	0.65187797	5.343927684	1.18884
1.47_143.0941n	-0.598335147	0.567641715	1.19056
11.41_218.0104m/z	0.353388297	4.783361779	1.19445
1.22_707.4774n	-0.404147425	2.772982754	1.19754
9.22_266.0182m/z	-0.432884495	0.215581715	1.19925
11.35_250.1238m/z	-6.465132025	0.113921204	1.20342
11.61_405.2639m/z	-1.627148393	2.952479816	1.20662
11.21_493.2432m/z	-2.438029764	0.10353386	1.20867
10.40_478.1971m/z	1.283336263	5.404983531	1.21658
18.07_147.9299n	0.422089452	5.741724381	1.2174
18.90_195.9111m/z	0.258608618	6.196576345	1.21777
8.67_371.1506n	-12.98627814	0.464632449	1.21843
18.02_797.5892m/z	0.527590655	2.387228855	1.2207
1.19_862.7063m/z	1.050166719	8.026538238	1.23067
6.65_188.9863m/z	-0.425111168	0.168601233	1.23481
1.76_128.0352m/z	-0.305105065	0.442994752	1.23525
12.38_391.2848m/z	-0.502593578	0.187761326	1.23725
10.56_550.2446m/z	-0.80163239	0.904258942	1.239
18.49_144.9424m/z	0.413382256	7.489635984	1.24502
18.06_132.9229m/z	0.347816239	2.258315122	1.24663
15.50_837.6160m/z	0.215261258	1.135865233	1.25725
11.24_420.0367m/z	-6.905250424	0.114865034	1.25751
11.33_363.1076n	-11.76563404	0.311734166	1.25889
8.05_107.0501m/z	-0.470279588	0.617493076	1.26024
18.12_371.3146m/z	0.220364247	3.425013178	1.27512
11.33_653.2226m/z	-0.853864532	4.045043904	1.28068
1.19_670.7724m/z	0.534971291	5.411037334	1.28833
1.22_673.5092n	-0.404356956	3.926208357	1.28877
14.91_619.2883m/z	-0.122443323	0.44398109	1.28967
11.60_361.1075n	8.014092107	0.060272635	1.28988
11.68_395.1892m/z	-0.372847713	0.373618567	1.29289
7.17_195.0874m/z	-1.614173331	1.933178553	1.31381
1.37_146.8651m/z	0.859819477	3.049754934	1.31801
18.38_136.9988m/z	0.472266061	6.170895083	1.3214
9.10_439.0693m/z	-0.76554999	0.205452007	1.32626
15.48_804.5499m/z	0.099123911	0.051542042	1.32958
12.80_586.3151m/z	0.178719669	0.119176122	1.34204
18.71_165.9022m/z	0.408758058	7.1194139	1.34498
10.57_414.2992m/z	-0.747260699	1.267272605	1.34983
1.19_794.7189m/z	0.965508476	8.153066298	1.3569
0.24_160.8918m/z	0.518034142	8.731269958	1.36515
1.79_201.0381m/z	0.221773076	1.714667772	1.36691
1.17_1174.6830m/z	0.669711902	5.491066474	1.36813
1.22_785.3937n	-0.515370584	3.884619176	1.37143
12.10_322.1229m/z	-6.401120594	0.036552188	1.37425
9.16_259.0105m/z	-0.617084867	0.512550515	1.38507
6.62_430.1615n	-0.238018179	0.073129928	1.38526
15.25_508.3401m/z	-0.19369844	0.522275495	1.39488
9.03_158.9781m/z	0.504395381	6.655307165	1.39567
12.17_472.3179n	-3.740298176	1.747904612	1.40278
8.19_393.0254m/z	-1.618805155	0.832109893	1.40734
18.85_389.8083m/z	0.443865416	7.312183982	1.40772
11.07_471.2412m/z	-1.146064749	1.100105663	1.41674
8.17_308.0559n	-0.491576351	0.132915709	1.41943
1.17_350.8937m/z	1.595858765	1.621880209	1.42533
15.89_594.3777m/z	-0.263267925	0.648862976	1.42695
1.19_642.7687m/z	0.681878339	5.558107003	1.43446
5.90_392.1197m/z	0.541260656	0.289875016	1.43523
8.70_430.0499m/z	-10.44981849	0.574648404	1.43867
1.19_754.7354m/z	0.677696987	7.67848649	1.44237
7.38_364.0468m/z	-0.77280044	1.217882266	1.44577
11.01_301.1192m/z	2.03647671	8.809617871	1.44934
18.28_214.8587m/z	0.412784622	8.381037186	1.44956
13.24_632.3182m/z	0.233558005	0.823492018	1.45378
1.20_173.8753n	-0.619105435	4.410774454	1.45625
1.18_942.7208m/z	1.153474535	5.472022287	1.46951
1.45_352.9965m/z	-3.853116031	4.174298721	1.4809
9.83_539.1633n	-4.455157173	0.300772101	1.48121
7.89_345.1551m/z	-6.971479059	0.271042684	1.4964
9.96_193.0149m/z	0.49810177	5.410423449	1.49933
8.30_315.0632n	-0.525480813	0.215442614	1.50201
10.33_597.2352m/z	-1.616398069	4.690906646	1.50264
13.49_391.2851m/z	-0.325936125	0.850312964	1.51291
18.99_390.7956m/z	0.407284647	7.582657867	1.51869
9.73_513.2016n	-7.116980583	0.217462881	1.52533
13.40_476.2782m/z	0.08787304	0.07203866	1.53973
11.41_351.0546m/z	-8.206354731	0.395413265	1.54119
7.50_178.0509m/z	-0.845426658	0.942691519	1.54435
13.71_612.2608m/z	0.147228319	0.580278801	1.54532
10.10_613.3593m/z	-0.502068452	2.264702177	1.55376
6.61_294.0591n	0.448516095	5.210146529	1.55808
11.26_246.9049m/z	-0.754723235	0.666135761	1.56893
1.36_90.0314n	-0.523018744	1.778048769	1.59614
18.54_102.9482m/z	0.411026307	7.05864015	1.59805
1.17_266.9332m/z	1.106216479	6.656928337	1.6004
1.20_286.8609m/z	-0.621031026	4.970575636	1.60527
11.61_323.1401m/z	7.052947294	0.520650749	1.61404
16.40_838.6259m/z	0.22617983	1.182149821	1.62026
11.26_244.9077m/z	-0.765764153	0.678577643	1.622
14.39_1017.6877m/z	-0.330278306	1.328021358	1.62758
11.02_631.2406m/z	-1.290822901	2.384249791	1.6311
18.07_174.9557m/z	0.399959792	4.930961235	1.63959
8.70_414.0669n	-6.665507046	0.249889055	1.65869
15.36_558.4373m/z	8.047857947	3.815501632	1.66753
6.57_179.0574m/z	-2.013144679	0.969622946	1.6753
13.47_910.6243m/z	-0.842977349	0.091428131	1.6782
1.17_418.8813m/z	1.208253517	5.464163035	1.68104
15.57_463.2825m/z	-0.5089237	1.698663935	1.68227
16.44_816.5854m/z	0.229207753	1.073735775	1.68289
1.33_158.8456m/z	0.545345266	5.09801017	1.69412
1.20_288.8579m/z	-0.636993655	5.230367195	1.70145
11.67_449.3140n	-0.199582564	0.115738348	1.70833
9.32_155.0463m/z	5.943217743	13.08066821	1.71163
19.02_245.8690m/z	0.4071451	6.658688164	1.71928
18.67_163.9284m/z	0.483465613	6.03341434	1.72225
17.81_804.5501m/z	0.095597752	0.202032749	1.74679
18.11_133.9992m/z	0.365317926	3.892522072	1.75388
1.82_130.0872m/z	0.471120921	1.91999799	1.76547
17.48_487.3614m/z	0.346139959	4.661549483	1.77457
1.19_319.9017n	0.443825255	4.335848057	1.7845
17.62_257.2456m/z	4.007981645	7.946245659	1.78987
13.50_528.3090m/z	-0.12085998	0.262641148	1.79628
13.87_770.5714m/z	0.803627151	3.336741131	1.79791
1.18_722.7828m/z	0.939555017	7.149113101	1.8022
13.26_526.3143m/z	-0.134195217	0.465642585	1.80877
1.17_334.9209m/z	0.911668508	6.95564058	1.81454
12.89_194.0824m/z	0.368455085	4.961554704	1.81714
13.45_1131.6713m/z	-0.331730595	0.789440718	1.84567
12.10_221.1545m/z	-2.990424506	29.08852332	1.87126
11.03_405.3446n	4.700101235	16.74958488	1.87854
1.19_338.8665m/z	1.344546818	5.766488629	1.89187
13.43_1043.6163m/z	-0.382641355	0.914927159	1.89234
1.18_1050.6914m/z	1.231914972	7.815453358	1.89341
17.82_96.9585m/z	0.235189594	0.830196296	1.92542
14.08_609.3211m/z	0.304351852	2.626519738	1.94397
1.31_366.1084m/z	-1.385249083	2.164752191	1.94429
1.04_174.9560m/z	-0.395463259	2.354945366	1.94481
15.92_800.5457m/z	0.226305882	0.29448352	1.95962
8.70_346.0800n	-8.979138595	0.165284991	1.97254
19.10_196.8948m/z	0.382686047	8.353418867	1.99687
15.40_797.6067m/z	0.393445538	3.461579603	1.99789
16.28_336.3269m/z	-0.747539638	4.964782457	2.00717
0.09_146.9381m/z	0.389268749	3.560940603	2.00827
6.62_226.0721n	0.262453067	0.823199972	2.0576
9.21_308.2191n	-3.291835307	14.70704209	2.08335
18.53_320.8858m/z	0.431633229	8.142136421	2.08681
10.65_459.1398m/z	-1.020655577	4.167417647	2.13345
1.35_61.9885m/z	0.281751215	2.131718311	2.13567
16.67_790.5727m/z	0.193411663	1.267610261	2.14117
12.11_236.1052m/z	-3.094658772	29.07480965	2.14171
8.45_171.0661m/z	-2.305577972	23.92851566	2.14802
1.22_270.7974m/z	-0.456358015	4.440423708	2.17759
14.41_526.3504m/z	-0.217825374	0.629838633	2.20242
0.13_195.9129m/z	0.464979521	3.823512266	2.20747
12.01_481.2804m/z	1.168527574	0.468468715	2.23134
18.76_262.8581m/z	0.412549115	6.962298669	2.23484
10.45_367.1588m/z	0.131021402	0.184982414	2.27931
8.05_397.0029m/z	-0.579148945	0.633958268	2.35345
16.54_902.5174m/z	0.487653625	2.197330928	2.35793
18.03_816.5854m/z	0.302749877	1.258735704	2.3633
13.88_100.9330m/z	0.520230292	5.134091578	2.38394
11.83_392.2919n	-1.39970464	0.426618923	2.38839
13.93_640.2581m/z	0.648119163	4.923130274	2.3923
10.24_181.0152m/z	0.400848518	7.096143075	2.40556
1.16_706.8074m/z	0.931425091	7.463821731	2.52901
13.70_540.3315m/z	-0.044698906	0.125672445	2.56261
1.16_112.9854m/z	0.414538603	7.952779666	2.56715
17.54_902.5179m/z	0.582854224	2.946698701	2.59544
7.36_212.0025m/z	-0.438528236	0.583021839	2.59991
1.18_610.8169m/z	0.745368172	6.934073138	2.60501
15.95_731.5425n	0.309224667	0.95380149	2.639
13.43_612.3310m/z	0.149127164	0.209246304	2.6479
14.62_149.9941m/z	0.300163188	0.908104526	2.65912
9.32_182.0716n	2.897955787	17.53712903	2.66678
18.29_199.8505m/z	0.370273874	6.880529657	2.68198
8.73_346.0802n	-10.66669301	0.277137475	2.68674
9.60_181.0153m/z	0.455483583	6.364177595	2.69808
17.69_233.1545m/z	0.480039965	4.098383138	2.72225
18.03_742.5730m/z	0.265202641	0.909054535	2.73083
14.94_398.2427n	0.206046985	4.502471881	2.74558
10.55_449.3136n	-0.843792242	0.304785462	2.81529
10.27_243.1833n	0.200250733	2.340911363	2.85723
12.11_361.1627m/z	-3.185645736	25.7900402	2.86205
14.91_902.5186m/z	0.611515713	3.819940106	2.93964
8.09_428.1895m/z	-11.03597511	0.314507269	2.98336
11.87_457.2083n	-7.445572356	0.091975792	2.9908
12.30_205.0852m/z	0.237629535	7.130753608	3.00774
9.06_246.0560n	-2.833164417	0.031452613	3.03197
18.02_779.5440n	0.098147172	0.337883698	3.09856
13.99_557.3203m/z	0.178412114	0.573586344	3.12749
12.77_459.2015m/z	7.288090989	2.070816679	3.13194
7.40_264.1111n	-1.11499833	2.402974319	3.17621
1.76_168.0287n	-0.138560247	0.369177676	3.22528
15.09_750.5431m/z	0.496658432	3.633483656	3.23017
18.01_833.5913n	0.317929104	1.615725458	3.27401
0.10_96.9598m/z	0.389209971	7.219679087	3.28284
10.55_528.2632m/z	-0.733557402	0.951325185	3.31715
13.81_359.3152m/z	2.854458606	7.242164584	3.32766
13.44_500.2778m/z	-0.198689909	0.423393776	3.33752
15.44_765.5309n	0.438755912	1.360909138	3.39114
1.17_348.8951m/z	1.285065796	7.101387794	3.50028
13.88_116.9282m/z	0.414307719	5.268487787	3.5299
13.96_563.3029n	0.338932447	3.183128602	3.63383
1.16_180.9730m/z	0.475437984	8.165396206	3.73697
18.85_278.8525m/z	0.45024959	8.878131696	3.90566
10.07_301.1407m/z	0.274587956	7.947563865	3.96833
10.15_421.0593m/z	-2.251012388	0.012564795	3.98012
18.02_829.5572n	0.245191345	2.149391744	4.24005
18.03_818.6001m/z	0.416332587	2.946422213	4.37165
1.16_1128.7088m/z	0.905628617	7.313986129	4.37624
1.31_367.1051m/z	-1.304796662	2.423225723	4.3944
15.46_789.5637n	0.319849291	0.910939583	4.45756
1.17_264.9343m/z	1.016975478	7.784272574	4.47171
15.38_843.5531m/z	0.689733847	2.404156702	4.48402
14.75_554.3461m/z	-0.330053754	0.83753716	4.56473
15.47_817.5940n	0.398546454	3.183310713	4.7712
15.24_568.3626m/z	-0.231368067	0.670089813	4.8224
18.03_832.5810m/z	0.175519939	1.043597191	4.87581
19.08_78.9589m/z	0.373069959	7.71828503	4.87794
16.28_556.5284m/z	4.243273452	6.163514478	4.89492
11.24_335.0593m/z	-10.78954115	0.080649382	5.05418
18.03_792.5866m/z	0.31877971	2.061451756	5.26375
14.40_566.3470m/z	-0.070199208	0.183138533	5.33653
13.50_588.3314m/z	-0.139292867	0.307236776	5.34214
12.11_293.1759m/z	-2.851260553	23.9518613	5.42484
18.67_194.9049m/z	0.445943247	8.375105579	5.50779
9.73_445.1917n	-7.634715231	0.659260507	5.55072
16.17_770.5704m/z	0.513363141	2.451864967	5.63361
1.16_400.9088m/z	0.635705704	7.869180737	5.93391
1.17_332.9218m/z	0.874543157	8.565833644	5.97181
11.86_435.2274n	-7.527671535	0.025490149	6.11587
13.47_504.3092m/z	0.221333547	0.788884801	6.2335
1.16_316.9482m/z	0.342964929	4.315038005	6.32401
1.34_162.8390m/z	0.67318305	5.751830487	6.47071
15.00_793.5584n	0.446795693	2.861031368	6.50784
17.45_369.3509m/z	0.308018957	2.032016544	6.51007
13.20_356.3521m/z	9.837535867	10.75865777	7.03553
1.16_248.9609m/z	0.419662027	6.601069194	7.45471
15.74_484.4713m/z	14.76894061	0	7.79113
15.48_779.5435n	0.371513877	2.045283403	7.7986
11.92_301.2980n	4.502223785	33.25041208	7.98009
10.96_318.3001m/z	6.492912597	15.20728761	8.48565
16.43_771.5770n	0.248423237	1.259343669	9.51424
16.40_761.5852m/z	0.366230099	2.009881901	9.89513
16.43_834.5977m/z	0.317760152	1.830931297	11.2697
17.76_540.5337m/z	15.39757258	0.442016659	12.2668
10.90_273.2669n	3.875382894	39.2834608	12.2956
16.44_810.5986m/z	0.214399692	0.954293759	12.5631
12.79_414.2038n	5.913954225	14.43902391	14.8312
16.39_512.5026m/z	8.316176379	13.96194841	16.8755
13.47_564.3314m/z	0.226275508	0.921184439	17.228
16.41_786.5989m/z	0.291169779	1.629277863	19.2212
16.42_805.5604n	0.246429815	0.685709233	19.3308
16.40_757.5616n	0.239570157	0.50538908	28.111
